Centroid X µm,Centroid Y µm,DAPI: Cell: Mean,CD34: Cell: Mean,CD31: Cell: Mean,CD4: Cell: Mean,CD8: Cell: Mean,CD21: Cell: Mean,CD68: Cell: Mean,CD38: Cell: Mean,HLA-DR: Cell: Mean,CD3e: Cell: Mean,CD79a: Cell: Mean,Ki67: Cell: Mean,Bcl-2: Cell: Mean,MPO: Cell: Mean,CD20: Cell: Mean
3053,3336,969.5571,0.0286,0,99.6143,0,87.3286,1046.0571,0,362.7286,92.9143,0,27.8429,3102.1143,2.2286,1812.3572
3059.8,3337.5,1053.4518,7.146,0.0248,601.8981,24.1763,43.8512,2062.8982,60.135,426.3747,781.5372,55.0689,85.1846,2676.3472,48.8237,1128.2727
3070.1,3338.2,959.0271,0.1924,0.0054,272.8482,0.0461,41.8672,1839.0054,10.7859,417.2385,208.9404,33.7967,56.1924,2279.1274,53.477,1539.4038
3046.4,3338.3,1157.7803,0,0.011,231.6813,0,105.1758,927.9011,0,502.4725,289.2088,1.2198,58.2308,3139.9231,0.5165,2025.1978
3051.5,3342,1046.715,3.0483,0,631.3768,2.1449,75.6618,2655.2319,44.3913,566.1256,807.2947,96.4831,233.6328,2861.1692,59.8164,1423.5072
3042.3,3344,1375.8595,18.9324,0,647.4919,17.5649,39.9108,2433.0352,115.0351,418.2946,672.9919,138.0486,1755.6594,2458.1189,119.373,1118.4784
3065.3,3345.7,687.6545,0.0091,0,373.1,68.6864,29.1409,6563.6455,17.9955,452.4727,336.4591,3.3091,42.2682,1981.7909,363.6864,653.6863
3044.2,3351.4,761.335,0.5764,0.5172,308.3498,256.8965,15.1724,2387.394,22.2315,351.9261,362.4286,39.867,808.5024,1666.8621,40.4631,720.069
3051.3,3351.1,787.5476,1.0556,0.0794,304.8413,787.4643,17.6468,2382.8293,16.1944,336.6508,591.0317,27.5159,100.75,1328.2262,173.496,463.873
3030.7,3350.7,1015.2109,7.8163,0.0204,464.636,40.2823,47.881,2699.3298,71.3027,610.3231,400.8946,75.6769,223.0068,2349.2788,78.3673,1765.7551
3061.3,3353.8,458.7898,35.4886,28.9886,182.1193,31.4034,7.8239,2039.4091,0.1761,189.9034,195.1023,7.0795,15.3125,1629.4546,22.0341,253.0625
3023.4,3356.2,892.2415,1.5881,0.0057,494.7131,3.5597,30.6676,2117.4688,41.3693,337.5767,410.5284,25.4744,70.2188,2590.6904,77.429,524.6364
3013.1,3360.5,716.5375,2.575,0,619.1375,2.45,14.95,3328.7251,27.525,287.6125,727.9875,12.475,78.625,1536.5375,44.3875,299.825
3044.4,3360.8,903.8792,3.8214,0.4533,334.0687,17.8791,13.2692,3104.5247,19.6511,245.6511,242.8517,16.478,58.1951,1752.1154,17.9341,372.6236
3024.8,3361.5,656.5238,4.9714,0.2857,484.9905,26.1333,11.6571,1944.219,41.019,250.7524,320.8571,32.2571,73.1238,995.1905,515.5143,385.3714
3070.2,3362.2,669.5365,26.03,31.4421,340.2146,1.0172,10.4292,4852.2017,7.7639,188.8755,220.0858,1.4163,30.5708,1559.2618,85.073,435.7511
3058.1,3363.9,516.4612,314.8857,207.2612,280.8245,14.3143,12.0082,1722.7142,46.9918,103.8082,181.9592,34.6776,34.8694,1807.4775,67.2327,142.7959
3014.3,3365.9,954.4447,1.5553,0.0094,585.6941,20.6988,30.5882,2907.9553,34.0424,412.3718,679.5765,35.8965,71.1459,2080.0894,221.7671,705.88
3047.3,3369.2,662.1035,104.2931,187.1035,483.4483,6.4655,19.3276,3208.1035,69.3966,181.8621,236.4138,38.4138,103.6897,2309.1206,107.7931,155.9828
3000.5,3370.1,825.0367,5.4771,0.0459,715.578,10.8991,27.4587,3896.4404,82.8991,697.2844,568.5229,88.9174,263.3486,2088.7249,75.9541,1075.101
3036.7,3370.8,577.496,0.2441,4.7559,89.1811,0.4724,4.1339,1222.0315,0,109.4803,51.4724,2.1024,17.5669,1066.3464,1.8976,258.6693
3057.1,3371.7,724.5536,29.4048,1.744,807.506,15.2619,21.4107,2628.1965,101.3452,242.1548,250.0298,48.0536,59.0595,1820.6666,121.2917,328.9048
3008.9,3374.3,1069.4598,7.2344,0.0134,1036.5178,178.0692,40.1027,3923.2188,88.6049,621.7523,1043.163,75.5067,247.6317,2137.5356,92.8103,1316.0692
2900.4,3374.5,911.3627,7.8627,0,1499.0883,11.0294,107.098,5232.4512,134.6373,855.6765,1850.598,97.098,91.0882,4375.7061,150.049,2847.696
3042.4,3374.6,856.918,29.3574,19.1967,453.4,4.9541,13.7836,3039.6523,76.5705,263.6951,364.882,69.9377,385.6,2247.3345,111.8689,470.1639
2924.9,3374.9,1148.1942,16.6043,1.9856,672.0287,476.8705,60.705,3681.2949,111.4209,780.7806,1486.6115,53.5683,81.0719,2603.0181,897.8921,1240.3921
2988.3,3375.2,1220.2043,25.7864,0.0093,1106.7771,411.3344,26.0155,3728.1733,131.5666,445.6192,1312.6626,82.0217,115.1145,2595.1331,224.3375,546.2879
2914.8,3376.7,888.6842,9.4127,0.0748,805.3601,4.4598,42.1219,2224.5068,33.723,513.8698,997.6343,31.2133,55.9889,2327.6094,36.2715,1583.0609
3026.7,3376.8,1092.7426,13.9851,3.9653,448.0446,2.4257,28.3218,3604.1584,67.6634,235.5049,382.0544,101.604,62.6782,2363.8169,56.5644,423.3911
3052.5,3376.7,944.1134,15.4227,0.5206,909.7165,142.7474,45.3763,3831.6545,136.0515,382.3918,422.9588,77.3969,87,3401.2473,164.5155,691.5154
2999.7,3377.5,837.0562,8.6908,0.0522,775.8313,378.3775,28.0683,2660.4258,91.3775,641.514,855.6466,129.5863,420.6948,1613.0522,262.3695,1178.0682
2969.5,3378.2,793.5117,1.6822,0,257.9457,5.3178,6.7364,1571.031,44.907,250.5504,271.3954,63.6279,1331.9612,1516.9922,33.7209,529.1628
3046.7,3379.1,983.9216,14.1373,0.1046,651.1895,45.0523,33.1961,3194.438,136.2288,569.0654,477.451,120.9542,210.9085,2549.6929,124.7516,1448.0785
2985,3379.9,1131.58,19.4533,0.0133,563.0133,1295.0934,29.0067,3175.5801,84.8067,377.3933,1530.4534,46.1467,76.3533,1921.9534,46.4733,623.84
3068.3,3378.7,793.0654,13.2159,0.0653,687.7244,491.9829,32.9006,4148.875,109.8011,377.9886,864.3864,97.9801,51.0256,2099.2444,265.2244,979.6506
2905.4,3380,862.1324,2.9861,0.007,694.0836,1.5714,54.3763,7074.5225,50.338,591.6655,382.5958,54.4251,69.5227,2896.3867,83.7213,1886.7108
2891.6,3381.1,776.4905,2.2089,0.0538,887.481,16.4399,44.9905,3091.9336,26.5981,523.4304,1114.3671,20.0791,47.8418,2222.8164,113.3513,1357.6298
3005.5,3381,938.6539,6.0288,0,894.0673,36.7692,19.9038,3498.2307,88.9904,484.0769,840.6154,76.9231,100.2115,1669.4712,506.5481,914.2596
3056.1,3382.2,795.028,19.9302,0.0615,1042.9358,223.2095,61.0587,6840.5449,140.229,730.3352,682.3296,85.3631,74.5279,3228.5027,131.3156,1154.1899
3021,3382.3,1063.8832,10.6168,0,634.8942,5.5073,33.1569,3031.0876,67.6569,248.9489,475.8504,56.8321,70.354,2556.2336,113.9343,436.916
3031.7,3382.4,796.2441,12.4695,1.4155,415.7347,6.6925,23.4108,3009.5469,40.6808,215.0329,480.007,31.1714,52.0211,2232.5635,57.5845,387.7887
3062.4,3385.1,815.5763,16.5537,0.0508,677.6723,119.1921,36.5989,3106.1978,119.2034,440.0452,443.9661,73.6441,62.4689,2112.1921,744.5367,1313.2373
2965.1,3384.1,1151.1158,13.7774,4.2195,443.9268,170.8354,33.747,1839.3414,120.1524,396.4512,1167.9238,111.0031,597.1768,1602.7256,107.8933,733.5549
2924.6,3384.8,991.9894,7.4613,0.162,1218.0071,283.9296,49.2007,3158.5881,86.9401,513.662,1456.9049,90.2923,252.8803,3211.3345,225.9754,1198.5809
2953,3384.8,783.7724,6.5448,0,511.5103,370.6276,37.8172,3076.731,107.1103,609.4586,1052.8655,100.8862,109.1759,1605.4,50.2517,1467.0138
3044.7,3385,1051.6295,20.2072,0,896.9562,60.012,51.3028,2798.4741,163.7291,764.5259,1424.2909,134.8765,89.5657,2014.9243,121.506,2050.769
2993,3385.2,1038.0293,4.4499,0.0147,693.088,842.0636,22.9169,3067.0537,51.8704,475.2298,1033.7189,39.0611,73.3912,2040.4547,477.4768,511.6235
3002.5,3386.5,867.9331,2.5317,0.0211,741.4648,10.912,15.7817,9036.8418,45.4965,404.3521,511.9648,26.2746,73.2676,1966.1373,940.2711,541.1761
2873.5,3385.5,929.3426,0,0,234.6759,55.6481,16.7222,2159.0278,13.4722,570.1574,274.9167,22.6944,778.4259,1812.3148,15.0833,1374.2314
2976.3,3385.3,1063.109,15.1295,0.0341,429.523,296.1942,35.3066,2098.5349,110.6882,594.7121,787.506,166.0903,832.9387,1937.9966,97.3816,1242.649
2882,3386.2,1035.9791,3.5284,0.0179,376.3284,449.9134,51.2955,2209.0447,48.3463,365.0209,779.3373,35.8388,88.7582,2494.9165,35.0269,758.5433
3012.5,3386.4,921.0814,4.6237,0.0305,579.4169,5.8237,21.1763,4436.3423,53.1627,411.4373,382.7424,26.8949,63.739,2243.2644,1033.4305,693.9492
2939.2,3386.3,707.4163,1.6124,0.0072,542.3062,123.9474,48.7703,1874.9258,33.4785,502.39,582.7488,48.0526,528.4211,2028.8732,36.8828,1527.1388
2905.2,3387.3,744.049,0.0559,0,342.2168,1.035,68.7972,2257.1887,6.0559,1021.2098,382.4685,18.979,48.7203,2776.9302,24.4406,2855.2727
2893.3,3389.6,704.0701,1.8727,0.0234,422.3714,2.0442,35.9948,2908.9871,47.9506,350.8649,302.1039,37.4727,55.0571,2335.7014,64.9662,797.2156
3032.2,3390.7,919.0959,15.887,0.0822,479.3836,12.6678,34.6884,3236.5205,116.4931,464.7842,371.4109,104.7945,79.9384,2943.5273,118.0445,1087.1028
2968,3391.7,1161.5797,19.8647,0.0193,586.5217,189.3768,73.9807,2738.3816,161.628,848.9517,826.5991,206.4251,1067.1111,1894.9613,773.0773,1675.9662
2871.7,3391.5,1280.3094,26.4943,0.0377,611.6038,776.3925,51.8981,3636.6528,143.0641,664.7585,1134.9358,107.7321,554.4905,3086.6189,102.3094,1190.0642
3048.1,3391.7,928.4908,17.8313,0.0491,678.816,209.4172,77.9387,2803.678,142.4478,733.5736,804.3681,190.5337,700.8405,2287.1074,149.1871,2245.3345
2983.3,3391.8,879.3776,11.3363,0.0767,730.9026,92.2006,55.2006,2964.2241,126.0973,1185.767,845.1121,156.9322,315.6224,2001.6047,155.0383,1800.3392
2863.5,3391.8,964.2798,9.7477,0.0138,512.3716,35.0413,88.867,1970.5459,100.2248,781.5321,439.9587,175.4128,1514.679,3173.9634,86.1606,2395
2918.8,3392.1,741.7093,0.1744,0.093,212.8837,15.6628,26.7849,1723.6221,0,611.0756,276.0058,3.5407,44.1395,3103.436,21.9302,1637.6105
3018.8,3392.6,1068.4436,6.1381,0.0233,874.6012,39.107,30.8969,3898.1265,69.0389,399.3482,552.4669,104.428,65.6245,2144.7549,350.6148,768.6615
3071.3,3392.6,881.0106,63.2074,1.9043,383.516,16.5053,10.4574,2456.3457,98.4681,184.6383,300.734,84.7287,57.6277,1541.1543,106.6755,422.633
3062.8,3393.4,598.2985,8.6791,0.0821,400.1269,12.3806,16.8657,4398.918,64.8582,427.1269,296.6567,66.791,44.4328,1442.194,76.5299,1155.2612
2948.8,3393.6,846.3301,7.0631,0.1505,696.3447,554.733,32.4757,2410.6165,66.8641,302.9272,934.7719,31.7136,54.8252,2305.2717,91.9466,493.6796
2931.1,3393.9,837.4621,0,0,371.6818,33.5076,15.0758,1802.2878,3.053,368.4167,350.5303,11.6818,702.6894,2142.6365,8.2727,1024.9091
3040.2,3393.9,1202.7689,23.6483,0,612.9379,64.7552,103.1897,2511.7793,166.3138,1288.5104,675.4793,295.9483,933.0793,2626.2517,175.331,3675.6379
2960.6,3394.4,1032.3922,11.4471,0.0431,803.3216,72.8588,41.4,3557.4038,102.7647,534.0784,500.4275,53.5882,98.6039,2461.4392,384.0902,582.2471
2924.6,3394.4,910.0607,2.1417,0.4777,513.4575,18.9879,39.2308,3026.1619,21.3725,474.9595,353.7611,23.4008,80.8866,2166.7773,143.9312,1151.5142
3008.7,3394.6,730.2727,0.3636,0,377.9697,0.7424,6.9697,3374.3789,9.5606,323.606,277.5,27.3636,54.8939,1324.9395,2332.2576,590.4243
2993.3,3394.2,1204.9899,17.401,0.066,602.2589,740.1929,32.1015,2714.1877,132.7462,351.2437,1151.269,87.731,108.7107,2161.5889,385.0406,469.6447
2940.5,3394.8,901.8607,2.1357,0.0036,523.2393,174.3036,22.4714,1924.1215,28.0964,370.3036,652.65,18.875,71.0714,1905.7285,140.4429,699.3857
2897.6,3395.2,647.5708,0.2968,0.032,169.2237,0.105,26.3653,3044.6987,2.0411,822.8447,198.8356,31.8082,32.1553,2173.79,6.8539,1767.484
2905.9,3395.2,706.9713,3.0036,0.0216,368.3957,5,45.3345,1913.3021,72.6295,959.6403,440.1043,167.5755,550.8993,2078.5647,155.5683,2533.4963
2986.6,3396.9,792.8367,6.7483,0.0884,471.0272,75.517,33.4422,3507.3062,98.3673,701.3129,706.9592,149.4286,79.5714,1704.9592,144.9864,1525.8368
2855,3397.7,948.493,4.8404,0.0305,397.6033,324.0047,64.5446,1311.0916,67.3685,548.0845,1058.4624,66.5869,404.6103,2116.5024,46.3685,2064.6245
2953.3,3397.9,937.7513,1.7047,0.0415,621.7617,250.9171,35.9067,2514.741,40.4611,342.0259,694.6373,15.5855,69.3679,2536.0208,84.9845,577.0104
2862.2,3397.5,936.7414,0.569,0,339.0862,27.9655,72.9138,1661.8448,21.1379,849.3104,389.431,72.4655,1496.6552,2675,30.9655,3283.5688
3033.7,3398.1,1098.9341,25.6527,0,582.7665,24.7545,61.6766,2452.1917,158.7545,979.2934,517.9401,305,1222.1377,2645.3953,170.8743,2752.3174
2999,3398,1167.6295,21.9157,0.1054,727.9759,274.6566,53.8765,3012.8252,161.9277,467.4127,703.009,218.9307,475.259,2949.6929,383.6837,1140.5511
2884.2,3398.7,793.7977,0.6947,0.0611,587.0534,43.0267,29.7748,1399.939,12.916,400.2176,1038.4695,24.126,265.916,2335.729,13.3015,911.5725
2874.4,3399.3,943.4803,4.5818,0.0166,298.352,173.3395,20.0745,1971.5693,41.2505,335.677,478.6418,57.8468,63.2857,1544.9772,40.294,687.0394
2978.4,3400.1,834.7029,10.4455,0,483.4554,40.2277,79.9307,2259.3367,121.7525,959.6832,573.3168,206.1287,1359.5347,1898.495,141.8713,2738.3464
2924.3,3400.5,706.5167,2.25,0.1833,403.3,38.0333,84.5,3531.3999,57.05,898.7667,467.0333,110.6833,286.4667,1737.5167,134.85,2539.2334
2972.1,3400.4,1019.7186,10.9967,0.0497,869.6689,221.3311,35.798,4198.5229,126.043,1080.1622,870.6556,104.7219,406.8377,1869.9039,139.4305,1836.245
2902,3401,597.5815,0.8794,0,237.6099,1.4043,31.3972,1302.0568,6.7092,732.2411,308.5107,59.844,210.8652,2053.5249,11.0142,1844.4894
2961.3,3401.3,722,1.9204,0.1327,676.2301,301.7434,28.0885,2969.6814,87.9115,485.6195,568.1682,29.115,52.3186,2252.9734,176.7611,984.6725
2937.7,3402.6,1052.2413,9.2931,0.0966,1158.4242,392.8965,63.2862,3176.7173,104.7655,887.269,1436.8621,90.1931,85.1897,2639.0862,268.6759,1457.0104
3007.4,3401.9,1097.9323,19.8194,0.1032,574.3839,1064.0452,30.7742,2593.0806,137.2065,404.7935,1312.1548,84.071,122.0194,2149.8032,482.3032,651.7613
3039.1,3402.7,1236.3773,39.4528,0,597.6274,20.066,71.9151,2375.8726,156.7076,785.4293,644.5849,385.2594,1770.5566,2584.2075,156.3915,2284.9905
2987,3403,1115.4905,29.0996,0.0153,535.2222,43.5747,111.0153,3826.498,158.8353,1216.7969,643.1188,298.6552,154.364,3685.613,182.1111,3155.4482
3015.8,3403.4,1079.0339,6.5508,0.0678,611.6949,648.2458,30.9915,3631.3601,73.4958,336.5339,849.9661,29.6314,80.4068,1958.4194,77.5678,479.3644
3064.9,3404,567.9916,62.1667,37.225,287.125,285.5083,7.5083,3516.8333,32.1417,131.6417,665.0084,21.7,38.9417,1182.7833,58.0333,272.6083
2919.1,3404.2,745.7537,5.4522,0.0441,574.7831,393.1618,45.0772,2115.7207,79.8529,806.228,882.9559,147.6176,83.6397,1954.1729,317.0551,2246.228
2847.1,3404.6,652.5046,0.1157,0,323.3935,4.7639,20.5231,830.2269,12.8426,401.6991,719.7454,6.6667,36.4213,1454.3102,6.4491,1392.1528
2946.5,3404.2,1431.5448,19.969,1.5069,1692.5482,1058.538,95.0069,6520.5791,208.4276,1091.2,2381.4448,127.7207,471.9793,2792.3103,861.7069,1713.5138
2954.6,3404.9,1050.0248,13.8762,0.0297,1003.1881,1309.2228,51.9653,7772.416,197.0743,2781.3318,1831.4604,75.5446,140.104,3432.5396,1581.4406,1537.6534
2997.2,3405.1,830.7374,6.3788,0.0303,1193.0505,31.7222,51.5556,2212.803,106.9646,652.2929,1245.0555,185.9394,270.0555,2156.7273,188.3737,1556.207
2910.3,3405.3,816.4276,5.7273,0,407.8317,121.4882,51.5421,1869.1582,101.9731,1017.5253,589.5185,182.8182,268.8754,1821.5994,158.9327,2838.2524
2860.5,3406.3,1031.0602,22.7753,0,1257.2721,445.9905,61.7658,2087.2246,141.1266,636.6646,1225.405,157.3608,406.6202,2771.1709,118.4304,2209.1296
3033.8,3407.4,1053.2853,23.2945,0.0245,521.0889,26.9479,90.7393,2281.9172,145.1718,1068.4816,573.7362,310.365,1434.0399,2420.4355,150.6933,2802.2239
3021,3407.3,787.2814,11.4762,0.013,736.6061,195.2381,13.658,2929.4329,84.368,281.7922,606.6407,58.6364,90.0476,1443.1948,82.7359,413.5195
2982.7,3407.4,1155.7924,22.3716,0,519.4099,193.5246,55.377,3175.3552,170.0437,680.3224,1195.1093,141.8852,164.6557,2656.4973,139.3552,1516.9945
2993.5,3408.8,834.0981,12.2761,0.1104,709.7239,33.3374,52.0123,2906.6748,115.8896,681.1779,703.4111,234.092,438.135,2115.8835,133.2331,1435.9203
3048.1,3407.9,637.6382,330.1759,169.2714,435.8995,12.8492,29.8794,3161.4924,68.1156,271.2513,249.3618,39.1658,66.4221,1999.2965,83.1608,613.1055
2852.9,3409,1240.4773,23.6136,0.108,783.7955,1201.1023,57.9091,1766.2443,143.6875,463.6818,1978.8296,110.1364,190.4034,2675.7556,81.5739,1359.7273
2970.2,3408.4,1380.4536,29.8969,0.1615,1054.0034,294.5189,109.543,4001.6013,227.7045,1494.5121,1344.1512,226.3471,294.787,2561.1375,171.1237,3337.0068
3027.8,3409.2,1204.9723,30.1621,0.0514,792.5613,85.9526,108.7589,2526.7036,178.7154,928.1858,798.1028,232.5573,947.9644,2229.6008,178.7273,2249.8933
2941.4,3410.2,953.7946,7.2132,0,772.1822,372.1124,60.5543,3747.7869,126.2558,811.1008,1066.2791,143.7752,658.938,2852.1123,136.376,2065.5232
3008,3410,1222.7626,16.2758,0.0552,627.3237,319.5923,36.9041,2975.4341,127.9472,495.6523,708.9568,168.3573,860.5084,2347.168,244.0959,790.5875
2877.8,3409.8,504.1167,0.1367,0.01,116.5433,0.0533,8.79,1071.6433,0.0067,227.5533,50.03,14.34,7.41,1561.08,63.3867,605.4067
2978.4,3411,1499.6256,40.1826,0.0046,577.3516,1008.1324,74.8356,3234.5754,213.9954,996.4201,1696.3882,180.6941,246.4475,2110.7261,138.4977,2095.0229
2952.7,3411.2,847.6531,6.0561,0,609.6224,181.2092,70.699,2817.5205,127.4286,1543.7551,729.7041,175.2959,509.7806,2808.6938,346.8571,3452.7705
2900.2,3411.8,1112.0675,17.3742,0.8497,478.0061,107.9847,76.7362,2294.9141,307.3436,680.0491,522.2117,298.5675,105.1196,2276.4172,112.9141,1571.9386
2961.6,3412.2,1274.8297,18.2755,0.0279,551.3653,471.2415,65.6873,2546.8669,138.9319,867.161,894.8978,152.3684,144.0588,2512.5264,143.5851,2495.613
2933.2,3413.4,875.2604,2.6328,0.0104,396.0469,55.1406,36.1667,3142.2031,42.5859,659.2396,408.3021,67.7266,247.4688,1951.3672,54.6224,1797.9922
3042.5,3413.9,783.8596,106.0167,5.2609,305.3612,11.2709,19.9298,1984.6121,81.99,237.6589,261.1906,49.3478,71.4983,1530.8562,68.7759,543.5753
2911.8,3414.3,1281.5233,12.0546,0.0257,441.1573,433.1685,42.7287,2097.3386,137.3756,591.5955,702.435,191.7271,1202.7126,2175.3113,187.7817,1482.5651
2967.8,3414.9,1755.0226,54.3446,0.0565,890.4011,1630.4858,108.3333,2590.7515,229.4633,736.8418,2059.3389,228.5593,185.2881,3013.531,171.3107,1924.2147
2850.4,3415.2,1073.2441,1.8953,0.0271,535.8682,644.8876,41.3256,2837.1821,39.5155,387.3333,1133.8954,21.0271,63.5504,2390.2249,31.845,943.2635
3059.4,3415.2,787.5555,2.8472,0.3472,1138.0834,32.9722,30.0139,8655.25,109.8611,582.0972,1043.9028,34.9306,49.2083,1667.8334,78.6667,1460.2778
2923.2,3415.4,811.7904,9.1048,0.0742,369.7773,13.0153,28.3952,2406.2664,79.2576,554.631,363.4061,99.5218,294.4869,1577.1813,300.8799,1321.1616
2993.7,3415.6,1036.9875,25.3223,0.0579,979.3636,52.719,66.8554,9673.5078,160.4669,1207.1199,710.4669,201.0083,414.0083,2909.624,143.876,1701.4421
2890.2,3415.9,729.3355,0.3947,0,729.0329,0.3882,18.0066,3828.875,3.875,1194.0658,463.6776,28.0132,49.6184,3012.283,300.2434,1201.9276
3065.9,3416.3,1072.3246,20.3132,0.0113,1060.0377,22.1849,12.3245,7946.6338,119.034,254.8226,982.6906,78.7623,65.9774,1667.0076,94.3283,301.6943
2975.9,3417.2,974.6054,17.0324,0,472.6324,258.7135,70.2757,2213.6487,122.1243,727.2108,689.6703,270.7405,436.427,2005.1351,131.227,1869.9243
3023.1,3417.3,808.486,16.972,0.0151,338,213.0645,24.2645,1342.0494,92.6387,291.1484,565.2946,118.4796,613.5398,1324.6172,85.4559,682.486
3004.7,3417.7,1345.5563,21.8632,0.079,774.6991,1320.9119,49.4103,3136.4619,142.1277,577.6353,1576.0669,142.4498,780.2006,2785.6626,112.2553,1051.1398
2998.8,3417.7,1192.7933,27.9008,0,1017.8347,111.0909,63.6942,12949.3145,210.0248,1656.7025,938.281,164.0331,656.5455,3417.9255,163.281,1362.5951
3050,3417.9,689.087,8.9348,0.0348,360.8174,177.0739,12.5,3345.0305,77.913,247.5739,325.887,61.5913,55.3522,1523.6522,153.0826,484.4391
2863.2,3418.4,1109.1062,1.5251,0.0056,687.9525,23.2626,17.9302,1289.3296,13.9106,403.7514,451.2039,33.0335,92.6844,2151.9106,9.6676,1100.2235
2844.7,3419.4,783.8043,0.1413,0.0652,604.2283,196.0217,15.337,5830.0435,19.0109,560.087,875.337,31.3043,44.1957,2002.5326,36.1848,784.7935
3059.5,3421,1008.7488,25.2069,0.2512,972.5369,599.4729,22.7241,5853.5762,175.7882,385.4975,1012.0591,81.3793,68.5222,1924.8768,123.8867,725.1724
2953.9,3419.8,712.1517,5.4313,0.5308,227.7014,43.8483,46.3744,1253.3792,43.5261,444.3792,316.3223,53.9289,72.7915,1219.929,47.128,1510.6208
2894.6,3420.4,845.2532,1.2468,0,508.9778,86.9146,28.3481,1892.943,21.3703,664.2342,412.8481,27.9873,268.8639,2071.6487,50.6709,1271.0159
2833.2,3420.2,702.4836,0.6148,19.5738,233.8115,26.9344,17.5164,1095.4918,3.8689,419.6393,214.5328,28.6311,88.582,1792.6394,2.9754,1074.3689
2970.5,3420.7,1087.729,11.5355,0,1077.2388,410.5484,63.1548,2158.3677,135.3355,598.6323,1664.7032,162.4903,193.3548,2263.5549,90.8194,1584.3678
2910.3,3421.3,866.402,11.4948,0,348.732,400.9588,32,1952.866,107.732,404.5155,731.1752,118.5258,255.0619,1812.0413,114.8969,940.5154
2856.7,3421.9,1349.981,6.2698,0.0095,582.0032,20.4825,28.7016,1622.8889,70.0476,341.2413,477.1143,38.4317,100.5556,2347.0159,38.2032,657.8984
2883.2,3421.9,687.6356,0.1073,0,480.4435,45.8785,15.7147,2089.4717,10.6102,391.0311,394.4435,34.7542,78.017,2036.2599,143.0254,807.4237
2983.3,3422.1,845.4048,13.9429,0.0048,412.3762,76.4667,37.1214,1940.4429,102.9762,729.8167,557.6762,275.3047,483.6619,1575.5667,102.6452,1775.0381
2994.7,3423.9,978.4106,18.9937,0.0846,612.4765,27.1912,47.5956,3611.2476,126.7994,911.6301,631.3198,165.6144,163.1442,2609.8904,137.2163,2081.0784
3070.2,3423.4,1185.1433,14.828,0.0753,695.319,9.4946,17.6523,9047.9678,116.7025,301.1649,575.957,62.129,95.6344,1580.9104,112.7742,524.0896
2965.7,3423.4,993.1035,1.5747,0.0977,339.9885,5.6494,20.5862,1884.5977,29.2011,364.6322,376.7701,99.092,289.5919,1380.069,26.4885,888.2012
3054.9,3424.1,745.7818,4.8364,0,625.5455,72.7455,29,2451.5637,83.2727,321.6364,583.9454,59,62.4727,1833.509,101.4545,767.1818
2905.3,3425,669.6552,9.1954,0,309.8314,10.6552,31.4559,1318.7969,81.682,475.9004,307.6054,109.9885,101.2299,1973.0575,69.682,1207.0115
3008.9,3425.3,1136.2279,9.1392,0.0084,737.7552,924.1434,22.173,2269.405,79.2616,426.5359,1264.0928,51.1688,83.3797,2188.8018,39.6329,709.1224
3041.7,3425.3,1015.3255,28.816,9.1604,332.5802,240.934,12.8396,1745.0425,116.5047,305.0047,833.8491,88.0802,87.3113,1060.0896,112.5047,627.1934
2853,3426.8,798.8195,4.6361,0.0237,281.574,46.7811,9.2219,2059.4143,10.4941,263.0237,221.6361,3.8402,46.2249,1731.642,14.2485,450.7426
2831.5,3426.1,1040.8807,0.947,0.0596,330.2914,333.3046,36.3311,1695.7748,28.5629,521.2583,555.9404,30.894,72.8543,1796.4702,20.2252,1063.649
2874,3426.5,664.6216,128.429,16.5135,274.2703,26.6318,6.4662,1175.9629,46.4257,194.6487,392.6047,37.4257,132.2973,1079.4561,45.1926,402.5034
2975,3428.2,718.1214,0.5286,0.1357,670.4214,188.1357,34.4214,11269.7568,46.5,934.1643,706.9214,87.1214,500.9,1799.9214,44.5929,2015.4214
3062.2,3428.2,785,5.9247,0,1518.7671,28.5822,49.4521,4734.8696,99.2123,767.7672,1543.4795,68.274,161.3836,2634.4109,82.411,1649.3287
3053.3,3429.3,932.2167,2.6996,0,421.2472,17.6844,23.057,1972.9696,40.8669,397.2129,406.1103,92.5057,95.2548,1635.8326,57.9125,807.1673
2966.8,3429.3,1100.8462,9.5487,0.0103,442.1898,3.641,15.6205,6139.0156,79.4615,406.3846,372.5026,112.6667,1219.9897,1664.5641,85.7846,636.6821
2987.9,3430,917.9462,21.9308,0.0423,1416.1116,68.7654,70.6269,2274.2654,151.3769,1081.9615,1889.1154,166.8692,193.4731,2888.6116,136.15,2808.6038
2837.8,3430.5,1057.933,2.7741,0.0131,530.1487,130.6895,62.0773,1724.4563,45.812,448.6414,499.9082,38.0408,584.4534,1964.4796,45.5437,1065.895
2999.3,3430.3,702.5276,0.7423,0,397.2883,2.0245,41.5644,2147.4663,9.4969,985.6687,426.7669,22.4233,67.9571,2497.8896,27.9939,3067.8406
3045.2,3431,1282.1818,21.2364,0,535.0637,78.6545,21.85,2134.5818,105.5273,348.1909,928.3727,86.6091,152.9227,1692.5909,134.6364,663.8954
3071.6,3431.8,817.5922,0.4128,0.0221,373.0983,1.7764,11.8845,3032.7913,15.2015,476.0516,299.0884,43.8452,59.6658,1292.8059,14.5749,1410.4127
2879.3,3431.4,762.6923,5.4089,6.9271,299.7247,36.6883,12.919,1540.1255,62.0121,286.1458,312.4413,124.2632,1448.5142,1451.6316,77.9433,702.5587
3033.5,3431.9,980.4965,15.4111,0.4365,412.6928,18.7898,19.0716,1501.3441,77.2148,319.3857,491.1663,84.4527,136.7806,1441.6189,65.2356,638.2841
2847.8,3433.5,685.957,0,0.0278,146.7418,0,6.7722,520.4253,0.0633,228.1772,128.2,10.3975,37.9114,1639.8,0.7291,676.3342
3058.7,3434.1,1132.1666,13.5972,0.0625,964.1667,671.0417,35.9861,5326.2915,129.4097,469.7222,1644.6459,118.1875,405.4236,1826.3125,109.9861,1012.4305
2868,3434.4,696.955,6.7568,47.7658,396.1351,46.5721,59.4369,1428.5946,73.9414,591.6802,369.9324,42.3423,79.2973,2344.9414,85.4099,1456.0586
2890.5,3434.9,951.7273,23.4504,0.1694,1232.1777,511.5992,38.2603,1371.8389,116.1901,236.6157,1652.124,101.1942,68.6405,2661.9546,88.5868,350.7314
2970.4,3435.6,1044.562,10.5785,0,412.062,55.7252,19.1798,3257.6736,81.6963,448.4525,381.9174,171.905,2354.8718,2024.4338,108.2562,1080.4628
3054.4,3438.2,1288.0531,36.1726,0.1858,897.5443,1773.3009,44.3186,4204.6108,166.823,404.4292,2288.3408,95.0177,98.6549,2664.5132,193.7832,531.8141
3030.6,3437.8,929.0444,2.1,0.0667,280.9667,7.0444,30.3667,1792.2222,36.4889,365.1444,268.2778,31.8333,73.3444,1960.4222,47.6667,999.4667
2960.4,3438.6,1079.6183,24.9301,0.3333,324.4946,195.6559,30,1524.7795,126.4462,370.7527,530.2366,111.5484,155.1344,1372.9893,95.4032,680.3333
2934.8,3438.6,866.0359,18.5928,0.1138,630.6587,200.988,32.7126,4162,129.6108,567.0898,567.6227,90.3473,60.6407,2345.5029,87.7186,1392.5449
2879.1,3438.5,864.1531,15.7273,0,360.5454,19.0957,49.7655,1868.8182,114.2392,793.8278,420.7656,191.9091,126.9904,1882.3684,107.4928,1470.8278
3066.4,3438.7,725.485,2.7186,0.0778,418.7605,8.0778,13.7665,7056.4492,34.2814,581.2934,377.5269,57.3533,61.982,1519.9042,46.0299,1367.3712
3001.9,3439,892.478,5.3078,0.0459,359.3996,13.5067,23.7533,1839.8049,60.8853,384.7266,433.7323,66.2275,227.7706,1877.0287,63.4417,838.9694
3043.1,3439.8,1047.6588,1.8321,0.0456,603.6642,4.1314,29.8449,2603.115,19.4161,409.9617,509.458,53.1204,196.9745,2165.478,38.865,1007.7354
2871.6,3440.7,765.9006,11.7019,0.0435,547.323,6.6273,59.3975,1539.9069,100.8758,624.3013,370.4752,84.7391,113.587,2883.6677,114.9814,930.5435
2920.9,3440.1,612.4678,7.2807,0.1754,434.8246,37.7076,35.0175,1882.772,127.0234,652.0526,389.8012,61.9825,63.4094,2470.3274,79.1228,1434.7076
2950.6,3440.5,593.6588,2.246,0.0794,214.0079,8.0635,7.4762,1090.5238,44.1746,200.8968,233.2857,97.1587,198.1032,847.8571,63.7698,395.5794
2888,3441.1,1012.6965,14.7413,0.0597,576.8358,84.7512,33.5871,2043.2488,118.607,506.3433,628.7164,221.4677,701.209,1839.5074,159.6169,745.4179
2991.5,3440.9,772.7719,2.3835,0.1505,362.2476,18.7233,20.7136,2453.8203,50.1699,479.9223,340.9854,56.8107,182.1311,1752.7039,61.5728,655.0146
2964.6,3442.3,738,12.8228,0,253.0633,284.5063,9.1392,1412.3291,78.1266,224.1392,489.3165,139.9747,554.8481,1216.9493,106.0253,495.2658
2899.7,3441.6,873.5925,10.8302,0.2679,712.551,688.1849,39.4717,2753.8906,122.7283,470.517,620.7585,76.7887,57.6151,2935.0793,277.5962,677.1094
3026.6,3441.9,1239.7382,13.0418,9.9359,331.4652,137.4707,35.7772,1729.4429,58.2591,525.585,454.6992,59.9749,101.727,1532.2953,56.1114,1408.2284
2858,3442.2,700.0643,10.135,0.0868,519.8842,8.4019,103.7363,1468.2444,109.7749,1025.8071,470.0739,81.0129,61.2251,2911.4856,119.8006,2983.3215
2939.2,3443.6,941.6696,16.5487,3.1445,571.3363,152.7168,14.0442,2763.469,94.413,303.0177,453.2478,85.5516,67.4041,1368.9823,116.41,389.3953
2880.7,3445,890.8547,15.2735,0.0385,393.9786,8.4017,48.2137,1736.4103,117.9915,989.3248,469,305.5299,241.2393,1967.8932,133.1197,1795.4146
2893.6,3445.7,1047.4366,28.5939,2.4148,969.1441,189.3886,71.0742,3433.2097,170.5502,879.8472,559.5284,134.9301,105.3581,3043.6506,641.9913,1511.786
2927.3,3445.5,688.691,6.2683,0.1382,490.4716,312.6342,8.7805,2436.748,130.7886,287.6585,466.6585,38.1382,51.2276,1115.7968,61.7642,382.1219
3033.8,3447.4,949.116,6.657,6.9565,482.9082,7.029,32.3333,2862.7827,58.2609,473.3237,356.5411,64.3527,111.8213,1636.401,407.7295,947.8889
2940.6,3448.7,789.303,4.9091,0.3636,297.8788,370.4091,3.1212,1340.7273,57.9848,155.5,548.3333,47.6061,59.7576,967.303,47.4545,171.4394
2859.5,3448.8,574.8817,3.0355,0.0828,492.9822,3.6864,58.1598,2765.5088,68.4142,852.5444,357.2189,125.3728,57.6035,2067.3196,87.071,1421.3314
3017.5,3448.2,1272.1985,32.2237,3.0311,555.8327,44.9008,32.1265,2285.1887,144.6265,497.9455,431.1965,160.1848,668.3852,1891.4611,137.6848,673.2724
2839.5,3449.3,497.7941,1.2941,0,362.6471,3.9412,39.5294,944.0883,41.1471,219.4706,187.2353,17.3235,45.1176,2354.353,70.8529,330.2059
3008.4,3448.6,832.7867,10.48,6.1111,288.2978,38.5111,14.1511,1604.08,79.6756,212.4267,259.0533,109.0844,1387.4889,1396.0712,112.6844,440.7689
3049.8,3449.6,1009.492,77.128,4.444,597.164,896.78,67.944,2939.3081,129.948,684.464,1310.408,153.868,91.776,3038.1201,215.228,1274.032
2988.2,3449.9,988.9039,19.7341,2.6038,328.0549,70.3499,20.9828,1790.8164,106.9777,331.8268,437.7736,129.8936,250.2933,1551.5763,96.422,570.8474
2831.2,3449.7,612.3972,12.3995,0.0139,424.4988,6.1085,71.1963,1059.3879,77.1247,211.7575,215.6559,45.7182,70.9538,2767.5706,110.7321,295.0531
2811.6,3449.8,444.9135,1.514,0,365.6514,0.7354,59.0712,762.7048,42.514,376.9237,213.3613,35.4835,49.5954,2864.0103,90.0331,1026.0713
2884.8,3450.7,792.705,8.0206,0.7463,868.2596,219.9764,47.8968,3892.115,105.3009,835.2419,564.3127,65.0885,69.1445,2520.8438,483.2832,513.7227
2850,3449.7,669.1856,13.0812,0.0974,442.7796,7.0418,59.4733,1284.8004,82.2459,317.5847,245.0534,55.9675,223.9002,3233.0046,112.7193,563.8677
3026.9,3451,927.2877,8.9481,55.8208,395.3915,11.8443,40.1179,2485.6558,65.8632,635.467,409.8396,117.2123,369.7972,1742.3773,131.6179,1212.4387
3000.4,3451.2,659.1614,4.6667,0.0688,269.8783,106.3069,13.955,1408.7699,72.5741,299.3466,438.373,75.5979,204.09,1215.8862,76.9788,595.4445
2909.1,3451.1,762.441,17.3692,0.0872,1230.6512,67.0205,44.7333,2654.3025,124.0513,588.4769,1278.3846,91.9692,58.1026,3088.082,96.5436,985.559
3042.7,3452.1,920.657,243.1827,22.1314,563.5225,65.5929,51.4776,3607.3174,141.875,563.3622,538.9167,137.3494,159.5801,2431.5288,236.6442,1053.5193
2967.6,3452.2,656.8,2.8,0,180.9333,5.2333,2.4667,867.1,48.05,132.8,200.7833,45.8333,48.2333,743.5667,48.4833,160.4167
3035.4,3454.1,933,11.6201,0.1135,217.0568,0.3668,23.8122,2226.5327,19.559,403.9869,172.738,14.2227,56.4847,1705.1266,117.8253,879.9651
3056.8,3453.9,747.7012,61.4207,5.8598,508.0122,341.1219,24.7439,2742.2988,92.8476,308.9451,555.6707,63.2622,72.7622,2101.3962,1104.9512,535.7073
3016.2,3456.2,915.6914,20.1143,18.9829,315.0428,173.6429,19.5971,1463.7314,104.9086,392.8914,451.3314,145.6171,816.0085,1270.5571,108.8914,721.6229
2901.1,3454.3,773.6588,7.5984,0.0761,786.7743,281.4593,42.6877,2207.5957,115.3018,769.6772,868.4409,93.5197,70.685,2688.6248,94.9711,1938.1312
2926.2,3456.2,721.3224,27.6831,76.5519,412.3552,9.9071,19.4372,2321.4316,76.5082,122.2623,231.3661,58.0164,48.4426,1942.3005,108.7322,143.847
2861.4,3456.5,473.0633,7.1392,0,620.0253,4.1013,50,5064.4429,68.557,1227.0886,483.1393,102.1519,73.1519,1869.6836,67.3291,1684.3164
2915.6,3457,743.8745,10.5931,0.9481,444.5022,5.1645,12.0216,2069.593,69.987,153.1948,238.8225,46.2121,47.8398,1826.2208,126.6234,146.8485
2973.5,3456.6,643.9137,4.4518,17.4873,308.3452,17.4416,7.7665,1533.6853,42.335,383.4315,289.1371,56.7005,187.5634,1345.4873,49.1218,891.3959
2935.7,3457.7,536.2104,302.1354,636.536,597.3919,141.6052,102.6571,2302.9136,153.9856,209.1066,423.7262,55.4582,71.0432,1953.4034,102.7291,159.5648
2835.4,3457.6,694.5143,5.9143,0.0857,500.5857,2.7964,66.3036,1339.5358,67.95,340.7321,251.0107,39.8,89.2536,2987.8501,125.875,567.7321
2849.6,3458.8,832.5861,9.8667,0.1694,485.6694,3.6889,65.6306,1730.5056,88.1389,515.0361,314.4222,82.0167,246.625,3471.1223,158.8111,925.2611
3028.4,3459.2,902.0338,14.3615,0.0541,268.3243,22.527,17.1419,1260.4966,68.0642,282.196,439.7061,49.0135,91.3412,1099.3885,58.5507,611.1993
2826.3,3458.9,500.2113,3.8275,0.162,478.5141,11.7817,77.9965,1242.5986,61.8345,337.8239,236.9965,47.838,60.1373,3260.6233,166.7887,809.7359
2889.3,3459,816.9512,19.7744,0.1402,517.7622,8.7104,31.5,2476.2927,101.7713,334.4207,284.0335,63.997,54.2591,2749.7744,116.3293,515.8964
2963.7,3460.3,822.2816,38.1351,44.4598,295.7126,296.3994,14.2241,1267.4425,104.3305,221.3391,737.1494,74.0316,75.5287,1867.3391,127.6552,323.3448
2883,3460.2,895.4545,18.8571,0.0779,555.974,21.3442,26.8571,2419.8572,101.2662,342.7922,315.7208,66.7857,58.7792,2635.5129,102.9935,290.961
2896.7,3460.5,673.2446,13.0504,0.0144,941.8201,10.7338,32.2518,7257.561,120.8849,502.6187,622.6187,70.0935,68.6835,2245.885,97.1151,751.7554
2984.8,3460.4,598.0702,8.193,0,542.7544,12.7193,7.9474,3675.5264,77.0526,253.4386,305.4561,66.2456,70.5263,1454.7192,47.1754,404.2281
2842.6,3460.9,982.8417,14.2761,0.0943,572.9225,3.5152,75.3906,1669.0573,111.3872,424.3199,309.4007,80.2054,485.468,3644.4714,159.5623,873.6835
2907.1,3460.8,641.525,4.4083,0.5083,414.175,5.1417,5.9917,3191.4167,45.8667,173.7583,233.1583,32.3417,34.6583,1063.4584,83.2583,167.125
2873.2,3461.2,696.5825,1107.949,510.6068,396.3398,5.8956,33.0194,2352.2451,67.7961,152.8471,205.9927,41.8835,51.3447,2218.9902,103.8738,177.6505
2947.1,3462,731.5865,26.906,74.8647,402.4098,82.5451,17.4662,1499.782,85.8383,343.3759,413.718,111.1955,90.312,1449.267,87.8008,561.6692
2819,3462.7,545.5474,4.7333,0.207,404.1053,2.6596,52.9474,939.6561,58.4667,275.4386,213.3825,36.8807,49.1053,2653.2666,111.0772,611.4597
2928,3463.8,651.0065,221.026,1105.7987,374.3409,19.2825,29.1071,2183.0066,71.9545,146.6104,246.7922,52.8344,51.3182,1717.4253,129.6688,151.5097
2836.7,3463.8,918.8254,12.7619,0,546.0159,5,65.1905,1628.9683,106.8095,273.9683,286.6508,75.5397,130.0952,3311.6033,154.6032,460.9365
2980.3,3464.8,810.019,12.3905,0.2,638.9714,13.3905,11.419,5714.0571,111.4571,242.9714,328.6762,53.2286,50.3429,1445.1333,77.2952,261.3238
2858.3,3464.8,615.5097,3.5806,4.2323,493.6194,1.5097,21.6516,3466.9937,49.5548,346.6129,245.4581,22.8387,46.9097,1783.3549,147.4581,560.5226
2899.6,3465.1,624.1395,3.3488,0,419.9302,5.1163,23.1163,2079.2791,63.6047,446.2093,347.7907,85.3721,136.8139,1769.2559,91.1163,1787.2559
2824.2,3465.8,498.7541,2.377,0,500.1476,4.7705,122.6721,1271.3279,70.0328,1009.8853,385.0328,61.7541,56.6393,3210.0657,183.6066,3218.6064
2971.2,3466.6,891.5172,23.0714,10.7771,370.5857,37.78,32.3314,1901.4486,105.96,217.3029,313.9429,192.4629,77.7971,2570.8743,89.6343,313.52
2865.6,3465.9,729.5,204.5695,74.2834,425.1176,4.3877,28.3289,2274.9065,91.6845,424.9171,287.2059,54.5321,55.2326,2875.4919,123.9893,758.4599
2943.9,3467.4,814.5,28.4444,2.5556,667.7037,138.0185,18.7222,1550.037,121.3889,290.7592,658.963,64.5556,75.8704,2831.2593,108.2778,571.2407
2939.3,3467.1,762.4636,26.8229,27.2083,788.4271,321.8594,8.8906,1022.9271,87.9583,127.6823,1172.3073,50.625,37.0885,2073.9739,75.375,179.2812
2832.4,3467.5,781.7366,11.9751,0.1388,438.3025,7.0925,64,1435.7544,102.3416,914.1602,418.516,159.6121,86.847,2745.8826,139.4698,2427.2419
2878.7,3467.8,681.0244,236.6281,147.8902,559.3049,5.9024,23.1524,3390.8232,85.7805,322.4085,254.5488,50.2866,53.2134,2223.7195,92.7317,672.8842
3047.5,3468,797.0745,29.9596,0.0248,332.1739,74.5217,11.1894,1302.0839,95.7981,270.1677,596.3199,106.059,130.677,1171.9813,70.0683,423.1367
2920.9,3468,758.6815,205.5955,345.0319,472.1879,12.4554,27.2675,2564.2644,82.6274,193.086,316.879,69.0987,78.6178,2109.2771,128.7197,163.5987
2892.2,3468.5,863.668,25.9069,0.0972,934.8502,27.5385,23.5466,2223.4495,125.6883,290.417,890.2794,79.8907,61.1903,2125.5991,90.5789,656.6761
2840.3,3469.1,901.335,14.7526,0,500.9381,5.8351,86.8711,1741.8453,126.3144,1274.7887,519.8866,196.3763,159.433,3476.5259,164.7732,3583.0618
2952.5,3468.9,885.1637,28.1957,6.2989,478.6014,80.9644,30.6655,2350.3772,114.7402,340.0605,347.8719,91.4021,264.4021,1856.605,317.9253,453.2278
2914,3469.1,900.8566,115.5294,294.7132,1053.9117,11.6544,39.2721,2501.0771,134.3493,231.1985,1089.1434,85.989,693.3383,2570.0332,165.0772,193.1912
2991,3469.7,1030.7877,14.7765,0.0447,898.1229,6.0782,10.4078,2462.9722,88.4637,197.5084,523.0056,67.4749,74.6927,2234.3743,50.5196,209.9386
2903.5,3470.1,839.0484,18.7129,5.6613,361.8322,52.9774,17.4806,1999.7838,82.4419,162.1935,323.3258,63.671,58.2355,1820.3741,97.4258,308.0484
2850.6,3470.8,809.4473,12.5564,0.1349,460.5139,5.4085,50.6063,1800.1589,93.7542,366.6396,272.0832,82.7911,76.5527,3103.416,149.0721,823.1996
2859.7,3471.6,740.0893,3.8571,2.5804,460.4107,2.2054,17.8839,2772.7678,74.2143,607.8214,318.2857,41.7054,53.5625,1534.7947,230.2054,576.2411
2909.4,3472.5,743.0261,166.5652,337.9304,585.6261,145.4783,31.3913,2001.2347,109.1826,155.7391,788.7217,70.5652,69.3391,2391.2,113.5913,154.7826
2813.1,3471.9,608.118,7.9185,0.0562,441.6011,4.6348,122.1404,1202.2219,81.5365,485.559,290.4522,67.6545,68.2331,2786.0449,139.0787,1882.0084
2830.9,3473.4,471.1151,2.1511,0.0144,340.5108,2.0144,51.9712,1205.0719,43.8633,722,311.2518,85.2374,46.8777,2304.6619,101.1439,2071.0071
2980.1,3474.2,858.5791,13.8847,0.1046,539.0858,10.2413,15.1769,2313.7749,82.9598,156.6971,649.8472,58.9973,56.8231,1747.4343,93.7802,153.6381
2939.1,3474.2,828.5215,25.7414,0.2759,416.2371,1285.125,16.1336,1584.6466,110.8664,207.8621,1775.3319,83.9052,61.5862,1910.431,76.3319,288.8405
2949.6,3475,834.308,18.5399,0.0646,343.3194,99.1293,37.616,1500.0494,94.3118,829.7224,442.6464,196.2281,2013.6541,2208.0266,103.0646,2079.6882
2865.1,3475.6,889.3889,15.9541,0.2609,746.8212,6.9807,35.8768,6179.0386,119.6159,793.244,423.9227,90.0314,105.785,2750.0024,150.7971,1206.7996
2840.6,3475.5,777.7167,7.0173,0.0173,479.5838,6.0347,77.8671,1649.9943,97.6647,977.8671,427.8497,154.3988,82.2601,3379.0405,158.9884,2678.2544
2820.2,3476.2,603.3389,4.5238,0.1036,429.112,2.7619,62.2157,1237.1569,65.3698,404.8011,251.8235,86.6359,60.5518,2863.0588,145.7339,869.2521
2966.1,3476.6,538.8947,153.2105,321.4511,338.7895,69.4135,27.9774,1992.8496,58.6842,142.7444,260.8722,37.8045,47.8647,1824.0752,73.7293,196.8947
2847.6,3479,807.8204,6.6898,0.3143,450.849,99.8939,46.3878,1664.3511,70.7796,199.0367,238.3551,49.6286,64.951,3708.2246,137.2735,279.4408
2874,3479.3,591.295,9.8033,0.0795,535.7761,4.6423,41.6423,5366.9077,89.41,1027.7782,421.4163,141.1799,64.6632,2492.364,114.3598,2309.6694
2836.8,3479.4,606.3864,0.8409,0.1818,480.3636,1.2273,61.75,1405.75,51.7045,442.7727,258.1818,21.0682,216.1818,3186.3181,150.5455,1707.8409
2915.6,3479.6,633.1708,245.0202,491.1438,353.0292,31.6337,23.5124,1888.2719,66.3326,142.3011,258.7056,42.3865,54.2494,1585.0607,69.8404,137.9169
2885.1,3480,674.8784,7.1081,0.4189,442.9122,5.6284,50.3176,2645.3582,103.0946,1145.0811,469.6554,133.1351,72.0608,2707.75,259.1487,2775.6824
2829,3480,692.6875,4.5972,0.1354,439.6042,3.7917,63.2118,1364.5521,73.3021,282.507,241.4549,73.0764,117.7812,2905.6597,145.2986,709.8438
2997.1,3480.6,746.9352,6.8191,0.1433,719.5358,11.099,16.5119,2629.5085,77.1058,323.529,453.1365,136.1638,900.7202,1771.1296,72.9864,733.8191
3004.2,3481.6,993.7756,20.4213,0,859.1968,112.8386,12.2835,1767.0709,105.0394,328.1693,875.6772,95.2087,141.2126,1893.8583,79.8268,429.9567
2902.2,3481.7,676.0998,339.7505,447.0915,388.0561,86.0977,24.0042,2535.3555,72.0125,157.9792,295.1559,44.8773,44.8898,1872.9231,94.553,168.7256
2810.6,3483.3,568.0942,3.822,0.1832,447.2932,1.644,84.0524,1279.4398,70.2199,425.4712,257.8272,39.5497,56.2147,3138.665,117.9529,767.0995
2910.5,3484.8,1008.4095,137.8857,157.4952,395.8952,683.9714,19.3048,2039.4286,121.8857,177.0762,836.2286,78.8571,62.7429,2453.5525,104.5143,141.6572
2972.2,3484,1118.1805,131.4118,585.8053,620.5334,255.5517,56.8763,2804.1643,133.9047,218.2556,1077.3752,125.0588,79.0588,3374.6511,254.3529,435.6288
2860.7,3484.9,515.891,3.1682,0.1589,352.2087,1.9502,11.6667,2078.9968,53.8037,510.6698,259.9377,63.5607,40.7664,1680.053,159.0218,1430.8691
2847,3484.9,760.637,7.2295,0.1575,475.1712,12.6815,53.6164,1672.661,87.3904,304.5959,258.8733,62.4966,126,4169.4795,152.7089,477.3356
2802.5,3484.3,677.6313,12.1818,0.0202,438.1717,3.7323,112.0303,1419.3788,108.5404,1034.8334,428.1869,148.1717,52.2525,3131.9292,93.1263,2062.1768
2835,3485.7,837.2673,8.0521,0.1771,494.309,2.8125,59.2986,1540.7291,81.8438,187.5764,229.3299,55.8507,369.934,3290.8369,165.6215,243.5486
2927.1,3486.2,651.724,63.0085,165.4374,340.6009,19.8174,28.6369,2052.2825,64.7431,140.9682,227.7643,51.087,54.1762,1852.9363,69.9766,153.7664
2950,3487.1,997.938,30.9336,0.354,402.0398,1660.3584,37.031,1414.823,134.792,445.0708,2130.6328,130.031,77.4115,1977.7566,89.4823,849.7522
2886.7,3487.6,712.3183,6.1832,0.1411,617.1472,225.4565,39.8198,6988.4233,106.4354,867.8708,598.8589,159.6517,52.4144,2827.5916,173.015,1393.3213
2823.2,3487.5,698.3157,6.9185,0.1527,494.11,35.6415,64.1792,1398.9104,75.4521,280.1161,250.6925,49.0428,78.8819,3152.167,155.9715,517.2037
3016.6,3487.7,951.2966,23.1983,0.0207,403.1638,176.9052,21.8172,1597.6,105.7121,444.8483,503.7741,165.4241,209.4879,1548.1742,87.9017,505.2672
2881,3489.4,679.3726,9.7059,0,476.6274,17.902,50.4902,4199.9214,83.8627,939.5098,430.1569,164.3137,62.0392,2629.3137,162,2568.3333
2916.4,3489.6,895.3511,13.9436,0.4044,453.4671,11.6489,21.3856,4449.4951,103.2602,168.3542,301.0564,61.395,59.1599,1985.0721,101.3135,149.6803
2996,3489.9,723.3947,5.7895,0.1316,272.2105,6.2105,9.3816,5271.7368,54.6447,275.2895,297.7895,50.5263,57.5395,920.3816,172.2895,262.8026
2840.4,3490.4,860.8371,9.8371,0.0899,508.8315,5.5618,67.3427,1727.9158,116.5562,709.2023,374.6798,82.4494,257.0112,3855.0449,175.236,1191.3033
2846,3490.5,1069.3984,17.5547,0,537.0156,4.9766,59.4844,1856.8359,149.125,1028.3438,468.7969,172.3984,1251.3203,4234.7891,189.3672,1675.7656
2801.6,3492.3,751.4643,8.5865,0.0658,560.3177,3.2895,102.5244,1513.7424,101.7387,546.0019,322.2331,127.5,70.1165,4131.5845,167.532,1186.344
2903.2,3491.5,1093.3911,54.4444,8.1378,1134.1333,276.7911,22.2311,6493.8799,154.8533,201.8711,1376.5511,74.1067,84.8044,2343.8401,123.0311,182.2089
2970.2,3492.9,960.7155,110.5302,352.7802,407.6552,99.5129,40.4095,3231.8318,86.8491,189.2629,364.2888,65.9569,63.2069,2164.2629,3738.5432,247.6121
2978.7,3492.9,937.0328,19.0273,22.2022,1209.6776,330.8087,31.4262,2775.4153,97.5519,168.5355,1026.2295,76.8689,67.1639,3129.6941,138.2678,249.4044
2831,3493.5,812.8436,9.4873,0.1309,505.0073,4.3091,58.6655,1593.1927,89.4145,212.3164,244.9673,57.9855,453.5854,3277.8872,169.8691,297.6327
2871.3,3493.1,831.6701,20.567,0.0412,749.0618,68.1615,36.6254,7704.5361,121.0825,642.1993,488.0997,76.8076,55.6495,2718.323,538.6529,1692.1272
2814.8,3493.9,689.5955,8.0445,0.1206,488.2987,11.256,69.8033,1390.7458,81.9814,331.8887,257.1429,51.6735,62.7347,3254.9648,158.0724,699.4786
2848.3,3495.4,762.1909,9.0382,0.1298,555.2366,6.7634,51.5878,1929.8855,112.687,1272.5343,508.8168,250.145,1678.458,3511.4734,153.4122,2038.1527
2878.7,3494.9,1252.043,35.2578,0.2852,494.6016,1039.8516,60.0781,2581.5156,165.2188,722.5742,1964.1953,135.9648,84.543,2776.5781,150.7031,1954.4648
2911.5,3495.4,1156.2192,29.5708,0.3516,571.9498,19.5114,25.0091,6324.5068,141.9498,195.726,405.3059,83.6895,67.4703,2409.79,207.4247,170.5936
2864.8,3496.9,630.3457,5.5,0.1605,675.2778,3.1481,28.5,6853.2407,80.0802,453.5,280.6482,33.1049,63.3395,2697.6172,368.5124,681.5679
2886.7,3497.4,820.5312,13.5035,0.1701,605.9757,232.8507,57.7014,4545.1216,132.5451,774.4514,633.1007,123.8854,68.5729,3608.1528,157.4375,1610.5625
3007.9,3497.1,832.5746,9.6157,0.0187,429.3993,599.3806,45.4328,2557.5186,99.0634,366.2537,675.5784,96.7425,195.5224,2917.3508,102.9813,669.0933
2837.8,3498.3,801.6136,12.2955,0.0795,727.3892,5.8551,58.9261,1807.1278,109.1222,1001.7898,426.7358,101.4233,111.6165,3417.1279,153.7358,1183.8239
3000.5,3498.6,843.8412,12.3175,0.1217,762.3228,62.1958,55.9101,6123.3545,109.5397,490.8413,393.6984,94.455,340.9947,2413.5132,116.3122,963.2857
2902.1,3498.2,1133.838,31.3441,0.6761,726.0162,1391.9069,37.0729,6516.1055,169.7814,287.8462,1492.6316,94.2753,71.7611,2639.7246,136.6599,322.0081
2873.3,3499.4,827.8,9.8857,0,577.9429,46.5571,36.5143,3337.543,117.4286,827.8286,485.6143,151.8143,58.9571,2510.8428,130.2714,2734.4285
2973.4,3499,1372.881,110.3333,568.119,565.7191,733.7476,97.1095,3302.0857,157.9619,315.1953,1137.3477,238.7762,90.5333,5254.0811,204.9476,678.7524
3062.7,3498.3,694.6178,18.4895,0,282.411,62.1099,17.4764,1254.6675,86.6754,310.5655,342.4215,179.9764,296.1702,1151.3403,86.8168,564.5341
2916.5,3500,1225.7012,26.9761,1.8207,695.2948,6.1753,20.5777,5164.5059,141.0199,280.2789,442.5498,91.4143,98.0239,1996.3386,353.4382,173.3227
3055.8,3500.1,714.1329,15.3806,0.0338,340.6216,18.2995,16.9257,1362.4707,86.1419,348.6554,394.7365,217.6487,990.4189,1360.8987,112.8919,738.036
2858.4,3500,585.3939,21,0.1414,592.0303,3.096,20.0606,3700.6768,83.3864,523.7525,281.0202,35.2879,47.8813,2273.2273,246.7096,681.0959
2907.8,3501,873.8624,15.7615,0.1284,580.6605,125.3853,21.6514,9401.7979,105.2569,217.7798,384.9725,71.5413,57.6147,2146.2751,145.4404,223.2018
2879.9,3501.2,1002.9725,17.7798,0.2569,524.8624,641.0642,64.3394,2366.5596,147.7798,844.0917,920.789,210.6606,243.9633,3059.844,160.3303,2716.8716
2983,3501.4,1103.4756,28.0882,0.8329,1104.0116,42.703,22.9304,3785.812,134.9861,418.9559,806.9281,83.0139,83.0325,2343.6472,187.0232,193.9118
2806.7,3501.6,661.4352,5.8215,0.1125,482.6675,3.6161,65.5892,1366.802,74.824,357.5379,253.8606,45.8166,57.9487,3263.5183,145.7677,636.0856
2967.1,3501.7,990.5639,90.7143,961.3008,369.3759,32.7068,47.1805,2435.5564,88.5338,209.8647,311.2707,48.1429,71.7519,2001.0526,101.3008,212.6541
2847.4,3501.7,503.6933,5.44,0.0067,730.8867,2.1667,52.0933,1767.6466,80.2333,1890.34,599.8666,160.1133,112.26,2833.9734,123.2667,2745.2866
2824.1,3502.7,637.5648,4.9983,0.0622,457.6649,102.9136,70.9585,1417.2971,84.6978,567.7115,346.696,73.4922,66.1537,3056.4578,146.0449,1125.4006
2868.3,3504.3,622.5,10.934,0.0377,453.3207,3.934,61.5849,2771.0095,98.5943,970.5095,417.3773,232.1132,182.4245,3053.1509,146.8019,2513.8113
2899.4,3505.8,984.6582,21.5847,0.048,939.356,28.2062,43.0734,2809.6611,134.983,651.5396,1375.1158,154.709,69.0621,3005.6299,129.3418,1280.7345
3009.4,3505.5,970.2056,20.4639,0,375.3694,103.1056,30.9972,1892.2722,114.8944,365.3333,340.4278,335.275,2087.7917,1956.8334,102.1278,627.3389
2883.3,3506.7,961.0299,15.5769,0.3162,1137.265,1186.765,67.0769,2767.3291,138.1709,814.3162,1314.188,121.9444,75.2222,2959.9829,178.8974,2125.6582
2925,3507.6,578.1686,128.9137,268.0432,299.1569,9.5922,25.4941,2036.0117,64.1686,136.0706,204.2588,50.3176,53.451,1647.4823,79.9255,161.9647
2815.1,3507.4,806.0839,9.9845,0.087,503.5776,210.5838,63.9161,1488.9379,102.913,232.8634,357.4783,58.4472,140.4534,3139.1396,163.4348,340.0559
2795.1,3507.6,508.1114,2.8057,0.0332,406.1611,1.8128,40.9171,1263.2203,48.5,236.8057,185.481,30.0829,46.4052,3060.4219,103.0995,212.327
2837.7,3508.1,862.3162,15.4905,0.0527,700.981,8.94,62.5608,1895.4744,106.9004,382.8873,285.9107,84.0132,839.5168,3775.4172,169.5139,472.7789
2974.8,3508.1,1230.1294,17.9188,11.2411,492.8046,962.5355,20.9416,4587.4238,93.7234,167.1371,1297.5076,69.9391,73.5076,2296.3679,70.1523,215.5558
2936.1,3509.1,529.0517,13.319,0.194,214.1724,17.3276,8.194,1074.944,58.875,154.319,203.6983,99.1983,407.4742,1114.4353,55.2672,312.875
2877.1,3509.4,778.5202,10.4855,0.0983,975.3353,64.1734,72.3237,2868.4509,119.5318,1064.896,552.1387,89.7861,72.4393,3226.8035,179.4451,1885.9884
3002.4,3509.7,941.5182,13.8462,0.0445,533.4737,67.7125,29.1579,2634.0608,121.4494,290.8947,349.3401,85.0486,95.8624,2590.1174,87.1174,332.0162
2891.8,3510.6,776.3425,10.4703,0.0183,682.5662,161.6712,22.5936,6689.3975,110.831,396.6575,512.4155,69.105,61.5799,2219.959,146.5388,657.3242
2996.3,3510.9,737.3085,3.117,0.1064,628.2021,17.6383,8.4255,7871.4468,44.1383,223.8298,391.3511,24.0851,45.1383,1671.8617,32.9255,309.5425
2865.4,3510.9,808.3652,17.2949,0.041,514.8926,5.9141,43.498,4168.5625,106.4238,870.7949,413.1113,131.3027,76.8594,2850.709,134.6484,1758.2852
2989.3,3511.9,930.9515,6.4951,0.0583,594.1068,1677.8058,19.5728,3562.3689,85.7961,216.4078,1812.8738,44.4854,67,2461.6602,59.6117,285.1262
2884,3512.5,613.3973,5.4247,0,528.3014,176.1233,26.6575,2343.4932,94.4384,504.4247,432.0685,49.0548,48.2329,2368.6438,132.8493,1348.4932
3013.4,3512.6,955.12,135.9943,0.0114,308.36,42.4457,12.7943,1333.9772,123.7714,268.0971,311.8743,233.0629,107.5829,2209.6287,74.5086,369.1371
2808.4,3512.9,816.9086,7.9735,0.1121,517.4838,4.9351,74.3805,1537.0383,92.3717,200.1327,244.5339,54.9528,76.056,3466.4985,166.4012,253.7463
2833.4,3514.2,669.1241,13.4015,0.3139,545.4233,7,75.5109,1703.5328,107.8029,398.3942,296.6131,71.3358,113.4744,3456.7883,163.3796,844.5839
2977.1,3514.2,1066.58,14.42,1.72,564.62,791.5,8.62,7041.2798,150.92,217.86,1090.0601,66.58,70.68,1569.8199,115.16,210.04
2879.1,3515,625.6022,0.7849,0.0215,437.1613,1.4086,64.0753,2144,51.6989,735.914,365.8387,153.9892,58.3656,2663.0215,101.3548,1921.043
2873.7,3515.6,634.956,0.4717,0.0881,329.8994,0.239,44.5094,1665.0063,28.1006,968.8553,368.9749,46.1069,43.4906,2092.6416,54.0755,2260.6604
2800.8,3515.6,629.1188,6.5281,0.2438,450.7594,4.7906,66.6562,1301.8,78.1281,243.0156,229.0344,48.425,56.2125,3133.022,137.2125,297.5875
2993.8,3515.8,886.3436,10.6012,0.0429,1523.7056,344.589,28.8834,6260.4785,142.2883,270.3804,1605.5582,68.9509,76.3926,2458.7668,80.9571,353.8712
2817.5,3517,743.446,10.6704,0.036,546.0443,56.8532,80.0582,2020.8643,106.9418,431.8227,321.3407,77.8781,193.3296,3306.7424,374.4488,912.5457
2826.6,3516.4,641.3075,6.158,0.0517,588.1465,13.4626,73.4483,4232.1294,97.2644,772.2529,361.6408,98.2184,61.0862,3349.0574,187.5977,1337.3304
2981.7,3516.6,1441.6746,49.3373,0.2549,1071.9686,334.5608,17.0784,3071.9844,173.4431,220.0353,1264.0549,102.4784,86.7804,2192.6824,109.0314,246.0196
3001.9,3517.1,998.7679,17.2532,0.3333,773.0338,840.7848,30.2911,2391.2068,185.3122,259.7299,1129.4557,85.692,96.8861,2225.3755,82.1224,368.3122
2850.7,3516.6,898.9778,14.0665,0.0127,664.0665,3.1266,29.7468,3175.9746,95.9146,715.9335,698.4905,80.6329,51.9842,2494.5063,141.5633,1235.269
2987.2,3517.5,893.85,4.7875,0.625,828.45,2070.6499,26.9625,6360.9502,140.4125,228.4625,1752.3375,51.5125,70.275,2337.625,83.45,319.575
2863.2,3517.7,824.0585,20.6753,0.0195,367.8441,2.5844,36.4221,1818.9611,102.1429,810.6299,405.1753,113.4156,57.1234,2538.8701,116.5519,1761.8052
2916.2,3517.8,785.8904,140.8136,550.0768,443.0197,13.2829,20.9868,2704.353,91.1689,190.6031,252.136,64.261,68.7895,1700.9254,311.3268,175.114
2902.4,3520.4,533.8153,3.0892,0.5732,203.9172,2.5223,3.9299,1234.6115,32.8408,97.4076,215.8471,32.5796,24.3631,720.0573,52.0255,174.2994
3006.8,3520.7,680.1905,7.2738,0,386.9405,130.869,26.3571,2159.9644,109.3095,440.5357,416.869,89.6548,83.8929,1596.9286,71.7381,381.7381
2879.3,3521.1,660.2955,1.9273,0,339.4818,1.9227,31.8409,2184.6455,43.7864,647.4727,305.5,56.9727,47.3455,2271.7273,76.2909,1782.45
2857.6,3521.3,909.8088,17.3162,0.0074,616.9117,4.1507,45.2132,2158.4744,123.2978,1248.2867,819.1213,200.2132,68.0662,2709.364,124.0037,2404.614
2966.2,3521.7,863.2535,71.0323,416.2627,344.447,5.9032,11.8894,2852.7373,73.5069,188.341,282.7972,34.0507,94.7281,1616.5345,2268.9263,244.977
2809.4,3523.4,579.5164,2.9317,0.1366,456.2295,1.7814,72.3634,1516.4918,71.6967,560.1667,289.8934,68.3142,85.0055,3092.3936,141.8224,1498.7842
2994.2,3522.6,883.6443,11.9582,0.205,999.1046,33.6444,61.7824,6186.4771,353.1799,446.9247,794.6946,151.5105,179.3264,2902.0168,166.3264,814.2803
2836.5,3523.3,662.6746,5.5724,0.0499,457.7933,9.772,42.7316,2218.7126,82.6746,771.5487,366.3112,89.2233,51.3705,2357.6008,105.6746,1620.9525
2885.7,3524.9,612.8842,1.3293,0.0732,511.7622,1.7988,17.8841,11072.5244,54.8841,596.9451,316.0671,23.0122,43.5061,2376.6221,63.4207,1075.5
2802,3524.7,723.2562,6.3153,2.197,466.9606,2.9409,62.9754,1803.2955,95.1576,518.4877,298.8029,121.4483,56.6749,2850.5566,136.5862,886.6207
2866.2,3525.5,559.713,2.1598,0,326.7397,0.9142,45.2189,1682.929,45.9941,943.9793,357.2663,132.5592,62.8047,2463.1746,81.8994,2552.938
2911.8,3525.7,642.0961,267.4258,543.9506,351.3626,6.1923,27.9423,2361.5356,62.3379,144.3049,202.6291,40.6676,49.4753,1972.5193,114.8874,168.9698
3000.7,3525.6,847.6761,16.0682,0.0909,686.7386,21.2273,61.9261,2490.4092,355.2784,811.4148,791.142,325.0852,1925.0114,3227.3694,188.9602,1870.7898
2827.1,3526.7,655.9019,8.5561,0.0818,649.7687,48.3551,53.9042,3143.1238,102.7266,766.9907,411.4556,75.0421,81.8622,2830.1821,512.1566,1905.4042
3019.4,3526.6,625.7661,12.0726,0.0302,306.5141,15.7177,38.4819,1519.4496,82.1613,531.877,320.3347,205.8065,320.2742,1892.2803,78.2077,1240.4979
2849.3,3527,665.3663,11.4289,0.0241,605.6795,3.8554,38.3253,1958.9398,92.1181,1172.9156,781.1157,139.9108,57.3663,2363.0266,116.2723,1732.9783
2791.7,3525.4,455.5547,0.8125,0.7891,464.2812,1.6641,49.2109,1514.75,35.1953,299.6797,202.6484,17.4141,40.5469,2824.3906,85.7188,261.1953
3043.2,3527.9,608.6946,12.2216,0.1198,235.0269,17.1856,10.3862,1200.5419,71.7844,198.5299,218.1078,143.5509,1144.7306,1207.8203,76.3443,476.7245
2873.7,3528.6,568.2151,0.9128,0.0116,614.1105,0.8895,51.9826,4333.5698,23.5058,649.1977,266.936,11.814,46.1628,2726.3081,81.8488,1344.7094
2958,3528.6,476.4375,274.875,143.3906,291.2812,14,26.0938,2436.6719,52.625,154.4531,199.25,42.9375,58.5781,1650.4844,107.9844,185.3438
2818.8,3529.1,623.2427,5.2138,0.0156,394.3742,4.5746,78.8976,2136.0491,85.8775,999.1091,411.8953,206.7372,482.7817,2559.7461,837.1537,2965.0735
2974.3,3529,687.3442,0,0.8766,113.7338,0.4416,2.7273,2686.8506,0.1364,137.961,50.461,5.0519,25.2792,2094.8767,20.2078,367.7662
2892.3,3529.4,787.8714,14.8103,0.0965,427.5434,6.9775,20.0129,3815.7202,173.3215,258.1543,298.3955,69.2122,69.4952,2701.4727,88.2315,477.9261
2993.3,3531.1,1039.0735,20.6958,0.1014,950.9825,16.3042,36.1503,2867.7307,193.6014,681.9685,842.4371,137.7238,117.9056,3122.5664,134.7273,1584.4231
2802.8,3531.8,745.5682,8.3864,1.5955,492.7409,3.8955,68.4182,1604.991,98.7273,580.3727,332.2,124.2182,63.2318,2925.6091,145.9454,1059.1954
2793,3531.6,611.4621,1.7727,7.947,627.3485,1.0985,116,1873.6515,83.0682,499.3257,283.8257,45.8561,58.6364,3720.0908,167.6439,1254.8636
2999.2,3532.3,952.3658,25.6423,0,1499.0244,26,66.4309,2439.9836,225.2602,1604.2114,1598.2683,246.5122,213.1626,2927.1626,163.6341,3504.1462
2987.4,3532.3,863.5119,11.8333,0.0595,540.8095,20.5595,21.3333,4443.0356,114.131,484.5833,414.3452,117.6429,72.9881,2311.1548,102.3571,1492.9524
2905.2,3532.7,910.2382,23.6332,64.4765,410.2633,4.0658,13.1097,3692.2571,103.8871,171.0972,317.2539,65.9248,94.0596,1696.4482,439.627,192.5078
3010.9,3532.1,553.2087,6.4213,0.0394,577.0355,28.1417,61.0984,7143.8701,76.4606,794.3819,412.4291,74.2598,60.811,2479,73.8268,1628.2126
2981.5,3533.8,1039.0111,16.5911,0.0446,1113.5427,18.684,24.8141,4787.2827,117.5576,474.7807,1403.5391,109.1561,71.5056,3239.5837,112.5167,1429.2343
2887,3534.5,642.6539,0,0.3385,799.1308,99,17.2692,2940.5693,22.5462,586.9,764.8615,9.4846,47.0385,2309.3308,98.7462,1467.3154
2914.4,3535.1,751.5208,52.6333,105.4458,387.075,5.1625,20.1208,2634.8083,77.1667,144.7917,236.95,56.075,58.9292,2138.6375,143.1292,201.9125
3027.5,3535.4,528.8172,4.086,0,464.5161,639.3763,44.4946,2932.7527,111.5054,579.1183,511.8817,177.4301,711.6129,1457.2795,87.9247,1320.5483
3033.6,3535.2,799.1292,19.1328,0.0037,496.4797,543.6125,48.8561,2868.7749,136.9594,630.7823,590.2288,222.9926,1133.1587,1979.0812,123.2989,1514.8156
2880,3535.8,696.8979,1.0043,0.7362,425.6553,13.8,26.8979,2640.9788,33.5745,975.8681,429.9702,47.1745,123.4426,1917.2979,458.2851,2303.5405
2855,3536.6,688.071,14.2716,6.802,540.3782,4.8655,30.2157,2266,74.6675,540.6269,281.2335,52.9391,53.0228,1981.0685,111.8756,1306.9417
2805.6,3537.4,628.2846,7.6,0.2231,484.7923,2.5462,65.4231,1520.8693,70.3846,240.2462,216.5154,43.5846,61.5692,3168.1001,158.8385,370.9077
2833.2,3536.2,940.4751,15.8824,0.8552,396.6584,1994.6018,38.5226,1762.0995,184.543,489.9389,2358.853,116.8688,109.4548,2361.2126,121.6697,983.0588
3047.6,3537.5,617.1062,10.4296,0.0765,336.7309,320.2198,19.7432,1609.4321,86.8938,390.5161,384.5827,175.1654,1292.7926,1732.3976,85.8123,965.0716
3010.3,3538.2,921.4028,20.0926,0.0093,924.6343,114.0787,55.9352,6034.1572,204.0185,906.6435,695.4954,105.6296,113.3148,2856.8657,125.4815,1321.5093
2814.8,3537.9,663.0427,6.3348,0.1365,464.5181,5.5288,78.6994,1436.2581,87.2132,574.7313,310.8913,103.855,200.0618,3114.4158,158.0981,1933.8337
2898,3538.5,639.0641,12.8462,0.1026,1043.9872,11.3462,16,11196.2568,78.1282,471,636.5385,52.2821,49.1795,2221.1411,101.7692,487.7436
2843,3537.8,586.7886,5.0498,0.2786,452.7214,5.995,26.8358,4078.418,62.597,275.4776,305.7885,37.8706,47.505,2409.1667,467.5597,567.5597
3062.4,3539.1,751.2914,9.6954,0,349.5762,47.7351,9.4636,2135.49,121.6026,297.1987,543.2781,63.9338,64.649,975.2053,88.9073,658.404
2796,3539.8,689.7074,6.8397,0.5651,493.4389,2.9319,109.6994,1526.6212,85.523,613.8376,317.6994,124.984,59.3567,3228.2004,130.2285,1650.0981
3039.9,3539.5,857.4432,18.4326,0.0035,371.3865,190.6277,45.3404,2031.188,109.9823,472.5425,395.2872,276.2057,1677.5886,1888.8865,118.9113,1091.6454
2978,3539.8,1231.6356,26.7733,0.085,1406.0809,238.3401,26.332,4748.6641,134.7652,367.7409,1806.3481,114.417,75.1943,3959.5466,98.4615,1013.2105
2994,3540.4,816.0187,12.3972,0,496.0794,13.6262,51.5,2459.6028,134.528,1036.6028,536.0047,343.1869,800.0981,2583.229,142.2664,2711.0747
2920.8,3540.4,632.8269,7.5337,0.7548,272.1779,2.9904,6.2163,2051.4568,46.9567,126.8654,230.2596,54.3846,70.8654,829.9615,369.0577,213.3654
3025.8,3541.1,553.8889,5.1852,0.0679,645.2469,196.1111,34.7778,3888.9753,115.0556,534.1729,372.8333,164.9444,569.4506,1815.4321,100.5926,1522.2098
2964.5,3541.1,669.3344,0.0596,0.0828,263.6424,66.0927,10.0894,2348.8179,0.957,194.6788,290.7086,15.8775,32.8278,1986.0133,2.106,602.6292
2906.9,3542,683.8857,10.9107,0.2964,300.3107,5.625,16.3429,2583.6035,66.3607,149.2143,234.075,52.275,53.2786,1721.3965,97.7,237.6464
2889.7,3542.3,922.0958,21.578,0.0816,548.1915,847.344,47.6489,2521.0212,125.5851,748.4078,1125.7163,226.7695,80.1915,2414.5178,134.461,2278.0391
3002.4,3542.8,920.8398,18.0925,0,584.4413,77.2918,82.4662,2394.9929,154.9822,1104.4342,657.8149,301.7011,900.9217,2664.3665,151.1957,3334.8933
2881.4,3544.1,756.3698,4.926,0.0562,398.0148,30.1302,44.5888,1967.5326,54.2515,942.2042,430.9053,156.0976,1123.932,2833.9409,105.6805,3697.9675
2850.4,3544,589.1716,3.5597,0.1567,378.9142,1.7724,46.041,2078.0225,41.9664,528.5634,311.8395,129.6903,49.1716,2364.7576,86.5821,1505.1119
2937.6,3543.5,786.1859,24.6884,0.9598,1019.5678,14.2613,13.6633,2585.8091,96.9347,207.1658,692.8241,78.3518,62.8543,2246.9597,89.9397,407.8091
2827.5,3543.9,778.257,9.6338,0.212,489.6188,293.9593,59.7131,1864.5182,111.9443,442.5375,628.5782,101.5118,354.5996,3440.1755,154.8287,985.379
3033.5,3544,587.0087,3.2435,0.1043,501.1565,9.0087,89.1304,2083.3218,83.7565,858.1652,419.9044,245.0435,214.6087,2172.1565,113.9304,2092.5217
2807.6,3543.9,634.5992,4.3198,0.0445,561.6518,3.5668,63.3482,1683.834,72.1174,225.2024,212.7733,33.4413,57.8664,3207.6235,190.3927,224.1336
3008.7,3545,1248,29.7474,0.0684,1950.8158,75.4632,63.2632,4895.2949,266.0211,954.5737,1945.8158,161.1632,294.7684,3029.7422,141.4579,1661.5631
2872.5,3545,659.2468,2.2975,0.0032,637.0507,2.9462,29.5095,10347.9023,66.9335,1753.6013,570.3449,18.6487,85.6076,2716.8259,72.038,1446.7373
2952.3,3545,787.925,19.0312,0.0688,370.9375,437.1187,8.6875,2499.2124,98.8688,233.3625,732.775,67.6438,64.7812,1476.45,84.525,437.0938
3017.7,3546,982.9222,23.9296,7.0481,646.4333,34.2556,73.8852,3306.7371,573.5185,593.1592,475.9889,166.6185,150.5222,3429.9963,170.9889,1087.6371
2986.9,3546.7,715.3922,13.6667,0,435.4575,26.281,29.9608,2219.5491,115.3268,560.5817,401.9019,97.0588,71.2353,2387.4836,105.2092,1476.4445
2977.4,3547.3,907.7741,22.8705,0.1736,510.9532,1230.3884,57.6336,3975.6392,245.3361,629.449,1826.6639,126.1488,94.2672,2967.8127,138.595,1807.427
2967.8,3547.3,667.0655,9.1429,0.2143,371.5655,28.9048,28.8869,2323.1072,88.506,393.3929,312.9405,102.7024,103,2359.0417,85.9345,1290.5654
3039.4,3547.5,748.3026,12.6718,0.0256,407.9949,25.9385,124.9179,1952.0513,95.5744,929.4052,473.2974,279.8154,1117.1333,2022.5179,132.9385,2399.2153
3023.7,3547.4,741,2.1692,0.6308,584.0154,9.1231,37.6,3443.2922,185.6923,607.4769,372.5077,147.4462,492.8769,2614.9846,112.4462,2022.4923
2811.2,3549,859.6519,8.2148,0.9333,763.3852,6.7185,57.6296,2318.3555,121.7333,562.2593,316.5704,60.6963,79.1185,3187.8667,368.437,198.5852
3028.9,3548.6,729.6684,4.3264,0.1554,670.3679,12.2124,38.2124,4070.3833,91.6995,515.2125,354.829,94.4041,173.1917,2799.1501,87.9689,1560.5751
2893.4,3549,908.0499,8.5132,0.0469,456.2023,162.1173,59.0733,2168.1555,99.7713,831.1642,527.2698,173.7185,411.1554,2781.7566,108.4282,2536.8828
2908.6,3549.3,518.9231,2.6058,0.024,371.5529,9.4567,31.149,2690.1299,48.5385,686.3558,319.3846,110.4135,144.6106,1747.0913,87.375,2311.2356
2819.2,3549,821.7694,9.4035,0.0476,572.0576,5.6391,63.6491,1776.025,92.9098,241.6967,249.8195,53.619,143.416,3230.198,169.3985,387.2607
2962.7,3550,586.5682,3.5,0,346.5114,26.4659,50.7614,1976.7614,74.5227,717.8864,384.9204,93.9886,90.4659,2140,108.375,2697.3181
3063.7,3550,643.0963,9.5185,0,403.7889,113.1296,23.737,2547.2297,103.9519,532.3778,412.0741,124.9667,186.0037,1333.6926,227.4,917.2629
3005,3550.4,696.6135,12.9328,0,1608.3445,26.8319,52.958,3834.4033,153.6975,855.3865,2126.7144,124.6218,78.5294,2448.5967,144.3445,2852.2017
3052.8,3549.8,529.9415,8.7207,0.0045,351.536,90.3964,8.518,1957.8108,72.8513,539.4504,350.9865,50.7252,63.0901,901.4279,446.5225,484.1126
2839.5,3550.3,792.5053,4.3679,0.0719,828.6871,3.5137,35.1501,13199.0596,48.1416,364.0825,864.8245,31.1226,54.9789,2540.22,79.5793,671.9979
3014.7,3551.5,728.5606,1.8485,0.9394,714.0606,994.4091,97.6515,4010,414.9697,1183.4546,2730.7273,141.7727,119.4091,3396.4849,173,2422.5908
2902.4,3551.8,900.4387,4.2594,0.033,433.9245,4.1274,47.7972,2221.6367,96.1462,1072.3962,455.5755,260.9858,1505.967,2946.7737,130.0849,3749.3301
2805,3552.2,788.4506,10.7222,0.2315,558.5062,4.7191,70.3364,1736.1512,102.8272,213.5648,244.534,60.3117,70.7994,3317.3796,190.1759,186.1605
3033.8,3552.6,628.6435,3.3739,0.113,553.5305,19.5304,102,2910.9739,60.6957,716.687,421.7913,73.4609,102.4,2651.739,100.0783,2163.9827
2828.2,3552.6,741.763,8.9942,0.0867,523.4855,2.6936,59.9942,1929.5144,96.7399,608.3699,336.2948,83.2197,331.2081,3422.0288,154.0809,1096.4451
2989,3553,521.4857,3.9,0.1,341.8,5.6286,7.6857,1843.7,60.6857,236.3286,222.3286,40.9714,51.6143,1568.6143,70.8,672.1857
2882.7,3553,723.4015,4.2299,0.0547,389.3358,130.2263,48.9526,1921.0547,64.0328,813,423.584,124.4562,1009.708,3032.4854,96.9672,2473.6606
2895.7,3554.1,737.9434,0,0,496.0378,0.4528,31.1132,1970.4906,26.7075,640.3491,297.3773,46.0472,1266.0566,2524.3208,56.4717,1888.6415
3026.5,3554.4,767.6763,9.1942,0.0072,935.777,56.4532,52.518,9437.4824,181.2518,809.3741,645.3022,86.3093,94.1223,3230.2229,141.6115,1730.8993
2920.6,3554.2,644.1281,8.6677,0.0213,600.4421,41.7561,36.9848,5417.0884,104.4329,958.6097,597.5884,217.4177,1567.5183,3001.125,130.8506,2947.1401
2955.5,3554.5,822.4107,23.3036,0.3333,499.369,1107.363,20.3036,2421.7798,116.9107,474.9167,1211.7858,92.3571,79.375,2225.7083,113.3631,1381.2142
2815.7,3555,572.6644,6.1946,0.2685,521.5302,3.1074,58.8456,1573.2886,66.6644,226.7718,205.4765,26.0872,86.3624,3025.3691,212.3557,194.953
2871.2,3554.8,1077.6765,15.8787,0.0377,818.8032,10.1078,37.2426,3162.0081,138.345,650.9919,1502.7089,116.4555,172.0404,2579.407,108.1968,1700.6658
2994.1,3555.1,477.1706,5.1882,0.0471,393.7823,16.6824,34.3412,2300.5706,87.2706,525.6177,319.0706,122.8235,63.4647,2356.2236,95.0882,1891.5236
3040.6,3555,727.2857,8.1964,0,347.3393,129.7857,78.1964,1997.9464,102.25,791.6071,486.9464,215.375,1266.4286,1789.4286,140.8036,2058.6072
2863.5,3555.7,597.775,1.075,0,711.85,0.95,21.525,8825.9248,13.35,555.325,450.85,7.025,59.675,2464.9751,62.55,1563.275
3048.2,3556,694.5246,8.3033,0.0328,382.1476,21.123,20.4754,2684.9673,78.9344,531.5082,357.5738,99.3033,570.5246,1707.8115,156.4262,1197.5656
2964.8,3555.6,738.0322,11.5563,0.0096,442.0643,32.717,21.5402,2238.4565,110.1125,525.1286,357.3665,140.1511,593.5466,2110.8167,125.2669,1827.9518
2938,3555.8,616.8566,8.1229,0.0785,452.6433,57.7526,44.6758,3138.9062,97.3345,1001.6979,796.971,141.1195,645.7355,2589.0581,127.9846,2637.8071
2800.9,3556.7,513.2054,2.5625,0.2232,499.6518,1.4643,54.3839,1415.4286,90.5893,161.6161,183.9375,19.4554,49.5625,3191.9465,159.9286,160.9732
2908.5,3556.7,589.0944,0.5708,0.0142,310.4151,2.1698,44.2594,1679.7594,34.25,1008.3632,390.9906,140.8868,787.8538,2350.1558,70.684,4561.3682
3059.4,3557.4,699.6565,11.2188,0.0051,510.743,165.5064,12.5827,5139.6562,94.5318,305.2901,445.5878,56.4936,70.1959,1377.8219,450.1094,529.8244
2855.7,3557.4,639.3679,5.6268,0.0531,365.4157,4.3652,37.2537,1792.2404,63.0412,869.5046,355.9349,188.9827,619.4529,2395.1899,88.251,2581.842
3017.5,3558,774.3559,8.7569,0.1128,1138.188,25.5464,64.8772,12456.624,193.0777,961.01,733.9023,117.0251,83.5589,3891.822,130.8847,2178.7219
2825.5,3558.7,715.7467,9.4474,0.0362,537.5,5.3882,55.2237,1859.0066,81.8882,232.0526,235.8289,47.125,60.3355,3218.8257,153.3487,309.9934
2900.8,3559.7,528.496,0.8307,0.0748,364.1575,0.0315,36.8307,1860.5039,14.248,898.4016,343.4843,18.3858,203.6496,2618.9841,55.1535,2834.4763
2888.1,3559.3,593.9391,10.2435,0.7217,451.7478,21.7565,11.6,3236.3652,59.0261,351.0174,281.5043,40.687,56.2087,1818.4174,104.9217,734.3478
3005.4,3559.5,616.8438,9.1875,0.0208,1028.625,22.1771,30.0417,14198.2812,129.6042,727.3125,434.8542,54.8542,69.4688,2659.1145,113.9167,1921.9166
2878.5,3559.9,846.9225,9.0155,0.1085,545.4225,66.2442,54.093,2582.6743,111.3605,952.2325,634.5582,238.2364,730.4535,3250.1472,143.6318,2609.8604
3040.4,3559.8,935.9416,10.6569,0.0438,481.219,1017.2628,104.2993,2374.9854,113.0219,724.2773,1141.219,128.5182,150.5329,2030.3358,103.6715,1850.3138
3031.3,3559.9,901.7468,13.8291,0.0633,541.6329,53.7722,184.538,2343.2278,200.6139,1240.1898,826.7278,290.3354,2076.9431,2819.0442,178.9114,4147.6074
3025.1,3561.7,883.0398,56.1947,0.115,702.5797,27.0929,96.3053,4776.6016,266.9734,796.584,1642.0398,176.4734,102.0398,2434.0266,116.7965,2384.3716
2992.7,3561.5,535.4836,11.1803,0,429.6721,20.4754,51.2623,2397.1804,142.7459,785.3279,398.4672,190.7213,79.3934,2951.3606,130.1393,2551.0083
2976.7,3561.2,749.2797,12.2614,2.0821,514.4407,124.4742,49.9149,2805.5198,398.7812,432.7964,379.2644,174.9757,75.7264,3159.8511,137.5471,1328.845
2809.8,3562,769.3346,9.7639,0.2379,508.1097,5.4257,68.3364,1626.3717,101.5093,173.435,226.5446,54.4071,291.1357,3347.6357,168.0223,182.8532
2961.1,3562.4,716.4855,14.4723,0.0712,498.3615,29.5937,51.8786,2490.9155,246.3008,1111.2374,500.3456,243.153,480.1187,3032.4143,187.5013,2916.7625
2922.8,3562.5,616.6828,8.0352,0.0617,404.7577,37.2599,38.5242,2051.8679,94.4273,708.1718,545.5507,214.5154,955.8458,2601.8591,113.0705,1791.8149
2945.3,3562.7,539.2436,5.1026,0,427.359,23.7692,95.1923,2032.9487,108.5256,1474.7435,581.9487,248.2692,816.1795,3082.9102,145.8205,4637.9741
3036.6,3562.9,880.0354,10.9823,0,473.6991,97.3717,72.4159,2232.3186,141.1062,853.8672,505.7168,256.9292,291.5044,2460.177,123.3186,2651.1946
2846.3,3562.4,670.8896,7.9517,0.0138,376.8483,2.5448,33.4897,2152.1035,76.4759,796.2621,371.6759,115.3793,95.8552,2430.6345,119.6483,2110.7793
2798.5,3564.2,440.3259,2.078,0.2061,425.5543,2.6435,71.5933,1295.6045,113.7326,144.7354,176.4206,19.7632,67.9164,3361.3203,141.2256,156.1866
2870.2,3564.5,738.8157,10.2755,0.093,527.814,6.7889,36.6369,2439.0662,107.4526,1027.0339,616.4454,228.2379,81.0107,2678.1128,125.653,3344.6619
3031.5,3565.1,798.45,21.2833,0,551.1334,59.4667,225.0333,2331.7166,199.7333,1479.95,709.2333,342.9167,791.7833,2773.2834,168.4333,4310.3169
2839.4,3564.9,655.3264,4.6647,0.0419,400.6647,2.2874,27.5569,2244.2156,59.6826,449.8862,288.9551,46.8204,59.015,2440.1348,111.1976,1056.1766
2937.1,3565.1,884.1747,21.2671,0.0616,569.8322,16.2123,93.9829,2447.9006,140.0171,1389.3287,611.0582,326.1575,337.7432,3105.4314,164.9555,4025.3699
3045,3565.7,840.408,9.3177,0.0325,500.3971,178.2996,93.1011,3949.6028,105.4404,736.5415,546.9855,247.2563,1012.0939,2609.0542,151.6787,2061.675
3054,3566.3,734.369,9.2897,0.0198,406.4405,23.4246,47.2143,3120.7419,90.8095,572.9722,377.5873,195.2182,425.2222,2089.9644,131.4682,1515.0159
3013.1,3566.5,844.2322,16.2353,0.0557,850.7214,35.8885,59.4458,4412.833,184.4396,1084.8948,545.5109,234.8483,831.0155,2964.9536,136.7585,2666.0217
3066.3,3566.7,962.375,29.4773,0,755.678,52.0909,15.0758,5255.3184,140.375,371.2197,600.8788,90.9659,78.4091,1653.0909,129.822,603.3826
2824.7,3566.8,650.3701,6.0991,0.0286,438.0969,3.5969,44.7181,1794.1057,70.63,198.3745,211.5617,41.9626,56.4251,3225.7136,147.6894,252.4141
2928.1,3568.1,844.9592,15.5306,0.0476,539.5884,18.2177,56.619,2076.8298,127.6088,969.0714,480.6769,246.0068,703.5544,2969.7517,130.1803,2135.7688
3001.6,3568.3,864.8941,22.4824,0.0078,435.6235,38.3725,45.6118,2512.0039,122.8471,642.3373,482.298,229.7608,792.4941,3002.5491,118.6549,1915.0314
2851,3569.8,612.4004,7.4081,0.0329,394.8569,6.2263,37.8723,1628.2631,82.9845,949.7234,394.766,120.1857,77.9865,2500.5281,107.1547,2389.9961
2915.3,3569,497.8238,6.6516,0.0656,624.4016,7.5123,46.4754,3946.9712,107.6844,1558.6968,636.25,168.2869,79.6271,2949.6763,140.209,3707.2542
2891.1,3569.2,602.7152,629.3291,353.9093,364.9705,2.1646,19.4852,2954.825,22.6456,236.2489,187.9641,18.5422,48.8924,2426.7236,62.8565,470.4789
2986.7,3569.1,771.2039,13.7174,0.4311,625.1485,127.8068,61.9177,2195.0662,182.5367,1048.8229,588.313,234.8122,964.0948,3364.4329,165.0036,3205.9214
2814.8,3569.7,697.3947,4.5132,0.2072,465.0362,4.125,53.7961,1670.2731,78.4737,196.0559,216.1184,38.1711,72.3717,3091.375,154.3849,242.9474
2933.7,3570.5,1067.7065,62.2065,0.2935,586.7717,23.8587,81.1739,2283,169.8804,1146.8695,599.413,365.4783,421.6087,4159.4458,191.1413,2690.6956
2973.1,3571.5,592.5124,11.979,0.4248,547.4152,424.6343,72.4057,2262.9658,144.5333,1043.9238,715.139,255.421,313.8952,3067.5505,150.2952,3136.7981
2900.3,3571.4,589.0872,9.7849,0.1279,941.7907,7.907,33.9651,9180.959,100.0407,650.5872,401.9244,61.3547,64.3488,2834.2617,96.6105,1306.686
2943.9,3571,1059.7899,23.3619,0.0039,594.5914,23.8911,86.4864,2415.3269,169.6848,1773.7042,721.358,430.5876,537.7704,3873.7627,371.4864,4887.9263
2910.5,3572.4,422.0909,2.798,0.0404,321.1717,5,37.8889,1396.6061,63.404,875.0101,369.9495,123.3636,497.6667,2234.4443,95.7778,2718.8989
2953.1,3571.8,769.5746,14.3875,0,516.2193,45.2873,46.8204,2632.1287,148.6125,794.0529,562.5671,154.0359,286.3422,3157.1379,384.5955,2079.845
3042,3573.7,1011.7192,18.8051,0,537.2297,208.5568,48.6729,3167.9465,136.1763,810.0046,577.8747,201.0719,1705.1368,2351.5059,122.7703,1937.0719
2873.2,3573.1,673.6407,8.6976,0.2335,506.2725,9.3054,36.1647,2380.8713,103.979,872.4611,405.0629,234.1557,212.6557,2515.7786,224.6407,2404.03
2837.4,3573.5,719.22,4.512,0.016,651.132,2.028,25.788,1866.116,64.324,517.996,672.256,50.488,120.748,2283.176,78.348,1129.368
2806.6,3573.3,736.1816,5.4932,0.2629,491.2222,3.0569,71.3957,1702.2385,90.0677,178.6504,219.8049,42.6667,74.8672,3502.5637,170.7155,178.2222
2994.9,3573.9,925.35,20.4389,0,515.6722,72.7444,52.3667,2267.1721,139.0945,936.3333,495.6555,373.9833,2108.3389,3065.6943,177.3944,3011.5
2884,3574.2,649.563,79.9099,36.7072,395.4054,3.8559,16.536,2163.0134,78.7658,359.5045,248.6441,59.045,90.1937,2061.9099,109.4595,847.3018
3004.1,3574.4,1071.0154,24.8231,0,595.6462,42.85,40.0115,3000.6309,156.3846,652.15,473.4154,275.0423,1307.9923,3135.1038,147.7346,1725.0116
2795.6,3574.7,576.7191,3.9163,0.0876,493.2789,6.5976,80.7151,1508.4064,93.6434,202.1454,211.3944,37.99,54.5956,3661.8965,139.1713,162.1494
3072.6,3332.8,863.617,0,0,114.3298,0,72.0851,1363.5745,0,387.0851,59.6702,8.8191,8.5,2710.3086,0,1942.9894
3078.1,3334.8,710.9207,0,0,122.1746,25.3175,50.3016,3253.1746,0,406.6349,66.3175,0,17.0317,3079.635,3.1587,1140.2222
3086.8,3334.3,789.5941,0,0,79.6,0,14.8824,1083.2588,0,198.6706,25.1471,0,9.4471,2710.947,1.2353,760.5294
3109.2,3338.1,1213.9774,0,0.0056,142.4915,8.8757,61.678,1561.1864,0,392.7062,214.2429,2.9944,51.8814,3348.644,2.1977,1546.7345
3104.4,3338.9,887.6316,0,0,68.7368,9.4211,38.0351,917.3158,0,340.1579,153.4561,5.5614,9.8772,2584.9648,3.0877,1744.2632
3096.6,3339.1,795.058,0,0.0516,134.3548,0.9548,37.3871,1123.1484,0,262.0193,118.2194,5.2258,33.0258,2399.7227,84.1871,834.5097
3089.6,3339.9,862.5185,0.4762,0,121.1111,1.0159,12.4021,1665.0952,0.4074,181.0265,128.1693,1.1481,13.1746,2305.8201,7.127,581.8095
3117.7,3341.4,1122.0526,0,0,320.9895,38.7895,81.6526,3457.1157,0,309.3789,471.1474,1.3158,22.9895,3005.8738,8.0211,1166.8737
3077.3,3342.2,616.2656,0,0.1867,469.1535,3.2988,49.2822,4158.834,6.6183,364.2905,173.7012,3.2614,32.8133,2462.5933,88.8548,830.8714
3105.2,3343.4,1171.8679,6.8302,0.0943,282.0755,253.2264,32.3585,2103.7454,81.3113,345.8773,527.9245,126.1038,70.3019,2338.0754,104.9528,1647.1038
3100.2,3345,865.2228,4.1451,0.0466,292.8705,12.5699,30.9845,2289.7927,56.2953,240.9275,226.7824,118.3679,363.399,2273.0725,198.6477,839.9171
3110.2,3344.8,1274.6345,16.6193,0.0812,459.4924,947.0101,29.8426,2909.7258,154.5279,339,1442.6447,182.8477,96.269,2346.9797,262.5736,855.5787
3118,3346.1,884.6585,6.0341,0.0341,788.4488,111.5415,36.6293,6067.4487,92.5659,288.1805,688.9025,60.4439,57.7659,2526.2781,191.239,583.9512
3084.7,3347.9,857.1422,13.2888,1.2759,611.4181,1176.806,34.681,3084.0906,87.0129,385.1983,1328.625,76.7284,72.819,2248.8665,133.9698,854.2802
3093.4,3348.6,941.0872,8.6009,0.0734,429.0229,26.2615,8.1881,3307.5093,68.1927,258.6284,317.289,79.8257,263.1743,1549.9496,1341.0872,441.0734
3111,3351.5,829.8474,3.2811,0.0281,492.6908,75.9799,42.2048,3784.4297,53.0522,546.9317,540.6466,76.5663,80.5582,2930.719,882.6627,1392.3936
3083.7,3354.9,923.3246,9.5931,0.0346,496.9091,291.1559,23.8831,5869.814,76.3593,293.7143,528.2424,44.7403,61.8225,2564.1516,266.1948,578.4373
3074.6,3354.8,855.9882,181.3343,97.1361,436.8846,12.6035,17.074,5011.3936,75.1775,258.2367,275.0592,47.3106,46.7485,2150.1213,169.0503,511.1509
3099.2,3357,1361.2424,29.2164,0.0433,551.1818,526.1125,23.7619,2685.9307,114.5368,358.9004,1092.9957,84.5411,77.8355,2857.407,102.3593,745.2727
3110.7,3357.3,773.7922,2.8052,0,603.3636,12.7792,56.987,2197.3896,80.3377,951.4286,481.6364,130,145.2338,2402.1948,100.0649,2573.9609
3129.9,3357.2,658.0759,2.6582,0,432.6329,20.4937,71.1392,3234.595,7.9747,834.1392,357.3798,13.9494,43.6962,3203.4683,36.2658,2148.0632
3104.1,3359.4,987.1594,20.3043,0.0145,539.7826,57.4783,28.4493,2529.3623,122.8406,449.1594,432.5217,129.0145,82.8261,2032.884,114.6377,943.6087
3116.4,3359.9,732.0068,6.7687,0.0204,453.0544,53.898,60.5578,2095.551,89.2517,791.3945,468.6327,178.0068,235.4558,2360.4421,99.4218,2298.7754
3134.3,3361.2,531.4075,1.5445,0.0445,431.774,14.8253,32.589,3255.822,35.7808,621.4794,338.2637,70.2397,212.2192,2224.0239,65.3151,1625.3972
3122.6,3363.4,1044.9653,15.9282,0.1366,483.1111,1607.0486,79.3264,2530.9167,120.5231,599.6667,1842.618,94.0995,77.9722,2436.7847,121.5046,1778.3171
3089,3363.8,1028.5667,18.5556,0.0481,585.4,318.5185,59.4074,2936.0815,99.8593,475.3852,730.2963,176.2407,60.5333,4497.252,89.8148,1156.6704
3082.5,3364.9,818.0735,9.4265,0.0147,1095.4412,27.0147,48.1029,4406.0737,110.8529,615.2941,1524.1912,160.6324,55.2647,2376.2058,116.6912,2224.6177
3111.7,3368.6,1178.4489,19.6667,0.0693,1362.1519,41.3432,27.7063,2774.3069,133.7426,347.472,1475.1716,91.8152,64.769,2120.6072,145.2475,1002.3663
3101,3368.7,748.7277,15.4233,0.7005,646.5569,17.7624,22.9653,2136.7996,81.4851,600.2525,627.0594,167,47.5099,2003.5024,89.0941,1821.7649
3075.6,3369.3,947.1402,16.3026,0.0074,1408.1218,48.6716,31.8967,2756.5535,91.4613,379.6125,2249.0479,76.1919,58.8007,2861.3652,103.5646,1046.8265
3129.5,3370,659.3913,4.1371,0.0334,350.408,108.6054,29.4716,2064.1038,39.4047,291.5686,348.0334,37.5552,45.8127,2181.9031,64.7692,1119.8127
3145.1,3370.9,739.0173,11.1618,0.0231,319.659,211.9306,28.9942,1520.4509,63.4913,636.9885,540.711,140.948,82.3873,1999.3179,74.3642,2332.4509
3094.6,3371.5,692.2188,14.0781,0,570.9375,10.0312,8.9531,2236.625,83.9375,446.0156,303.1719,63.7969,40.5469,1760.875,68.875,873.6562
3139,3373.4,814.6684,15.3158,0.0053,353.7421,637.1158,21.9895,1908.321,91.3947,429.8263,734.2842,113.9579,66.0895,1641.9105,85.1211,1316.0526
3150.5,3374,650.6372,4.3907,0,360.6046,23.2465,36.3395,1692.9349,58.4791,671.9256,373.2791,172.9442,173.2884,2111.2,99.9256,2289.6558
3107.3,3374.8,1235.1554,109.285,34.1762,849.7047,244.544,26.2228,2726.1296,151.8238,266.1244,941.3057,114.2021,88.057,2211.2124,251.0311,480.5129
3122.7,3374.6,875.2869,9.1195,0.0677,759.4661,149.8765,21.3466,3670.8567,121.6056,675.0199,603.7251,66.0797,66.3705,2028.3824,278.5378,638.3028
3112.5,3376.4,791.131,14.369,0.2619,1012.2024,973.8452,4.7381,2269.6428,86.381,190.5595,1142.0476,45.9286,67.3095,1583.5,1041.4762,358.9286
3117.3,3377.2,629.5585,5.1429,0.1429,583.0519,476.7532,10.0909,2299.9871,94.0779,261.4416,532.1169,45.2727,49.8571,1747.7662,198.2078,580.6234
3159.1,3377.6,705.3657,4.6455,0.0634,464.4888,10.1978,107.4963,2219.3582,84.1754,1022.0821,483.5522,279.5746,236.7313,2795.9626,137.8433,3419.4216
3086.9,3379.4,562.9702,32.2687,0.1045,420.4179,32.5821,46.2836,2114.0149,75.9104,618.5224,421.1642,267.7761,58.5224,2464.8208,104.2537,2884.6865
3095.7,3379.3,747.5499,143.5076,78.1873,397.2054,16.3353,26.0937,2169.4563,88.0906,383.0876,299.8187,94.6405,54.3202,2163.7673,87.6495,1055.1661
3140.7,3381.3,842.5347,78.7855,0,426.4026,1123.7129,37.4488,2158.1914,132.1881,499.4918,1141.165,175.4092,86.0165,2011.3202,108.5446,1174.5907
3166.1,3382.8,910.6921,11.7119,0.0085,788.5367,25.2373,108.6695,4515.4238,147.096,1317.8898,622.4153,291.2316,405.3898,3084.7825,164.5904,3784.7881
3132.8,3383.3,889.8794,5.9689,0.0039,562.5059,201.0817,25.323,3171.1167,109.4514,701.2374,566.7238,234.5136,1432.288,2761.0466,153.1556,2175.2764
3078.7,3383.8,932.4188,16.4764,0.0681,338.89,507.2565,11.2461,2214.9109,82.0314,212.11,865.8272,84.3874,42.1152,1662.6963,88.4869,773.6597
3158.3,3384.7,861.3821,4.2683,0,683.6423,9.8374,97.3089,3938.1301,91.2358,1151.1788,550.7317,217.9756,677.1626,2828.4878,118.4878,3561.821
3126.3,3384.6,770.9733,4.2,0.0667,608.5467,23.5667,40.58,3885.4268,101.64,1128.0734,647.46,273.14,808.46,2842.3999,164.54,2499.8
3072.3,3385.9,1135.7729,36.0242,0.1014,431.7101,237.4976,19.2947,2660.1401,156.3237,280.7246,573.8116,252.8985,61.4686,1884.5604,151.3333,809.9034
3105.4,3386.6,700.4157,8.0974,0.0674,490.6554,483.4569,22.4045,2479.8464,119.5581,270.6854,586.9888,55.8652,51.2472,2028.2734,116.7491,634.2509
3091.5,3388.3,802.5255,109.2246,15.3771,309.1017,17.822,11.678,1941.8263,83.4237,164.4958,258.8008,47.5085,50.5551,1553.5297,80.9703,299.3644
3083.3,3388.7,780.6889,127.4407,61.3,384.8593,96.4037,19.8481,2434.5408,83.437,240.0815,350.2704,80.1815,50.6111,2147.1406,85.8519,816.5222
3112.7,3389.4,1014.8557,21.1357,0.0348,1139.4053,329.313,40.7496,3430.1653,173.0104,527.3409,1132.5234,102.5791,76.7026,3045.6609,159.8,1440.5844
3153.9,3390,727.7,10.813,0.0957,471.9174,28.4652,67.2565,4236.4868,122.7,769.6696,450.9131,307.6348,101.3565,2385.5566,111.4217,1946.0392
3124.4,3392.3,1104.7573,15.0478,0,676.625,167.4044,51.6507,5283.6211,158.7684,1055.0184,827.9008,357.4301,790.5772,3095.2905,208.9632,2984.2905
3160,3392,812.2968,18.2903,0,553.4129,29.2,98.6581,2957.5032,132.5032,1044.4904,527.2129,295.6387,939.9355,2710.7549,163.3548,3036.8
3131.1,3391.8,1275.4869,18.5236,0.0995,551.0262,26.9738,60.3194,2519.2983,153.0785,910.9581,1452.1309,287.6859,456.5864,3035.178,157.4607,2767.1729
3186.2,3393.7,1362.2657,47.029,0.0483,1037.1305,1274.0145,53.0918,2658.9614,217.7391,587.285,2372.7632,164.8599,102.4928,3497.2126,154.087,1701.9711
3104.8,3395.4,947.8521,8.3239,0.0634,648.3099,1441.6902,36.007,3525.8943,137.4718,478.9789,1559.9436,73.8803,66.8169,2249.8804,93.4225,1474.3944
3097.5,3396.1,1042.8507,15.5569,0.1801,485.7251,1050.3625,52.7488,2577.1162,129.3081,595.5213,1103.8127,130.5,71.827,2260.2275,123.2867,1828.8768
3169.1,3397,597.9231,3.4556,0,658.9231,284.3905,65.7692,2038.1006,89.9112,1069.1361,805.142,214.4852,276.7811,2284.9705,122.9231,3633.2012
3153.9,3398.4,462.473,5.0498,0.0083,407.4481,46.6598,24.7469,1901.2738,65.556,569.7303,368.9336,130.9253,48,1790.9917,81.7676,2020.4232
3077.3,3398.4,803.0168,221.6517,176.4242,399.6376,19.0169,16.3989,3061.75,96.3343,171.0421,265.4157,59.2051,49.3315,1760.2051,106.1489,298.6376
3135.4,3398.9,677.1481,4.6914,0.3457,446.0741,33.679,39.4321,1630.321,95.1481,835.7654,454.3827,167.9136,58.1111,1683.6914,88.1852,2658.2715
3108.5,3400.2,811.0255,12.6949,0.4237,875.3898,888.6187,36.7288,8212.8389,185.322,592.7881,1539.0254,78.7119,79.9576,3049.9832,129.4661,1739.8983
3128.8,3401,1119.9368,22.0329,0.0684,634.4506,693.5367,127.9696,2673.0381,157.4354,1201.0532,1181.3317,261.1747,193.9899,2736.0354,184.3418,3368.0708
3182.1,3400.9,1018.1702,11.792,0.042,639.5084,260.4034,40.5126,2756.1619,113.8802,616.4222,878.3907,138.5588,213.3613,2876.876,117.7626,1613.3844
3162.9,3402.2,950.6614,18.1594,0.0478,483.9044,1125.984,48.7649,2169.3665,128.8964,688.5577,1601.1195,143.3267,58.5896,2380.6931,122.0677,2299.749
3117.2,3402.3,1470.533,37.641,0.0366,635.1025,748.9432,72.4157,3565.1062,196.1044,1049.6392,1337.9139,287.1703,622.6539,3231.6667,203.837,3064.4121
3144.1,3404.1,902.7152,10.9536,0,505.5166,92.0728,34.2583,2544.5034,123.457,985.4172,580.8609,248.9934,2034.9337,2608.2715,147.7417,3258.2451
3089.3,3404.4,847.733,32.9975,0.0277,523.9521,16.4736,36,5009.126,126.2343,558.9144,402.9874,115.4156,80.7557,1705.1461,152.262,1609.1461
3188,3405.6,783.1382,7.0488,0.0407,526.6667,106.0894,64.4228,2440.7805,94.4553,918.0406,797.4553,238.8049,87.7724,2343.1057,98.8455,1986.1788
3097.9,3406.2,1050.595,273.5823,0.2743,522.4768,78.308,124.1688,3280.8186,307.7257,620.8776,560.4641,222.7553,162.8819,3633.325,251.8186,1962.6034
3075.5,3407.8,673.636,222.1686,49.6973,339.3946,6.2069,19.7931,2942.2566,45.2874,178.5172,239.9885,19.1418,43.3946,1361.7662,66.1341,434.3372
3213.1,3407.8,792.2527,2.1075,0.086,1180.629,4.9516,55.7634,6010.5322,122.0645,729.457,427.8602,53.1882,89.0269,2878.9624,76.7527,1592.4301
3148.9,3408.2,673.8271,9.0988,0.0123,545.7654,450.4197,33.5309,2457.0371,108.8889,736.6913,1113.9877,213.5309,1427.8395,2639.79,157.3827,2814.6296
3104.3,3408.9,1189.0616,24.3344,0.0552,567.0746,701.3604,93.8799,2734.8669,208.0065,1265.5682,1650.2629,265.7435,625.2825,3255.802,198.2695,3627.2954
3119.7,3409,1350,37.7812,0.0729,564.1771,180.1875,78.9688,2839.9688,195.6771,1493.5209,784.1771,385.8021,1036.9375,2901.3542,197.3854,3806.5105
3159.3,3410.2,726.6967,10.6404,0.0936,874.4832,55.0599,132.3371,2281.251,120.3333,951.8165,1016.5206,213.8539,64.2809,2664.2996,157.0037,4730.0747
3130.3,3409.8,914.0161,6.1378,0.0032,734.8333,379.2788,55.8494,4411.9648,98.5609,910.4519,928.2211,132.6827,224.6923,2593.9807,129.0481,3231.1987
3195.4,3411.4,596.3214,5.7571,0,549.3143,21.1071,34.8857,2924.5215,106.6571,777.1786,410.1071,109.3214,54.1714,2538.9856,127.7357,2196.4072
3114.3,3412.6,1117.4117,15.8396,0.139,594.7861,92.3904,80.4599,3160.5615,168.7487,1440.4652,798.6791,281.7166,583.9626,3058.3958,173.2781,3849.9731
3177.9,3412,1295.4542,34.6311,0.0701,1277.8628,342.561,69.9238,4891.811,201.6128,1213.5,1709.4542,200.6494,814.1555,3311.6067,193.0823,3394.0273
3122.3,3412.4,871.4255,2.7766,0.0213,610.4787,113.4255,68.7766,3698.4468,76.4255,1330.4149,691.7234,214.1277,530.2447,3050.1597,115.7872,3575.2766
3169.8,3412.6,731.1292,8.4067,0.0574,1227.3014,30.6029,85.4115,2800.9331,148.134,1188.6794,1507.7991,232.11,67.4211,3535.3015,184.2392,3946.0718
3090.1,3413.3,974.0739,16.4669,0,593.0895,137.1089,30.3191,4252.0156,127.2335,861.3268,553.6031,157.502,340.0973,2121.3579,105.8444,2321.1401
3184.7,3413.3,882.7218,11.1128,0.0526,566.0902,105.0977,41.1203,3988.4888,110.2256,1039.1354,644.9098,260.015,1426.6166,3098.2104,154.9925,2686.3984
3151.3,3413,1166.25,20.3889,0,652.8704,346.4352,34.7963,2951.8611,151.9167,875.8981,1053.9814,148.5185,125.6481,2394.9167,505.1018,3047.0925
3143.2,3413.2,1426.8027,37.6081,0.0162,800.7919,194.1811,29.2703,3762.4675,178.727,590.5244,1011.5378,135.2243,105.9973,2769.9324,284.8595,1534.9702
3224.2,3414,952.6154,0,0,240.4808,0,228.9231,1552.3077,0,564.0577,175.2115,18.75,64.4808,4180.1729,0.6731,2751.0386
3217.2,3414.8,1384.4474,22.4279,0,1182.4327,83.1638,72.3276,2822.3789,120.1174,706.709,1629.5037,164.7873,134.2396,4063.4719,120.2078,1774.9829
3081.9,3415.3,685.863,17.9841,2.6592,526.2994,100.9395,13.7675,2672.2771,88.258,505.4968,443.7548,95.6274,98.7134,1266.3535,246.2675,1188.1115
3106.7,3416.2,929.9341,15.0494,0.1934,465.7531,123.8601,44.2963,2508.7119,133.2551,923.3498,703.2593,228.3086,274.572,2571.0288,136.5432,3138.9958
3097.9,3416.2,1123.3359,18.6489,0.2481,517.4962,22.3321,59.4924,2282.9734,177.7176,899.084,605.2061,343.0038,167.9237,2873.0459,132.9733,3204.9426
3136,3416.6,1073.2727,14.8951,5.8951,680.2028,23.9441,9.1958,5026.5312,108.7133,356.8182,481.3846,69.0909,69.6224,1659.9161,284.1958,593.2657
3126.4,3418.4,904.533,23.8323,0.0539,722.988,171.4252,24.012,3646.946,121.2635,522.7245,586.2635,98.4431,167.3473,1737.1737,125.3054,1367.6228
3150.8,3419.8,1209.9258,17.2525,0.0099,810.6337,555.4505,22.2228,3458.8267,148.7376,827.4852,1477.4851,148.9703,89.9505,1995.7921,2295.9802,1491.3514
3195.1,3419,936.2363,7.6781,0.5342,1183.0273,32.7466,30.5445,4931.582,122.9555,727.3527,615.1096,65.5822,80.0377,2692.6848,310.8938,966.8253
3144.6,3419.9,1365.9012,16.3827,0,608.9136,68.0123,21.6049,2780.5679,131.1358,471.0617,736.8395,188.037,152.8395,1967.9012,524.9012,908.2469
3182.7,3420.4,1005.0481,6.4391,0.0449,722.9583,572.2661,46.4199,4998.2534,74.984,836.5833,1278.2725,99.1827,89.8942,3664.5161,178.0417,2145.4968
3092.6,3420.9,1070.1404,19.1462,0,425.2866,244.2865,15.614,1868.3099,117.5965,646.2515,565.1638,216.5731,367.8772,1667.269,126.5614,1978.0819
3170.1,3420.5,819.231,0.8451,0.0163,1104.6086,48.7745,24.75,3024.0869,21.2826,483.2391,829.3696,12.7174,57.1821,2764.5598,198.5163,1088.2065
3189.6,3422.6,856.7465,12.6972,0.1831,911.9507,214.4225,20.0704,6784.5493,116.9437,829.8662,700.1409,90.0493,75.7394,2541.3381,399.3169,1256.5704
3221.7,3423,1521.0052,36.6606,18.5666,1072.094,382.9582,53.1462,4201.6763,155.6788,837.7598,2343.449,173.8903,768.1514,4349.4019,150.7963,1959.9504
3134.6,3423.5,1095.5922,370.9254,478.2412,507.136,27.2193,26.9167,4328.772,113.1228,274.7763,378.4518,80.0132,74.0482,2537.5789,151.9649,383.1053
3212.6,3423.8,578.1136,1.2159,0,501.6364,59.5455,22.5227,2807.0569,42.8636,651.75,429.5114,89.2614,55.7727,2374.6135,100.3295,1995
3121.8,3423.8,1384.8468,16.2218,0.0161,394.4879,151.1089,15.8992,2411.0806,63.8992,453.6048,577.9879,64.3468,76.7339,2273.3025,46.2702,1382.1129
3146.2,3424.7,1291.2643,26.3071,0.0714,417.0428,19.7929,8.7,2187.9856,108.7929,529.2429,527.2143,143.25,79.4571,2045.3857,229.5643,1132.8572
3096.7,3426,765.2381,5.4508,0.0159,488.0921,116.9429,32.1302,2688.2507,86.1079,862.0889,498.8921,161.4127,547.8095,1969.3429,115.0286,2828.0032
3142.6,3428.2,805.4396,14.4505,47.7363,336.8901,7.6813,8.2527,1907.2197,52.4066,331.2637,355.8462,72.5275,65.8462,1860.7693,73.8022,633.4835
3180.5,3428.9,764.1192,6.3462,0.1115,665.4539,11.7462,15.1962,4226.6079,88.6615,592.5308,383.2154,121.3423,497.0654,2403.8115,352.95,1443.027
3129.3,3429.1,1529.8566,85.3361,160.0041,573.6475,97.168,25.4918,2893.8689,169.7131,258.4099,512.3729,132.0656,116.3771,2406.9138,164.2869,466.4303
3101.5,3429.6,850.6733,15.7769,0.4622,368.6215,13.5179,25.4422,2754.1196,91.992,596.8964,389.8526,202.9641,830.7809,2044.7012,152.2829,1854.2828
3110.6,3430.1,958.2725,0.1474,0,363.5833,38.1218,53.3109,3952.968,2.5833,811.2949,391.4135,31.0192,169.2147,2903.5576,15.8109,2937.218
3223.9,3432.1,959.2742,36.7488,83.6889,653.6245,125.7189,42.7028,3638.2996,79.6659,492.0392,566.894,47.7488,75.8779,3248.1775,325.2834,958.576
3163.9,3432,680.0931,4.4224,0.0621,687.6863,157.7795,46.0901,6101.8633,98.6988,1328.205,823.9658,200.8571,197.9317,2586.8821,222.7764,3754.177
3189.6,3432.4,939.7568,33.1081,0,968.4324,25.7027,36.8108,12415.5137,188.4865,740.4324,552.2432,170.3513,71.2162,2800.1892,306.2973,1237.3243
3120.7,3433,1559.2377,33.2673,0,539.1708,1247.2278,27.6015,3128.5471,171.4554,754.2475,1255.7673,161.6262,197.4951,2078.4629,451.0099,2350.3464
3196.9,3434,847.2975,4.4177,0,1158.9209,26.5032,40.1804,4006.5317,86.4494,729.0759,945.3354,69.2911,59.9272,2858.2913,131.5411,2008.6013
3148.2,3434.3,1140.9967,29.9435,0,664.8339,742.0665,83.4053,2623.2126,153.0033,893.9502,1494.8671,176.299,393.103,2523.2891,155.8007,2275.7908
3103.3,3435.2,1133.8376,6.7009,0,453.8633,11.0299,24.2308,2218.812,77.5684,827.3248,458.9017,155.0769,461.7564,2229.0471,95.7906,2249.9016
3138.1,3434.6,790.3386,9.6042,0.0885,403.7552,36.401,37.7344,2854.9324,73.4896,1040.7604,499.1354,201.1562,81.6562,2183.2708,89.5677,3098.2656
3130.9,3435.3,1404.9357,4.345,0,502.8947,369.9708,38.0585,2940.2046,69.807,912.8947,738.0585,158.3158,1357.2456,2636.8889,74.152,2728.5029
3154.1,3436.8,1545.916,64.2017,0.1933,1318.0588,657.1008,98.9916,3160.8066,233.0336,880.6891,2519.2437,224.0504,202.605,3840.7732,182.7815,2415.647
3162.6,3437.4,659.4711,3.0496,0,791.0331,43.0578,43.1322,4929.3638,102.6033,1357.5206,638.686,124.0496,722.0826,2589.3057,124.3636,3335.686
3215.9,3437.4,902.4238,1.1707,0.3567,441.6311,117.1616,20.1768,2979.8933,23.9665,471.6342,399.689,26.7439,49.9634,2321.9421,49.4451,1087.7836
3110.8,3438.1,1141.9714,3.7619,0,338.0381,109.9238,28.4952,2067.3237,46.7619,619.6381,443.5238,137.1524,342.4952,1843.6666,230.381,1647.6857
3243.4,3439.1,901.0227,0,0,237.9432,0,82.0682,1102.1477,0,768.1818,226.8636,0.0909,60.8068,2220.5,4.125,2606.3635
3141.3,3439.7,671.1031,8.5052,0,559.5051,64.2268,165.1031,2876.3918,116.4948,1214.8557,642,202.5567,97.4536,3144.2578,193.4536,4473.6289
3229.7,3440.9,1057.3827,41.509,8.1913,549.7112,333.5054,58.1336,2862.3286,118.8195,964.6678,911.7979,186.7798,132.4079,3015.3286,153.5776,2289.1804
3078.2,3441,669.3117,8.1299,0,663.8961,94.1299,25.4675,4108.2856,115.7922,517.8701,402.1948,87.6364,71.6494,1519.4675,141.4675,1145.1559
3103.9,3441.3,1213.5063,23.6511,0.0426,463.9362,392.7574,46.8596,2460.3362,157.3745,835.8936,815.4085,282.0128,320.7362,2043.5745,209.9277,2071.5872
3223.4,3441.8,739.9785,0,0,195.6774,4.3226,18.9785,1908.8173,1.9677,625.1613,335.6452,0.1505,30.7312,2350.9785,7.1075,1928.8173
3121.4,3441.3,1560.8959,11.9685,0,551.2429,161.6562,38.2934,3532.6973,135.3028,1254.9905,864.9843,259.8927,805.3596,3129.8674,227.6183,3958.5898
3130.6,3442,1334.2815,5.3361,0,598.9496,1115.0336,81.1261,3490.374,104.5966,1475.7773,1831.0336,163.7059,260.2479,3266.2856,116.6429,4962.5503
3153.9,3442.3,1102.9703,20.6414,0.0033,1182.5823,49.8355,29.7895,3011.2104,145.8816,673.2237,1537.4934,168.0592,695.7105,2385.4045,130.4309,1955.1019
3178.8,3441.8,1012.7379,21.1124,0.0075,1430.3033,91.5955,66.4419,2378.6667,153.9213,995.2397,1937.9438,199.9176,73.4944,3678.9587,155.3483,2651.4944
3207.2,3442.2,612.3983,4.4956,0,474.1593,99.354,40.0708,2981.5576,94.5575,795.3983,544.1593,125.6549,143.6283,2706.6902,143.6549,2298.0884
3169.1,3442.8,947.1036,15.4675,0.0562,721.6568,146.9024,54.3521,3182.8877,145.2219,1017.2722,897.1243,159.8314,240.2396,3268.7161,182.9852,2887.6538
3198.9,3444.4,1026.6294,25.673,0.0272,536.4468,431.109,67.703,2397.3542,156.376,1120.9781,1822.9673,233.5313,93.5313,4444.9429,210.0109,3040.6785
3095.6,3445.3,738.8702,13.5916,0.0038,489.5801,244.1527,53.1183,2148.6641,105.6145,1202.5955,800.2939,244.5534,477.3053,2101.7864,268.7596,2836.8206
3111.8,3445.8,1082.4449,1.8804,0.0048,466.6938,91.9019,44.4306,2856.8684,58.3541,1137.8158,656.7393,133.2345,225.2847,2387.9233,176.9904,2932.3875
3188.9,3445.7,885.0158,18.7787,0.2292,539.8933,1581.2451,66.1028,2020.5494,182.6601,927.079,1502.4744,219.7549,65.6166,2601.9565,139.2095,2913.0791
3134.7,3446.2,870.4679,0.844,0,484.8899,503.5596,49.9174,2672.4954,22.3761,1095.4771,839.1376,99.367,923.5872,2834.5872,35.8073,3494.9451
3214.4,3446.4,1273.9971,31.0623,0.0445,579.8309,935.638,34.0712,3318.1277,173.908,768.9436,1196.4629,187.4392,123.6766,2923.5757,154.7863,1815.1187
3207,3447.4,806.5804,9.8571,0,469.3214,251.0982,45.0982,1985.2142,121.0089,1162.4017,812.3929,264.4196,616.1071,2500.384,124.5089,3049.616
3071.6,3447.3,547.3049,59.122,29.122,522.0488,6.0732,18,4760.0122,53.5488,391.7073,301.1951,41.5488,51.622,1076.8903,72.5976,747.7195
3159.6,3447.5,683.4869,1.513,0.0043,484.3696,125.587,19.5391,3403.074,55.6696,687.0348,525.2957,94.9435,1049.2522,2257.113,137.5826,1899.4348
3226.9,3447.8,724.7941,0,0,131.5098,10.6961,31.2549,1607.6569,0,665.598,330.7745,0.1569,29.2745,2816.2549,2.1961,2226.6863
3148.2,3448.2,757.76,10.96,0,1068.2134,16.0867,20.5933,1873.8,89.8933,435.1867,1202.3534,104.3267,107.1933,2116.6399,98.3267,1359.24
3100.8,3448.5,711.2137,12.8702,0,474.2748,107.7557,42.3282,2782.8169,113.8473,1078.9847,603.0381,175.4351,92.9542,2114.084,210.7634,2321.2595
3180,3449,1006.8997,22.6375,0.0421,805.1553,408.2589,65.233,2447.644,167.9741,1191.5243,1306.5114,275.8608,82.6926,3354.5049,172.6731,3401.8899
3250.7,3448.5,616.996,0.1331,0,356.4073,5.625,35.3508,1990.1331,0.2056,863.8508,458.6048,7.4234,42.1452,2325.6089,3.2137,2431.7983
3123.5,3449.9,1376.8362,25.5721,0.0269,609.7726,69.8044,55.8386,3052.1296,214.9707,1147.8778,1389.5037,186.2616,314.9682,2595.0488,145.7408,3155.3984
3201.4,3450.8,779.5732,11.5924,0,420.2038,143.2166,52.7452,2134.6943,113.9236,977.9872,746.0319,264.8026,138.1974,2515.0955,112.2229,2656.7898
3186.8,3451.2,779.2182,21.9273,0.0182,674.9454,701.5455,62.7636,2466.709,161.6,1035.9818,1004.4909,283.0727,94.6545,2860.0364,154.3636,3042.6001
3142.3,3451.6,784.4039,3.1442,0.0673,567,13.9327,24.5769,1901.7981,83.4231,698.3461,736.0385,123.0769,1553.0962,2104.6538,101.5288,2146.5576
3165.9,3451.7,974.1385,12.1236,0.6292,675.8015,222.2022,44.03,3476.2021,126.5356,1248.5505,751.4644,186.7566,156.4719,2781.1387,753.2734,2448.3108
3233.1,3451.5,737.5978,0.7263,0.0279,483.1061,857.2681,44.1453,3149.1956,41.1844,994.9832,1021.7263,92.6201,558.1508,2656.8994,79.4749,2987.458
3110.1,3452.1,930.9847,9.0382,0.0534,561.3664,51.3206,70.6718,2587.832,143.3969,1424.2672,846.4427,201.2977,88.3282,1794.1298,464.3969,3349.3816
3136.6,3452.3,887.0306,11.9301,0.0349,421.1834,77.31,43.917,2164.7205,174.7991,860.1877,1224.2052,142.7991,402.0611,2196.5195,110.0742,2565.2532
3221.6,3453.1,761.4868,3.2381,0.0317,359.3439,15.2116,17.8201,2372.3545,36.5026,651.6296,377.6984,60.3333,129.8836,2365.3545,56.4021,1917.0529
3175.8,3453.9,868.1187,11.7288,0,802.6949,88.1949,37.5508,4281.6187,139.8644,1088.4067,723.6865,212.7288,234.1017,2816.2288,134.0508,2154.4575
3211.9,3454.5,945.2753,17.8502,0.004,560.9474,824.3563,51.085,2377.1377,146.6073,993.3887,1251.6964,287.8988,1028.0566,2696.4128,147.5668,2543.2754
3249.5,3455.3,668.4367,0.3608,1.4051,298.6962,1.5633,77.6013,2019.4937,0.3038,666.0949,253.538,9.5,23.8608,2295.5063,1.6076,1945.3164
3170.6,3455.4,733.8393,10.375,0.0357,850.125,66.9821,43.3571,2891.1606,111.2857,873.8929,575.2857,186.5357,219.4107,2368.6965,141.9464,2452.3394
3240.3,3455.5,552.3415,1.2683,0.0488,624.561,2047.8781,45.0732,2154.6829,91.3171,520.3415,1946,57.0976,60.7805,2231.439,107.3171,1338.0975
3148.4,3456,669.8012,10.4337,0,617.7952,23.2108,52.506,2030.4458,88.2711,774.0482,672.1566,154.3313,1493.5482,2247.1145,116.5904,2612.1023
3190.2,3456,646.8589,9.8878,0.0449,969.7949,331.266,73.8397,2430.0642,148.4327,1184.5513,1139.3685,163.9808,60.6314,2522.8943,134.8077,3523.7083
3114.6,3457,1084.4957,21.3644,0.0381,897.7585,88.3644,42.6229,9326.208,173.4492,1097.7246,698.7839,191.3263,110.0212,2617.6187,976.3093,2017.106
3232.6,3458.3,951.9526,9.3869,0.0219,476.4635,180.8175,32.7117,3206.6824,78.3431,905.3905,646.0912,146.8212,225.7701,2516.5583,91.0365,2768.0256
3183.2,3458.2,642.2317,5.0854,0,505.061,183.4634,52.6707,2277.5854,101.5976,829.3415,621.2439,191.3537,107.3293,2452.5366,133.4268,2532.8293
3218.9,3458.3,775.7397,5.6849,0,455.137,167.5069,24.3973,2113.7124,88.0548,842.548,570.4109,245.7123,1419.1918,2538.2603,129.6986,3423.6711
3200.8,3458.6,979.5101,20.8074,0.0811,588.875,643.6689,70.0541,2574.5337,168.8074,1381.1892,1303.5912,191.3716,96.6351,2943.4087,159.625,3858.0508
3092.2,3458.8,786.2138,12.0066,0.0362,362.6118,35.8882,17,2181.8223,95.6382,652.773,399.5888,202.1053,1630.1809,1754.6547,205.5164,1524.7566
3163.3,3459,918.3259,1.437,0.2519,449.4815,4.9778,23.963,2411.7925,74.2815,944.363,496.0963,148.0815,1067.1407,2363.1333,120,2649.4741
3260.8,3459.1,1016.776,0.544,0,559.84,28.144,19.952,2811.6399,16.248,466.384,678.624,17.672,63.048,2043.24,17.304,1015.792
3127.9,3460.2,738.4161,10.3913,0,577.2919,313.6832,65.9938,3909.6086,153.1491,1270.9006,988.7018,228.2671,1138.9813,3146.4099,192.913,4611.5464
3225.6,3460.7,903.1101,6.3065,0.0446,567.8929,46.0536,36.1042,3177.3572,67.2292,823.8214,484.9226,93.6935,166.253,2377.8899,70.0417,1989.4404
3176.9,3461.1,1096.6316,24.7566,0.1711,666.3059,1504.625,26.3684,4179.1055,165.5658,530.2632,1480.4703,147.6809,120.2928,2275.2073,151.9737,1201.4177
3254.3,3459.5,932.8229,0.0521,0.2708,452.2083,34.6562,34.5938,9978.75,18.5417,674.5521,564.6042,16.3438,48.0104,2985.7292,29.4583,1405.3854
3140.5,3461.5,637.5455,15.5315,0.0629,875.1259,45.9371,51.3077,7874.4058,130.2238,912.7133,509.5175,116.6294,69.9091,2773.3286,154.3706,2322.8113
3170.3,3462.5,1046.1586,12.4552,0.0207,799.662,190.5724,35.731,3828.8828,75.0207,477.4828,521.8965,84.3655,77.1862,2658.1931,61,1188.1724
3258.7,3463.1,966.5508,2.3644,0.0085,802.356,60.2458,33.3475,7052.1187,77.1441,662.1525,782.5847,60.4492,86.5254,2329.8982,132.2797,1422.3136
3211,3463.2,640.4694,7.2449,0.102,955.1088,301.966,43.1293,2180.0476,147.7959,1090.3538,1690.6055,259.4286,1102.9183,2667.4829,152.8367,4125.061
3246.5,3463.5,1097.3624,7.6577,0.0537,693.8926,1842.8993,72.5772,2713.2751,216.6577,1351.3289,2520.7314,178.2617,383.604,3049.4563,122.9128,3749.1074
3122.3,3464,898.6902,17.8053,0.0354,969.5797,208.7566,85.885,12585.8232,202.0974,1626.3053,1149.2168,197.8186,138.5664,3978.6814,271.1991,3361.084
3252.3,3464.5,1224.1414,19.6196,0.0109,738.2772,551.7935,66.9728,4103.0654,161.6902,1075.7772,1794.0381,132.6685,217.4076,3775.9294,121.3207,2846.5488
3158.2,3464.1,568.6842,2.4079,0,1033.4736,15.9737,23.3816,2872.3157,80.4737,550.5263,655.1711,74.1053,59.4605,2169.8816,113.2895,1900.7106
3112.8,3465.2,1907.5444,62.7667,0.02,990.3311,111.2644,120.5644,4259.0156,284.2267,1087,2046.7178,264.7155,180.5956,3332.1045,407.5778,3066.5867
3151.3,3466.6,641.5073,9.4927,0,677.6146,28.7073,42.3756,2648.6147,94.4829,716.4439,450.561,168.8537,93.6293,2261.1658,119.6,2495.5659
3230.5,3467,694.1735,3.9796,0,673.3469,207.898,40.3469,4515.9082,91.9184,1618.5306,942.3674,145.0306,711.1938,2435.1531,81.4388,3667.9695
3265.7,3467.5,820.9737,0,0.0526,501.7368,0.6842,21.8289,2539.9868,0,594,496.2237,0,35.6316,2113.25,5.1711,1455.079
3188,3467.6,925.7834,24.3863,0.1155,644,133.9964,48.0433,2372.5452,138.4476,938.3358,788.0867,254.1769,67.1408,2691.2239,125.3466,2366.5452
3241.3,3467.5,1440.0586,40.1722,0,1024.392,2286.0146,136.6227,3612.7437,288.7143,1970.2601,3019.0732,262.0366,119.4029,3775.1025,222.4615,5664.52
3215.6,3467.5,737.0912,14.8241,0.1173,871.7329,351.6222,29.3778,2157.3745,139.6971,679.785,1196.8241,115.5505,86.4267,2546.2703,115.5765,2036.886
3144.7,3468.3,487.2444,5.9407,0.037,360.4,39.8815,13.4889,1937.6074,71.4074,487.7556,329.437,144.0148,87.0815,1443.0148,78.163,1502.3851
3201.5,3469.1,875.056,23.672,0.092,1255.804,222.1,40.252,2665.304,148.744,793.848,966.172,178.524,574.224,2443.6201,133.44,2561.772
3235.2,3470.2,896.3007,14.9542,0.1242,803.4445,565.7386,62.7124,2790.5293,148.6275,1436.3595,1168.7778,174.4706,299.4837,3119.6797,135.5621,4137.5947
3105.2,3469.9,1392.9319,31.9928,0.0072,868.4373,149.129,107.4552,2679.6738,209.8459,1388.6309,1158.0215,270.7491,342.0968,2848.0825,188.6201,4409.8887
3257.5,3470,1074.1666,3.1333,0,525.5222,301.6611,72.7778,2597.1223,74,1054.0667,871.2833,106.7222,235.4556,2779.8445,72.5111,3189.75
3117.5,3470.3,1078.8173,24.4423,0.0577,1007.75,146.4135,72.7115,5865.394,230.5385,1239.1057,2401.3655,158.7788,157.2885,3346.3462,206.125,2929.5386
3262.6,3470,1101.5615,2.8308,0.0154,721.0154,7.0154,25.3692,4518.6387,52.2615,582.1616,1021.4462,49.7,89.5231,2530.9768,57.7923,1304.0077
3208.9,3471.5,828.0635,18.0794,0,1154.0397,147.9206,38.0714,2337.6826,150.5952,857.1031,1101.8572,192.1825,344.9286,2341.9761,141.1667,3103.8572
3087.7,3471.1,609.3414,12.3565,0.1299,303.4018,98.6314,16.7462,1304.429,78.1692,432.6103,357.2931,212.7583,241.0091,1855.3898,65.7976,968.994
3221.4,3472.2,1039.5286,38.2738,0.1521,1768.635,99.4639,34.5856,2185.7109,173.7491,795.2623,1366.2357,159.9316,79.7947,3266.5056,127.692,1904.1597
3181.8,3471.9,1138.9576,18.0954,0.0247,1459.887,555.3004,52.9011,4526.6963,155.1696,873.0813,2325.7349,161.5194,71.1449,2884.5229,143.7562,2348.9116
3242.6,3474.4,1011.0366,18.8356,0.0183,1105.0228,133.6986,69.0183,2489.1233,191.9361,1487.4292,1786.2192,228.9087,430.4977,2882.5298,149.2785,3800.5388
3202.1,3475.7,1240.5018,31.1115,0.2268,918.1339,1484.3717,43.5428,2751.3086,166.9182,710.0855,2039.2677,194.9256,654.197,2723.9109,140.342,1915.9368
3131.1,3474.4,844.0756,12.7206,0.0441,460.834,65.834,95.0231,2288.7605,164.7794,1187.3025,1039.4747,236.1534,952.9244,2603.5547,141.4391,3681.1365
3217.6,3476.9,796.7714,16.1905,0.019,976.2191,267.8667,30.8667,2220.457,114.8381,734.8286,714.7238,261.1524,269.9429,2535.9333,119.9048,1963.8477
3262.3,3476.9,1040.6606,15.267,0,535.2217,145.8914,57.8462,3499.665,149.828,1423.7059,871.2308,239.267,202.3484,2744.2354,154.5068,3781.2173
3187.7,3476.3,939.06,8.12,0.22,1578.78,542.25,57.23,3581.23,140.18,974.13,1958.8101,140.17,82.29,3859.4099,142.84,2424.05
3180.5,3477.5,923.4615,9.1923,0.0769,1086.9231,1007.9231,53.0897,7121.9741,177.3974,1762.2179,2242.7949,155.5641,73.2436,2729.4614,158.6154,2917.5769
3142.4,3477.3,614.679,9.1822,0.0195,406.0369,37.0087,38.5119,1705.1345,82.846,733.6248,520.4859,147.2581,392.7874,1944.9414,96.1258,2379.3428
3226,3477.3,585.7143,6.7041,0.0816,622.8062,49.551,49.0204,1879.2653,92.4286,1038.6735,612.3878,230.2551,51.5204,2659.051,109.8163,3605.0715
3172.5,3477.5,1127.7395,29,0.021,748.3445,274.0714,62.374,3342.6387,174.7479,1204.5798,959.0546,372.7101,348.4958,3569.7773,209.6975,3795.9917
3211.2,3478.2,814.6653,18.3796,0.2122,891.8367,1099.5756,48.151,2635.9387,140.6735,982.7429,1522.6489,174.9225,101.3551,2188.6897,223.4449,2738.2817
3193.4,3478.1,986.4608,13.6332,0.0219,1244.9906,114.2226,37.9592,3299.8589,130.4796,761.721,1121.4828,199.79,269.1223,2850.3542,130.3009,1949.4764
3100,3478.6,833.2079,7.9579,0.0084,501.4129,20.7107,27.4944,6073.0283,109.0281,863.1404,493.1152,177.5197,1270.7949,1829.913,106.6854,1620.3146
3250.5,3477.7,558.8611,7.1481,0,490.9537,96.1019,70.7407,2486.074,116.9444,1693.4907,797.4537,187.1296,87.9167,2019.3148,134.9815,4472.0742
3255.5,3479.2,699.9389,15.0687,0,560.7786,112.7481,74.4504,3498.748,152.2824,1431.7023,730.9847,202.6107,102.9618,2534.1145,168.855,4820.3589
3238.2,3479.6,680.8654,11.7051,0,784.9487,99.2949,28.75,2569.0769,111.7628,647.7756,793.5833,92.4808,79.9038,2482.9744,91.8333,1390.1025
3124,3479.5,727.1763,12.4863,0.0426,467.6383,536.9119,56.0547,2407.9849,121.6626,877.9423,856.7599,183.2462,810.924,2505.687,147.6079,2613.7659
3245.9,3480.2,600.1607,12.4196,0,519.5,291.4375,46.9911,2163.7231,129.4821,1243.8572,803.9732,245.7143,1226.8572,2202.9553,154.8214,3794.5715
3109.4,3480.4,684.1083,9.6495,0.0232,746.7242,517.1263,136.6418,5064.8687,168.6985,1333.5928,1205.8685,140.7191,232.75,2913.0696,145.8866,4134.0542
3270.9,3480.4,1218.1611,39.8678,0.0413,613.9669,1077.1364,45.3471,2870.314,216.6653,1210.0125,1609.7314,214.0703,348.6198,2407.5371,161.4545,3280.938
3231.2,3482.4,862.8947,23.2573,0.0292,1295.2808,238.5234,31.3304,2310.7222,139.4825,601.1404,1356.7018,135.8801,60.5146,2891.9648,95.0439,1450.6199
3165.4,3482.4,1562.6556,52.1772,0,715.2203,432.1317,62.9013,4181.1846,231.6633,1255.3595,1187.6759,389.2177,646.7164,3869.7849,214.5443,2850.8784
3262.2,3482.9,709.8393,9.0357,0.0179,581.5893,200.75,73.0357,3792.0894,129.7857,1526.9464,880.1071,198.2679,97.9107,2876.7144,236.4643,4159.6431
3186.2,3484,878.1014,14.5161,0.1429,630.0507,1285.4839,36.3871,2837.3364,126.9677,720.0415,1351.235,143.1244,79.6221,3106.9446,145.5392,1863.4517
3132.7,3485.3,820.9432,18.2744,0.0379,529.2208,160.8738,176.6593,2792.022,146.1514,1018.959,777.6656,162.877,202.9117,2475.9495,153.1514,3289.063
3202.4,3486,737.7333,5.7333,0.0133,599.6667,187.5067,18.8267,3252.76,136.52,989.4933,1819.7067,105.7467,69.7467,2122.76,167.9867,2687.3999
3172,3486.7,1051.2892,21.3627,0.0588,1451.2303,63.9118,50.6324,2724.7893,167.3186,827.5049,1499.3823,189.7059,92.6618,3309.5393,152.7304,2365.2402
3268,3487.5,1133.356,28.4508,0,624.0916,129.5153,44.9458,3738.0237,179.4034,1485.7119,930.1559,284.2068,1016.5153,2653.1018,175.7559,3838.1797
3221.1,3487.1,845.0434,21.1779,0.0456,768.8915,1517.5098,44.7722,4648.208,167.564,1158.5315,1375.7267,132.1171,66.987,2707.8113,132.7137,2996.8677
3102.1,3488.2,695.9183,8.2401,0.0025,370.1782,163.5569,32.5619,1946.9629,89.9455,707.0297,465.0396,119.7104,431.6708,1544.6633,101.5842,2075.7673
3158.4,3488.5,945.3903,17.3484,0.0323,629.5839,134.8452,35.3613,3928.3162,122.8258,557.9129,580.8613,105.9548,159.7355,2637.7935,420.8645,1270.1
3238.9,3488.9,670.4683,6.3268,0,467.8781,63.8341,17.0585,2037.7561,76.9707,600.2975,464.6342,137.6244,1195.2048,2019.4829,60.7366,1757.283
3253.7,3489,776.2424,17.0173,0.7056,657.2598,259.1472,52.6407,2921.9307,191.9957,1550.7229,1889.9784,168.8875,65.5541,2675.5498,193.013,4023.9436
3260.7,3489.2,872.8951,16.1189,0.2448,656.7832,1170.8741,76.7622,6325.6924,185.042,1568.8741,1678.2727,247.2727,176.951,3351.6433,179.6783,4227.4194
3180.9,3489.9,896.2795,18.8329,0.0877,531.989,63.6877,24.1562,2661.5862,121.8795,680.4713,471.3151,120.9973,143.8082,2449.5891,119.611,1512.1753
3071.8,3491.7,801.0245,25.8596,0.0877,438.0842,1014.2842,42.5825,1189.3684,122.8316,493.5263,1429.7649,93.4982,67.4105,1654.4948,83.4316,997.5193
3275.3,3492.2,763.5975,11.9085,0.003,559.9817,77.4848,62.5213,2984.1799,118.6738,970.3719,643.064,132.2957,118.2652,2360.616,143.1646,2297.3354
3220.6,3492.9,653.1765,5.5686,0.1176,805.951,803.9902,28.9412,4419.3628,107.8529,774.9706,892.9314,69.049,64.1471,2661.0686,105.7941,1811.098
3130.7,3492.6,752.9592,6.5306,0,628.3878,670.8163,44.6327,2684.6938,142.1837,1072.6938,954.9796,172.1837,131.7755,2315.3062,133.7551,3510.2246
3116.9,3492.6,894.2205,17.0319,0.131,680.4345,173.4633,93.8115,2961.1438,293.1374,1414.1406,2038.4058,190.4153,108.1278,3713.1118,167.7284,4309.8242
3144,3493.5,1052.0464,15.7876,0.027,716.2471,54.6834,46.4903,2329.8301,120.9498,484.0425,2234.5483,67.8996,70.3089,2555.7219,186.8456,1441.9961
3242.8,3495,721.7865,8.2472,0.0562,498.0899,67.7303,21.8933,2106.6179,73.2584,764.8033,607.9269,117.573,105.3652,2072.3989,43.1292,2035.6798
3090.4,3495.4,822.0126,6.3766,0.0126,357.3305,28.6192,7.0962,1234.1925,50.8745,260.6695,554.8284,52.4603,67.5105,1416.6862,46.3389,441.9038
3168.4,3495.3,873.6509,17.1964,0.5055,846.5673,74.6509,41.5673,2083.8328,198.9491,635.1273,3518.5637,131.5709,89.5855,2338.2546,119.2873,1803.8763
3267.5,3495.2,775.1813,9.5188,0,695.1937,102.0875,122.525,5422.8813,156.8875,2181.3999,1071.1562,388.7437,800.7438,2893.4375,176.2812,4325.8687
3159.7,3496.4,894.9609,16.2609,0.0087,627.687,39.0783,47.4826,4128.6304,142.5435,1040.7826,955.9,216.9043,1073.3652,2888.5217,490.7043,2849.4043
3126.3,3496.8,1140.3395,20.4562,0,677.3157,430.8196,47.1963,3655.3049,168.0133,734.4642,906.9788,248.0902,346.9761,2903.1299,162.1857,1809.8966
3199,3496.4,863.7614,20.5426,0.0881,581.4233,37.5312,34.7699,4189.2729,218.4659,1827.9233,2179.051,155.3864,84.4517,2219.2585,110.946,1999.5995
3177.3,3497.6,1204.6895,32.6026,0.0132,588.1631,271.2579,71.2737,3003.3762,198.9421,898.9053,739.5,212.6474,1882.0895,2709.5474,171.1395,2249.8921
3103,3498.3,616.8987,9.815,0.0925,443.0176,41.6608,27.5374,2007.7004,96.3612,641.5859,411.4185,119.3304,135.5154,1444.3965,103.3877,1607.8767
3224.9,3499.2,556.954,12.9425,0,1358.4943,61.4483,33.3103,3315.8735,98.0575,856.4483,1159.0344,100.7126,45.6322,2395.23,89.7356,1928.2299
3192.3,3499.4,632.9048,67.2857,0,401.1809,147.4191,33.4762,1942.7905,128.6286,1098.1428,1134.981,170.5905,1619.3905,2224.0667,116.2857,3189.4856
3120.9,3499.8,843.4415,3.4595,0,584.7748,53.3784,31.2883,3508.6758,76.5045,1099.1442,666.4955,104.9009,941.1711,2561.8379,88.5586,3366.4414
3211,3499.9,657.2483,5.1851,0.079,551.842,171.7472,32.8781,3148.9414,94.86,887.4763,615.3477,171.07,52.3476,2454.8782,147.4289,2372.0293
3234.7,3500.8,689.4875,0.285,0.0325,839.8,58.595,15.9675,2700.8049,6.68,551.85,712.8375,8.085,36.5525,2408.3325,12.2875,1629.205
3201.8,3502.1,686.9451,52.3626,0,393.4066,31.9121,46.8022,2114.2307,137.3297,908.4176,726.5055,203.0549,70.6593,2441.9011,129.5714,3636.2197
3187.1,3501.8,768.4452,13.3887,0.0033,451.1229,232.412,35.402,2153.8738,121.7143,825.0399,618.3721,228.0465,1035.01,2473.5149,122.4618,2261.0864
3254.3,3501.5,574.9913,11.7347,0.0904,725.5364,305.2303,49.9708,4548.8105,141.1254,1185.8542,780.3615,101.7755,59.1079,2635.6182,112.6356,2933.6589
3109.2,3502.5,753.1491,9.8333,0.7895,654.9298,114.3509,49.0439,2641.1228,140.5614,918.9035,738.4912,174.0614,133.4211,1811.0878,136.0614,2784.5701
3270.2,3501.7,918.9943,16.9718,0.0565,590.9351,112.2175,72.8333,2960.3672,150.1299,1423.7119,894.6356,350.1526,507.2627,2811.7542,186.4548,3836.8079
3136.6,3502.4,1071.626,8.0292,0.008,479.947,600.1644,24.2122,2548.2256,103.7878,581.2626,974.8674,84.4244,743.0557,2380.9363,147.7082,1864.5889
3218.8,3502.8,622.9078,8.0071,0.3262,580.3901,1912.0426,27.5674,2605.2908,104.5745,889.7659,1344.1915,170.5674,50.3972,2122.844,123.1915,3039.9434
3160,3504.3,633.6128,7.2556,0.0188,385.9624,19.8083,56.8797,2025.5864,96.8947,944.9887,737.9361,303.282,155.6692,2356.8684,129.8383,2760.936
3145.7,3503.5,1327.0465,22.2972,0.0233,648.4703,1123.7985,41.0103,2511.1809,143.509,551.2739,1662.1783,96.2532,127.4264,2937.2041,101.4625,1346.7649
3180.3,3505.7,1156.0959,40.884,0.052,599.344,380.124,68.632,2765.4719,286.708,1157.928,2464.0959,217.312,313.836,2765.6201,168.964,3161.3
3243.1,3504.6,539.6781,6.2446,0.4335,796.9571,806.0172,20.5579,2355.1631,105.5064,710.4506,1157.2704,139.2489,73.8927,2306.3132,87.176,2159.0515
3118.7,3506.2,620.9167,0.9444,0,627.037,25.3426,28.7963,3761.176,62.8056,1459.1759,707.7963,53.3426,57.5278,2485.7314,99.7315,4079.5
3279.2,3506.3,1106.3362,22.6034,0,1250.434,575.658,41.7989,2789.8706,177.0977,738.931,2278.9368,158.7672,72.4799,2946.365,124.5259,1971.385
3265.4,3507.1,792.9543,10.7259,0,484.1371,99.3096,62.0102,2731.3147,116.6802,991.0964,568.6497,331.2437,619.467,2732.3096,130.1574,2461.071
3171.1,3506.4,692.9005,8.5188,0,365.2742,114.4543,27.793,2011.2634,93.0699,464.6532,426.1505,184.8898,661.7473,2130.6829,99.3575,1356.6049
3100.2,3508.3,1098.7174,19.8444,0.0476,1287.0413,27.2127,55.6349,5375.438,152.4857,1783.4445,1801.0603,121.1333,170.4635,3829.8984,119.8825,2504.9175
3110.3,3508.6,974.9467,20.7689,0.0444,642.7244,61.8489,39.5689,3449.6267,245.7378,1010.8356,1951.9778,133.2578,96.4,2429.4978,149.5333,2078.2222
3214.3,3508.8,598.375,6.0938,0,636.2188,93.3958,33.3333,2420.0312,88.4271,632.6771,612.3021,235.1042,52.3438,1955.9062,115.1458,2401.7605
3205.8,3508.8,896.3069,17.8977,0.429,549.5544,92.0231,39.7624,2544.1321,184.703,880.7756,1833.8977,184.7162,68.0495,2627.2971,146.7096,2784.9407
3238.1,3509.2,524.1901,4.4545,0.3058,508.1901,599.2314,23.7273,1838.9257,78.0248,727.124,1028.0662,98.0744,232.0744,1981.5042,100.0826,2200.5208
3229.4,3510.3,666.9248,6.0696,0.1588,928.3816,17.9944,16.5877,2507.2478,45.1922,794.5878,631.9304,38.7075,131.2423,2081.9861,48.8217,1227.5376
3133.6,3510.3,978.4849,10.0606,0,539.697,236.0076,29.9621,7064.3711,122.7424,926.7349,668.8409,201.4773,708.9697,2687.6667,2681.2651,2742.0757
3163.4,3510.9,611.7522,4.2826,0,372.113,18.2391,41.413,2098.6653,72.4739,810.8043,427.9522,251.2522,215.1087,2500.5957,111.9435,2740.1782
3272.7,3511.3,984.9139,16.7943,0,2019.8708,123.9617,33.1531,8943.292,156.6842,531.1914,2101.8755,119.9378,77.1675,2559.043,121.8708,1593.244
3142,3511.4,1002.5585,27.5844,0.0065,420.1234,389.1104,20.8831,2279.4221,139.3377,599.5065,820.2402,156.4026,106.1364,2003.1039,159.0909,1505.0585
3125.8,3511.1,1073.2294,18.833,0.0557,527.5367,798.706,36.7171,3482.2739,156.2806,776.5813,1080.5345,106.3519,107.5902,2949.2449,142.7595,2044.5078
3149.9,3511.6,887.7072,5.7186,0.019,338.9202,354.7567,14.6768,2271.73,77.6882,578.597,547.5209,127.3194,1273.4753,2173.9695,82.0951,1571.0304
3091.2,3511.6,1084.9508,18.6694,0.0191,447.194,489.2049,23.1612,2634.6558,151.6612,765.9235,811.9508,140.2678,279.6995,1744.3552,125.6339,1089.7432
3258.9,3512.1,887.4515,17.7443,0.0557,548.4928,261.4886,52.1773,3328.5032,163.299,1246.9526,781.3876,277.5526,810.2598,2881.499,153.3196,3342.8103
3245.5,3512.9,449.7689,79.4286,0.7311,612.0126,435.7017,29.0462,1897.4454,95.7815,1073.8529,886.895,186.4496,69.1639,2044.7731,113.1555,3223.9033
3183.3,3512.2,502.0185,12.9815,0.0556,561.0185,58.7778,43.8148,2279.9075,118.2222,1062.1482,556.5185,126.8333,66.6667,2450.2407,117.2778,3077.1482
3192.9,3512.9,699.4892,17.4065,0.0576,386.3993,61.205,11.8309,5259.1621,129.9317,324.5755,365.4928,99.6079,51.6763,3241.4963,84.8381,869.1763
3156.3,3512.7,808.3571,1.0357,0,429.4286,15.8929,39.5536,2607.8572,60.25,1206.6072,538.1071,207.4464,221.8571,2597.125,89.4286,4400.8569
3211.1,3514.4,769.9867,7.2889,0,485.2089,100.1644,33.8711,3448.2356,102.6,574.3511,484.3644,187.9378,63.8933,2347.271,107.5911,2254.1821
3239.5,3515.2,504.057,9.9367,0.0443,418.0506,53.3418,24.9747,1860.9747,89.057,827.6202,480.0127,142.3734,229.8734,1907.4177,105.6899,2396
3279,3514.4,1171.9156,25.259,2.7229,879.0241,2073.259,36.1265,14205.7646,275.9337,680.2952,2183.6626,133.8012,88.1687,2912.8494,144.6747,1428.3073
3115.2,3514.8,762.125,8.5987,0,429.6447,64.2368,61.5132,2392.1514,108.2303,1091.0986,594.4803,291.3158,649.3092,2485.9736,151.3618,3336.5723
3174.3,3514.9,606.4011,11.1684,0.1096,566.1042,40.7674,19.9358,4472.3745,98.9492,604.9545,400.2674,69.6845,60.7888,2114.9839,92.3984,1465.4011
3155.4,3517.1,856.9639,10.6506,0,532.6024,28.994,31.9157,3411.512,122.488,1172.6506,571.4458,222.8735,106.8313,2470.9036,155.1325,3832.7168
3220.9,3517.1,885.1336,21.8409,0.0275,1368.8782,44.831,39.664,6014.5659,140.1277,1156.6345,1129.3752,114.9175,89.3772,2665.4048,145.8723,2059.3989
3148.3,3517.9,661.0816,1.3469,0,454.6939,10.7755,17.5,2573.7654,63.8367,592.0408,414.7143,65,63.5918,1540.6327,97.8469,1851.5408
3134.5,3518.2,696.1111,5.8,0,399.8,21.0333,25.3333,2583.6001,85,856.9333,460.6555,156.4556,113.7222,2088.8555,124.1444,2642.3999
3125.4,3519.1,986.7429,16.8607,0.0464,533.5214,216.7178,50.475,3299.9644,141.2679,822.775,630.6,243.9678,729.3464,3045.7107,175.4857,2141.7429
3093.1,3519.2,1053.7678,24.0974,0.0187,458.9288,1000.015,23.9438,2928.719,173.3184,665.9588,1318.7266,121.7603,152.4981,1848.0824,167.1199,1569.2023
3142.2,3519.1,694.5467,11.7533,0,460.3467,28.0733,20.6067,2368.0532,82.1267,666.3666,462.3067,126.5933,146.5867,1745.6333,93.04,1759.6866
3204.2,3519.5,883.4645,20.4681,0.1631,570.0248,965.383,46.7199,2991.0037,162.2518,901.3262,1399.5391,215.3865,66.0106,2804.0071,129.656,2133.5886
3164.2,3520.3,768.6963,10.3951,0,544.8543,29.2469,43.8741,3538.0198,109.7728,916.2963,507.8815,117.5136,115.4247,2936.4741,154.842,3143.2075
3180.3,3520.3,783.3225,16.2929,0.074,1232.3521,71.3195,47.6006,4619.376,177.2781,1333.8846,1408.5118,135.5917,79.2722,2738.5918,138.1686,3145.0295
3274.3,3520.3,1169.387,31.5087,0.4087,701.7304,1917.887,23.5435,5482.9307,221.4783,506.0956,1524.7695,113.213,75.9739,2282.6697,122.0826,903.2565
3234.1,3521.1,629.8525,2.8469,0.0454,466.5709,77.4991,29.9679,2536.5444,44.0284,633.3611,486.2325,62.8431,49.6862,2338.3762,51.0246,1764.7977
3197.2,3521.5,800.8085,17.9255,0,467.9468,528.4894,47.0426,2293.3403,151.7979,1115.3829,824.9681,204.5638,60.5745,2370.5425,104.7021,2923.2446
3253.3,3521.8,552.6109,9.7782,0.0251,465.933,473.9205,56.9916,3910.0417,126.0837,1266.6694,810.6569,173.2218,644.0251,2451.887,144.5188,3266.6191
3267.8,3521.9,754.2034,6.9915,4.5847,711.4576,429.661,32.178,18057.8652,166.5932,964.1271,1168.4746,103.3305,65.6949,2940.5508,137.5339,1365.5424
3191,3522.3,1092.5526,32.625,0.0526,454.5099,1737.9835,43.8914,2699.8486,162.6941,704.8783,1567.3453,181.9868,233.4145,2314.6316,125.1349,1991.9078
3153.9,3522.8,764.4175,9.5928,0,491.1082,13.7938,21.6082,2736.8813,78.1031,639.8815,402.5928,70.3918,56.6289,2244.0723,150.1804,2138.8093
3213.5,3523.3,899.5494,50.8148,0.7685,628.537,124.8333,19.1975,6197.1079,118.7191,397.8395,511.7963,90.1049,57.4352,2310.7375,130.8364,788.9136
3119.8,3523.2,1298.9646,32.7212,0.2345,592.1239,1685.4469,55.1637,3289.8318,244.6062,920.3452,2241.9514,274.8495,280.469,3155.8716,189.3761,2618.9292
3245.1,3524.2,954.7687,24.8881,0.0784,487.0784,1655.4888,33.7612,2597.5747,146.2351,1022.2426,1663.6865,137.0896,59.1903,2462.8247,170.7612,2632.6604
3102.8,3523.8,1225.9342,30.0022,0.0548,1024.6886,503.5,49.4561,3295.2654,178.8991,774.3684,1537.0482,179.6206,88.7193,3231.6929,204.1272,2129.0374
3112.3,3525.7,1071.026,20.6803,0.026,1356.8588,103.2342,45.6059,4395.1709,134.1784,845.3866,2140.0222,146.6208,121.4796,3328.4944,210.4126,2372.052
3139.6,3526.5,1089.0767,27.3438,0.0057,641.2983,35.4176,32.642,3136.4944,143.1847,1017.9375,1085.5284,174.2614,418.6421,2155.8948,174.7188,3127.0967
3170.1,3525.3,711.1326,5.4309,0.0276,525.3812,152.8066,52.9834,4856.3037,97.3978,1250.8121,686.0773,196.9447,642.3646,3044.9944,221.6575,4116.4805
3132.9,3526.1,1266.7023,28.1814,0,905.8232,31.9907,37.0884,2739.8325,144.5628,859.8093,876.0279,231.4093,942.8884,2856.5955,145.0651,2754.6511
3124.4,3527.4,934.7761,4.0746,0.5075,727.1194,458.6866,92.7463,3368.3879,131.5821,1136.3881,882.2537,199.3284,113.1045,3797.627,215.8508,3526.0149
3277.7,3527.7,938.764,25.1209,1.2271,691.6283,97.3068,39.6549,3018.1887,159.4454,754.6873,1038.4071,130.8879,91.1563,2676.3777,131.3068,2096.1917
3269.9,3528.5,1048.2941,28.3725,10.9085,549.6667,72.8366,36.9869,4004.2419,188,660.1307,1753.7778,144.5359,98.2288,2923.085,122.0065,1412.8954
3177.3,3529.1,854.7163,9.447,0.1232,541.2607,535.6189,26.8825,2923.5271,131.7221,802.5473,940.1547,87.2951,105.255,2465.8367,95.3123,1687.3839
3082.1,3529.3,597.569,0.4828,0,325.5862,8.8103,10.1552,2221.3276,70.5172,269.4655,286.2242,36.4483,70.6552,1506.4138,106.9655,379.7586
3163.3,3529.7,638.4062,4.3229,0.0521,559.9323,22.6198,35.1875,3203.073,60.8698,965.4167,473.875,92.1771,123.3125,2913.9636,108.0365,3536.1614
3156.3,3530.2,792.338,18.787,0.0139,807.6065,50.625,42.9537,2811.9907,121.787,1024.0695,868.7593,171.0926,67.5093,2847.8982,134.6759,3726.1482
3226.4,3530.3,535.4727,37.9939,29.703,409.7818,171.8,21.4,3104.3333,55.903,620.1758,634.0485,92.6242,58.6242,1988.4728,91.9939,1739.0425
3096.5,3530.6,753.52,6.7467,0.1867,501.2933,68.7867,39.28,2495.4399,135.3333,494.2667,1586.36,171.76,228.44,2625.96,117.2667,1186.3867
3129.4,3531.1,1046.1221,21.8605,0,609.9535,59.6221,55.8023,3201.907,128.4767,767.3547,595.7675,165.4244,117.6977,2919.0698,161.4244,2581.6338
3103.9,3531.3,960.8816,4.9605,0,697.4474,322.6316,41.6579,8899.3154,128.5,748.6711,823,75.5789,80.6316,2786.4211,328.8158,1667.2236
3089.5,3531.5,893.8438,8.725,0,541.075,23.8563,33.7062,2711.9563,92.1875,729.4688,528.025,192.975,1794.425,2316.4187,111.6,1762.4875
3169,3532.3,847.4188,9.0125,0.125,499.7437,162.2188,31.6187,3145.2251,114.3,618.7875,559.9625,88.55,128.7375,2889.9624,107.2937,1943.4688
3237.1,3531.3,676.1719,3.3854,0.0573,789.75,339.2552,29.9219,4710.7085,52.9375,755.7604,681.1198,34.5625,49.3698,2687.7031,38.4531,1368.5729
3204.6,3531.5,558.1361,6.1139,0.0025,391.3911,41.1955,30.5421,2647.6633,74.0718,738.3911,427.5074,167.698,730.1906,2299.1113,118.8985,2237.7278
3121.1,3532.3,1170.3385,21.1923,0,579.3231,312.15,74.5,3228.9424,160.5154,1278.25,844.8654,381.8615,169.8154,3400.0269,182.0423,3693.873
3262.9,3532.6,525.3184,6.3483,0.562,529.1047,36.9872,84.0128,2765.4272,100.6688,1001.9274,680.9979,172.5556,222.0662,2239.0833,139.0705,2645.0129
3077.1,3532.8,748.9231,12.1538,0.0769,742.8639,23.4497,16.0118,6573.9526,161.4793,1566.4083,631.3846,53.0828,90.0296,1915.1124,1190.1006,532.6627
3192.2,3532.6,1216.3409,38.1144,0.1716,952.3959,1357.6727,54.5286,3425.8696,201.0092,968.4897,2387.6614,187.9954,133.0938,2763.8672,163.6453,2755.4897
3275.7,3533.5,651.2793,11.045,0.7387,369.2433,34.3604,60.7748,2049.856,86.4504,603.6847,554.6847,122.9189,435.7658,1701.8379,77.5676,1380.2522
3113.8,3534.9,1296.7546,24.7881,0,711.2082,52.0483,65.9591,3594.8438,167.3346,1294.3978,849.5279,292.9331,74.8513,3516.6133,163.5019,3410.7659
3172.5,3536.4,879.5883,15.9294,0.1294,436.1294,1196.2354,27.2471,2385.1411,219.5059,793.0706,2406.6707,95.4235,57.3294,2197.3882,106.1647,1769.7882
3233.4,3537,995.5361,24.741,3.1596,1379.2229,65.0392,28.1024,5481.0303,103.5422,747.5632,1608.3223,62.3584,64.2319,3478.9277,86.5422,1045.8434
3159.7,3536.5,883.2774,15.3484,0,1261.8387,132.8581,47.5484,3360.3872,122.7419,1411.9097,1711.9871,269.5484,66.0323,3739.3291,183.5419,4028.458
3131.1,3537.3,991.0432,15.5556,0.0432,1255.7469,569.463,46.4444,10656.5186,170.6481,811.6729,847.7654,129.5247,166.9321,3472.1172,151.1852,2481.0803
3086.4,3537.2,846.7083,8.9583,0.2083,753.0167,59.1083,22.6333,8437.7334,131.0083,1498.8583,709.5,48.275,123.8667,2278.0334,479.8333,1350.2583
3139.9,3538.5,1030.1587,17,0.0144,1001.2957,32.4856,55.7668,4270.2979,136.6082,1112.7765,1132.0312,170.7404,180.4712,3136.2212,194.0673,3468.4568
3072.1,3538.9,764.5435,7.7246,0,572.8551,41.0507,39.7391,8825.6162,115.0942,760.884,529.9276,128.8478,150.8913,1862.3914,483.9058,1237.3188
3248.7,3539.3,791.676,160.2514,0.0391,695.2905,106.257,20.0447,3204.8882,107.8492,541.419,489.6815,80.8659,57.0503,1893.5308,300.6425,927.1118
3272.9,3539.1,1114.1483,28.3014,0,621.89,102.7847,116.6938,3714.5693,190.9809,1270.8899,825.1579,318.0383,1141.5981,2738.1626,218.7321,3126.4592
3118.2,3540.5,1261.2151,35.1105,0.1105,753.1686,454.1046,43.5523,3593.2441,246.1395,812.0058,2338.3953,223.2035,71.8895,2756.1396,186.1163,2236.8721
3165.3,3540.1,1227.1376,41.1429,0.0159,540.3969,761.2434,37.2698,2851.2275,183.3228,912.4815,1191.6085,183.4974,75.09,2656.8625,172.8307,2279.6401
3280.2,3541.5,803.6142,14.7005,0.0406,859.0153,118.0558,47.6904,11321.959,159.8985,1163.6752,890.1573,194.0254,324.9036,3075.9492,161.3249,1925.2437
3187.2,3542.4,1280.2521,49.5014,0.0732,698.1464,1832.8807,51.7398,3838.5771,246.8916,1294.8374,2220.542,164.7426,79.0705,2868.2061,195.0244,2697.366
3202,3542.2,537.4854,6.1799,0.0837,399.0711,51.8494,21.9205,3461.4392,73.4854,633.2092,406.1381,96.1339,50.5439,1876.6611,109.8828,1635.8619
3123.9,3542.7,1174.975,24.355,0.035,1484.96,689.345,28.615,3055.6399,160.94,584.72,1854.1949,131.925,64.355,3107.52,150.685,1994.4351
3090.6,3542.6,1112.6779,16.5272,0.0418,805.0167,1051.0879,26.1423,6121.3643,143.7238,431.0962,1328.1298,89.4937,82.2678,2188.0752,165.7448,793.5523
3076.1,3542.9,977.2014,16.8255,0.2215,1091.1946,1037.5234,29.3423,8545.3691,262.9731,526.7651,1853.4631,77.1745,306.3356,2506.5706,175.8859,677.302
3267.3,3544.6,1655.5521,52.9167,0.1719,590.4375,191.0208,40.6406,3269.6458,283.0469,956.8281,2687.9167,230.9219,503.1927,2805.2969,196.349,2072.9792
3249,3545.6,1279.8983,18.4915,0.1073,870.1299,1820.5537,50.1243,3878.0679,212.6893,1031.8757,2126.1243,116.3164,93.4915,2854.5706,184.3446,2299.0623
3159.2,3545.6,1020.3271,29.7802,0.0188,498.7936,225.193,39.8123,3057.3379,160.3539,1254.0966,763.067,275.1635,61.3887,2673.697,178.622,2869.9705
3273.9,3546.4,1354.9125,55.2212,0.023,668.659,1158.7557,40.894,4727.6357,228.3088,936.2074,2019.7926,220.2765,370.788,3723.5576,165.2442,2010.2765
3174.1,3545.4,928.0825,23.5644,0.0099,780.5413,768.7888,77.9835,3460.1189,192.7525,1819.0825,1738.7722,222.6601,64.9637,3739.99,184.7525,3889.2673
3099.2,3546.2,745.1182,3.0909,0,483.9636,188.9364,26.6909,3311.5454,66.0818,583.2364,647.5546,148.4182,127.3455,2341.3999,112.3364,1801.7909
3108.5,3546.5,816.719,10.2975,0,742.8099,41.9835,87.7686,4064.3472,154.2314,1533.6694,854.7025,294.7603,88.2314,2835.4958,210.3884,3736.4629
3128.9,3546.8,1080.7831,28.1693,0.0212,1640.328,574.7831,33.8307,3243.8572,156.2381,560.6455,2185.0317,174.5291,139.709,2882.0212,131.3122,1726.5979
3151.5,3547,780.9784,21.705,0.3741,634.3957,23.813,29.3525,2909.6833,116.7482,1201.7986,864.9784,178.9424,82.6835,2585.5396,156.3022,2924.7051
3235.1,3546.8,774.4739,127.0435,119.0609,501.3739,23.3348,17.1783,2440.2,83.8174,313.9087,475.7174,61.1435,57.1783,2029.2435,103.5956,765.4174
3084.2,3547.5,1282.8317,21.7347,0.0663,1420.801,68.551,19.1837,3454.4846,162.0255,313.1888,1922.1735,103.898,88.1327,1992.0562,162.0816,416.3929
3221.4,3547.6,639.1429,196.0402,97.0357,412.5446,31.3549,15.1049,3228.2812,70.3906,361.0513,390.5759,56.8839,68.7076,2106.509,97.1585,890.4352
3116,3548.1,941.2159,13.9383,0,606.9207,22.8238,37.2071,4873.2158,124.5903,949.5419,640.5991,219.6167,249.0044,2724.5286,480.5507,2396.3391
3144.5,3548.4,960.9636,21.7061,0.1515,941.6091,49.7879,29.2727,2275.6304,131.5061,632.3091,1414.2909,132.5939,64.1455,2180.9456,120.397,1633.9395
3077.4,3548.9,1054.8921,15.482,0.3094,856.9928,883.223,33.5108,4315.1006,219.1007,614.4316,1305.4244,69.7842,91.3957,2694.7051,220.0863,393.446
3261.5,3550.2,848.5917,83.6167,0.075,531.4417,39.7083,10.35,4569.7002,102.4667,618.4,457.5833,137.4417,76.55,1785.85,427.5417,854.975
3195.8,3550.6,681.7137,10.6307,0.0539,826.1992,164.8423,20.1577,4670.7637,126.7759,849.1577,544.473,90.112,54.0415,2138.166,125.7012,1416.1121
3244.1,3551.9,710.9842,15.502,1.751,600.502,116.5553,70.1897,3918.2432,92.8557,1158.2075,683.9427,124.2095,354.579,3671.0178,185.2984,2778.083
3089.4,3551.6,1040.9869,24.5556,0.085,1412.902,68.4444,22.8039,3271.0195,154.3595,370.1438,1418.1372,107.7778,71.7255,2175.562,162.9281,833.1307
3122,3551.9,1293.239,26.8765,0,618.8088,101.0239,38.4143,3789.5459,160.6335,781.502,665.2948,195.3944,186.9203,3064.7131,270.7371,2215.1155
3186.8,3551.8,948.032,20.56,0.052,598.52,584.004,30.748,3542.064,187.056,643.348,872.104,108.384,59.54,3327.1599,141.968,1691.132
3107.6,3552.4,1185.8619,39.1255,0.0293,1989.2928,125.6276,89.092,4956.4937,227.4017,1633.6318,2678.3765,266.9163,133.5565,3555.1465,684.9666,4222.2217
3266.5,3552.6,836.7083,19.8929,0.1429,693.8512,535.0952,19.6667,4044.9226,166.8036,684.4167,875.6845,134.8393,67.8274,2335.7917,269.9464,1459.2916
3173.5,3553.3,1121.4396,27.6648,1.1429,784.511,703.2088,31.044,4428.1592,245.5934,855.2747,1874,143.6044,68.5714,2706.1868,184.6648,1625.4286
3138.2,3553.7,640.9282,10.0359,0.041,488.3641,255.4051,32.0462,2607.4512,97.6974,646.4308,661.0615,146.9692,63.1641,2001.7693,109.3436,2052.5847
3078.1,3555,1308.1455,43.2182,0.0955,812.2636,900.2273,26.3636,4268.2183,205.6954,509.8591,1190.5364,126.0727,93.6182,2528.259,721.3455,489.0864
3276.4,3554.8,993.2469,32.2678,0.1506,570.7071,1326.8033,28.728,4161.6943,172.8703,706.3598,2053.071,151.4477,59.8368,2365.7449,123.5607,1669.2552
3258.1,3554.7,873.7455,20.6923,0.0828,385.5799,73.9704,21.0414,5713.6865,131.1834,2313.4675,884.9113,182.8107,127.6036,2006.7338,863.2545,1476.4674
3205,3555.4,528.381,5.0952,0.0952,417.2619,73.9524,22.3571,2199.0635,84.0159,714.9524,453.7857,185.627,1201.8175,2363.6904,111.0556,1995.9921
3190.2,3556.5,993.0085,36.4017,0.0769,1059.0513,1879.906,45.5299,3994.8975,271.4445,867.7094,2357.4614,167.9744,85.0684,2625.1367,157.3932,1865.641
3102.3,3556.4,912.9512,12.1545,0.065,633.5041,243.187,51.9187,3097.2114,140.2439,1017.0488,799.0406,306.6016,170.2439,2803.5366,168.3333,2363.4309
3153.7,3556.2,871.9713,466.3362,614.1063,400.546,43.2356,19.9282,2841.3218,86.2011,219.9138,336.1437,63.4885,55.8764,1712.684,104.4741,361.8965
3096.5,3557,1189.1763,31.5072,0.1043,760.4352,1188.4532,101.1115,4106.7446,185.795,947.8273,1842.9388,226.5504,156.6511,3506.9893,211.0791,2531.8884
3111.6,3557.3,869.6929,18.9571,0.0214,730.9786,441.3857,49.7929,5096.8145,139.4714,1077.7858,948.4143,241.4571,141.45,3022.4714,1265.4429,2581.6357
3197.3,3557.5,840.3962,14.6038,0,783.4214,470.8742,28.4465,6976.2266,173.0503,1300.2642,855.761,118.5975,98,2267.302,234.1006,1192.1572
3167.8,3558.2,1260.1113,37.7295,0.649,674.8356,633.0172,30.0771,3442.4966,254.3236,665.8853,2565.9348,169.5103,74.5719,2587.8135,153.089,1423.3168
3183.5,3558.2,1079.8207,24.0069,0.2276,962.3173,2781.8484,44.6345,6640.8896,307.0207,1006.1241,3053.6689,149.1655,85.2966,2988.5173,159.7034,2154.8896
3214.1,3557.8,751.4927,15.1312,0.2828,669.0466,174.5569,32.8455,4518.2563,154.4169,913.2565,591.3848,103.1166,67.8746,2399.0815,625.7872,2460.3674
3270.5,3557.6,1076.2325,31.907,0.0155,559.7442,1695.7906,16.8682,2915.1782,184.155,524.031,1840.7365,114.4574,63.4806,2174.6201,134.2481,1493.3566
3082,3559,813.7516,8.953,0,568.5034,385.4698,12.3893,2936.6777,103.4228,429.4497,703.0671,99.2215,77.6309,1661.8054,1858.6577,980.5571
3126.5,3559.1,1082.563,23.7453,0,548.2734,51.2386,33.7748,3385.2681,150.0697,730,747.5013,242.5469,69.689,2933.9866,218.4718,2341.5898
3117.6,3559.2,768,3.1163,0.1163,667.9477,10.7965,14.8895,6610.7964,77.9186,873.5349,528.8488,71.5233,61.8372,2316.1338,2674.7268,1739.0465
3222.3,3559.5,678.3621,16.2069,0.1149,686.4713,67.7759,56.0862,5041.2876,181.1149,1704.0747,733.8735,251.1035,451.3736,3361.3909,428.3678,4210.3965
3252.3,3559.9,794.3781,0.1341,0.0122,378.0122,4.5122,44.6585,2796.939,4.0488,1558.4878,574.0366,42.6951,463.9634,2617.1707,7.939,3350.6584
3235.7,3561.1,600.0885,337.5361,232.082,308.723,23.4852,9.0311,2287.9607,59.1197,201.6148,242.0492,46.0361,37.7934,1623.5475,78.4688,302.6115
3200.8,3562.1,1236.8588,42.5529,0.0647,604.0118,1747.7177,32.3647,3343.9587,236.1176,525.0588,1687.6353,148.2823,102.9647,2299.0471,182.9706,1221.2294
3268.8,3562.9,1119.5317,110.6705,11.9855,558.5405,1079.7081,30.4711,4298.7368,167.6763,556.2919,1285.4451,199.0867,69.4682,3692.9712,144.9913,839.1243
3257.5,3563.8,1005.6712,23.5329,1.3968,436.3333,562.8798,18.5238,3515.5715,77.322,579.0204,990.8073,81.161,78.0998,2138.4875,83.3719,833.78
3182.3,3562.8,1020.4329,22.1194,0,1141.9403,733.9403,60.8657,3260.7612,188.6567,882.791,1876.791,293.9403,59.0149,2930.209,156.1642,2312.6865
3090.2,3563,778.3077,12.7564,0.0128,709.282,383.718,58.3974,2884.5256,136.5513,962.1154,789.1923,236.8077,244.6667,2165.7051,187.4103,2692.2051
3073.2,3564.5,1058.1266,33.8323,0.1772,649.1709,72.8924,18.8703,3641.0381,224.9082,337.9652,1615.4114,106.2373,95.1551,1808.5063,158.8481,642.1867
3207.8,3564.7,991.0913,26.0083,0.3568,552.1369,1791.7676,40.3402,2853.9834,190.8465,821.7427,1943.1992,132.8589,65.9419,2743.3901,174.1826,2300.1494
3245.9,3565.3,751.4846,116.1933,43.0336,508.4202,65.4286,14.479,3315.8879,102.1681,522.0336,395.6863,67.4454,48.5434,2276.126,146.1765,764.2633
3191.3,3565.6,1220.2598,55.7843,0.5392,778.5441,596.8578,61.201,4026.353,310.1373,1396.1715,2781.7009,320.3873,75.2451,3523.897,235.2598,3367.8921
3177.7,3566.3,1251.8552,40.0461,0.0855,808.1579,1722.7236,61.2039,3879.1777,220.2368,1089.7698,2476.4343,233.1118,75.5395,3375.5593,192.9079,2514.4473
3130.9,3566,1307.3778,42.2833,0.0278,503.2556,432.2889,43.5167,2991.6333,192.1611,702.2389,1759.0723,199.6333,65.5222,3837.0889,137.0611,2002.5
3092.2,3567.1,841.2209,7.6503,0,561.7607,286.9877,31.9816,4520.356,118.0675,837.5767,632.6932,291.6258,1097.5645,2902.4294,146.3436,2170.8159
3225.7,3567,426.5641,9.141,0.1731,780.0641,128.4936,21.641,5796.3975,138.6987,1234.2307,804.0705,83.3205,60.7756,3005.2437,567.3077,2915.0193
3184,3568.3,1379.8684,46.8904,0.0175,1782.1272,596.2193,45.3114,3550.8464,212.4167,833.4254,2510.7632,199.3816,86.6228,3354.6885,176.1667,2031.8684
3201,3569.7,1055.2141,34.3639,0.0581,619.9266,665.2997,23.3547,3553.584,196.2875,644.3731,896.5107,118.4434,72.3486,2950.835,146.9725,1624.7064
3235.2,3569.9,512.0238,460.881,403.1349,328.1905,26.373,13.8016,2264.6428,53.381,204.7857,241.4365,46.4286,39.8413,1740.1349,79.5317,282.9683
3081.7,3570.7,1108.3767,21.1903,0.0097,694.2233,38.9107,22.3786,7040.1768,140.6621,448.8427,538.7767,111.3903,228.1767,2846.8953,157.1456,645.6292
3267.8,3570,1146.3202,1050.0044,338.8202,501.3553,67.8991,25.307,3882.2896,135.4123,290.9956,417.4123,85.5,72.3553,2461.4473,129.2412,391.0833
3113.4,3570.9,1047.4869,16.0348,0.0261,958.1261,145,44.4565,8902.5957,188.2304,2026.1522,1013.6218,257.1261,167.9609,3563.1436,4262.4697,4299.8477
3122.7,3571.6,1131.7284,35.4291,0,514.2913,607.6693,30.9567,3119.2993,169.3386,505.1417,1027.6969,138.1772,123.4449,2616.8582,171.4252,1177.2401
3162.2,3571.9,701.339,15.5,0.0763,531.5508,92.9407,16.6695,3221.0679,136.3136,346.5847,349.9746,67.8559,46.1356,2043.1864,174.983,796.5508
3129.4,3572.7,1885.3887,81.3887,0.0445,572.7328,2732.5183,42.6802,2952.49,302.3887,585.6396,3017.498,211.5992,97.6437,3007.3604,178.8259,1282.3644
3261.9,3573.1,693.7281,385.1667,139.807,323.7632,7.9386,9.114,2497.4036,8.0789,220.6053,204.5351,3.6842,34.9386,1474.7982,14.5789,379.9474
3189.6,3573.5,1318.9111,133.1778,0,1108.3667,79.6889,25.0222,9434,443.5222,1150.2889,1016.2111,414,134.8333,2638.9556,186.4889,1878.5222
3195.7,3574,776.7228,11.6485,0,816.4802,169.0396,33.4653,6860.4453,162.302,887.6039,601.3564,129.7921,65.2178,2650.8118,132.6881,2026.2178
3220.7,3573.7,468.3067,31.7353,0,431.8907,113.4496,17.7143,2641.7227,115.0588,821.0042,597.8655,110.5168,146.2353,2446.8823,142.7227,2226.2268
3171.8,3574.4,735.6335,17.0837,1.5657,789.4741,72.494,20.9761,7101.8843,156.3665,776.2311,496.9163,91.0558,55.8207,2076.259,429.3665,1657.9083
3102.4,3573.7,1045.2018,16.9912,0,666.4035,66.614,42.5,4477.6577,149.3509,1335.9036,693.0702,529.5877,1866.193,3546.8772,226.0088,3807.772
3270.7,3575.6,1177.6624,135.1039,38.2532,733.75,86.8766,17.3799,8694.6816,167.5779,885.3896,714.3636,104.9513,72.9935,2501.0293,117.8864,726.1688
3097.1,3576.1,1037.8972,19.7009,0.0374,629.2804,42.9034,36.9938,7347.3989,159.2648,1304.7975,650.0841,328.5826,1198.8972,3100.0872,249.3396,2984.5391
3090.8,3576.5,990.6552,15.9034,0,586.931,25.6276,7.8621,8044.8208,115.7655,865.3448,622.662,171.069,752.7517,2228.2896,176.9724,2456.4414
3131.1,3577.9,1286.8511,36,0,486.7872,1682.0106,22.6809,2694.1597,193.234,442.883,2228,143.8085,75.0638,2553.0637,132.1277,933.4468
3165.2,3579.2,1133.0861,42.8311,1.2616,698.7814,1335.702,27.7947,4556.3213,243.0563,456.1457,1139.4934,117.8444,65.6887,2751.2781,384.7914,828.9967
3245.6,3579.8,697.5336,530.6278,339.2657,368.7679,33.4675,12.0942,2531.176,69.389,211.0325,266.4047,54.6413,38.713,1769.7388,84.4821,267.0022
3117.6,3579.8,832.7712,28.0932,0.3559,753.6102,51.6864,20.6525,7167.9829,148,1243.7797,601.0763,306.3559,428.2288,2629.8899,208.3136,2992.0679
3105.1,3579.6,1287.1456,34.335,0,1058.4418,132.7961,41.0146,4619.7671,198.3252,1246.9369,1005.0825,426.1165,1774.8883,4014.199,242.1651,2809.1846
3224.7,3580.3,656.9073,26.2781,0.0695,604.1722,179.1159,42.2417,2710.5828,142.8874,1218.053,814.5033,266.3642,1270.1523,2907.2153,174.255,3025.2715
3202.8,3580,764.6645,16.2961,0.1184,672.6809,289.7204,70.7796,3123.8323,171.6842,1253.7434,844.6382,236.1908,106.8059,2869.1218,188.4243,3392.8552
3272.7,3581,828.939,8.1829,0.1341,599.1219,251.8415,15.2561,4135.4268,130.6219,676.7927,1070.817,83.6219,71.439,2648.7805,122.6098,1513.6097
3237.1,3582.4,761.8492,99.875,172.6618,385.5551,25.011,11.8382,2580.1543,85.6838,323.2169,304.7757,74.9743,51.7941,2367.0957,123.7757,741.4559
3111.4,3583.2,867.3892,35.9955,0.3891,959.9548,218.1946,21.3394,7556.8779,157.6471,758.0679,636.371,125.3529,110.0136,2522.5203,215.0543,1420.457
3255.4,3583.5,620.7634,49.458,6.1145,1063.8168,373.3741,18.313,10079.6562,119.2519,802.8091,999.1145,75.8244,46.7557,2624.168,195.542,1263.2825
3100.6,3583.7,956.3867,22.2933,0,669.88,55.76,32.0667,5010.6665,175.7733,1354.6666,654.1067,277.5867,624,2867.0801,187.2,3273.3467
3208.1,3585.4,863.2192,30.021,0.2162,431.4264,476.1892,32.1652,1934.5555,174.045,758.1682,1356.6666,155.018,63.9009,2032.4535,166.012,1707.3634
3121.9,3585.1,885.4518,200.1024,141.747,1007.6205,93.3735,24.488,3541.3071,137.4337,541.1627,1277.265,99.6627,81.1325,2307.7048,160.9217,1290.0784
3271.1,3586.7,643.6628,1.023,0.1379,492.567,45.5977,7.9847,4396.8428,19.7739,701.8889,383.023,30.0268,62.6015,1833.0652,25.7433,1824.9731
3224.7,3587.2,580.1238,23.7079,0.2822,481.1683,69.4901,30.0049,2275.2871,135.1089,1111.1486,735.1039,153.6881,140.7822,2301.99,124.2228,2835.3911
3262,3588.2,852.7766,33.6675,0.1636,748.8649,147.7948,28.2468,3635.0105,145.7091,1188.0468,829.6624,180.3065,158.2649,2495.6909,156.9065,2754.6882
3105.4,3589,1472.532,49.3468,0,642.8586,1384.4983,36.4714,3347.7878,217.2458,919.4007,1372.3064,318.7879,1463.8855,3329.8384,172.3098,2117.8181
3234.4,3589.2,823.8923,38.3385,0.7723,638.3138,62.4677,44.5108,3750.1201,176.7969,1149.4523,806.2031,246.4123,173.6461,2938.9353,180.9815,3017.9846
3280.4,3589.6,738.8979,10.6429,0.1939,721.0714,285.3776,31.0816,5856.1328,144,1077.2142,604.6021,176.2143,319.3163,2852.5205,146.3367,2642.9695
3198.1,3589.4,824.7508,13.2019,0.123,434.2618,1101.4038,15.8076,2452.9495,119.8139,658.2808,986.1483,94.3312,51.9306,1910.2871,103.1987,1090.5583
3091.2,3589.9,956.8519,551.3598,512.9894,382.9735,6.963,19.164,3015.7778,33.5185,256.8201,268.1164,16.9683,78.5132,2459.6033,51.8201,373.9841
3173.6,3590,796.4565,5.2319,0,243.971,25.3768,4.3841,2132.2971,49.913,368.529,312.4493,34.7246,47.913,1330.558,63.413,240.7391
3084.6,3590.1,1049.3091,134.7309,112.6036,414.1309,18.9782,13.68,2901.7383,99.1964,211.1564,341.3164,72.1236,73.0109,2046.96,122.2545,293.1527
3098.7,3590.6,743.3908,14.3793,1.5287,640.8735,33.6322,43.2989,3130.8621,103.4023,773.3104,452.5632,240.069,655.6092,3005.1838,123.6552,1372.1034
3125.3,3590.6,939.8586,27.644,0,847.1361,84.6649,41.3822,3875.3821,169.8115,953.1937,1054.623,231.5497,141.7016,3111.3247,227.2827,2272.4084
3110.7,3594.7,748.2449,10.3265,0.3061,708.7959,75.7347,34.4898,4481.2041,126.1225,620.6938,586.551,93.6531,91.6327,3478.6123,151.3061,1682.7551
3076.8,3595.7,610.1259,1.6093,0.0596,498.4503,8.8013,18.1192,4194.2319,45.9735,987.2119,400.6755,25.2517,79.4967,2492.2251,192.4106,1967.9602
3116.4,3596.2,1236.1422,40.8863,0.0332,1372.6541,52.3744,41.7915,4145.3223,193.3934,833.3792,2075.8435,186.1801,86.891,3281.4502,155.1611,2174.3413
3180.5,3596.5,583.0784,4.4902,0.0588,612.3922,71.6274,18.4314,2643.9019,97.7059,237.902,317.4706,71.2353,46.9412,1679.6078,109.6471,475.0784
3270.3,3598.2,889.7624,25.1383,0,598.0674,51.0284,18.266,3839.8689,145.9362,995.2837,595.1135,140.539,59.6986,2610.1382,115.344,1885.9255
3122.5,3598.8,1265.3641,43.9239,0,1088.7717,112.8207,41.2989,2663.875,204.2989,693.7011,1572.8043,195.2011,124.4239,3099.1577,151.5652,1964.7228
3252.2,3598.4,552.7574,384.3621,154.6379,727.0366,42.5382,15.7741,3589.7341,88.7076,488.7675,559.1794,48.2259,38.5183,2080.8938,111.9402,1073.5482
3102.5,3598.5,1279.4181,44.3689,0.0328,1048.0465,209.0437,40.3962,4384.3608,200.6612,776.8552,972.2705,250.459,1026.4235,3771.448,167.276,1533.3634
3208.5,3598.7,488.1556,12.5188,0.0179,318.9946,73.4633,18.8408,1609.186,74.3578,483.1646,353.5188,154.0877,39.5116,1596.728,81.1914,1168.0126
3091.2,3599.2,769.3986,0.9964,27.5036,303.9746,25.9275,9.6341,1924.4891,0,297.4493,233.1232,0.3043,40.4674,2449.4238,5.0217,784.5363
3260.5,3599.1,636.2953,18.5181,0.0363,1230.9379,81.6632,28.7306,2893.772,145.7927,1207.886,1605.3989,121.3368,60.5596,2648.8237,127.9326,3177.0623
3112,3603,900.625,14.5769,0,595.6635,72.5673,28.6635,4143.4229,159.6154,831.3558,544.75,283.7692,82.75,3022.7788,145.6827,1739.3654
3194.6,3603,1099.332,73.9899,0.1348,761.4688,587.332,17.3179,2297.0845,259.3742,296.2093,1108.6338,100.3521,58.0322,2189.6057,108.7867,544.0664
3237,3602.9,990.4597,34.2282,0.1544,529.3456,1017.745,29.9832,2473.8489,143.7282,768.0973,1336.2886,116.6007,61.745,2316.1543,130.0302,1703.8423
3223.3,3602.8,1010.6261,28.473,0.0991,596.5811,169.3423,35.7883,2794.1892,169.8288,1040.1666,878.3739,166.2838,119.5496,2242.3018,529.3874,2448.991
3084.6,3603.8,720.8836,0.2751,0.0053,287.3333,2.2646,10.6825,3218.9736,4.8624,452.4762,290.9577,2.2381,50.6878,2708.4443,60.8836,599.7619
3184.6,3603.8,974.3073,59.3542,0.0573,600.3125,668.1458,14.5156,2154.4583,227.9062,420.724,1062.6198,83.4844,59.9896,1777.2812,116.3073,1014.3281
3098.4,3605.2,810.4604,1.9424,0.1295,965.3381,165.2806,17.5971,2535.3669,30.3957,388.5755,1032.8058,40.8633,57.6835,3995.7554,40.4604,854.1799
3206.5,3607,599.2752,2.3578,0.0367,226.367,36.633,6.5872,1456.0918,43.2661,546.5229,359.2477,47.4954,44.5138,1027.5046,53.4587,797.9725
3275.7,3606.7,857.8442,13.6262,0.0779,652.6075,14.1838,18.352,5070.48,101.3364,654.1589,544.1402,61.9813,56.352,2465.623,92.5202,1522.8723
3247.1,3607.5,691.9599,333.8546,176.9373,418.9173,75.5589,10.1429,3249.238,59.6617,263.802,305.8922,42.8371,53.5063,2184.4385,143.7343,393.8346
3263.3,3607,958.3092,39.4879,0.1208,647.744,115.2319,35.8647,3657.2029,188.8985,1030.5459,588.7198,227.7295,507.6377,3213.8938,166.8647,2361.4397
3224.3,3609.1,1155.6432,25.1027,0.1459,449.5946,32.3189,9.3946,3099.054,138.8,502.4216,471.4595,109.8216,128.0378,1621.4702,5032.6543,828.0108
3092.5,3608.8,574.7985,0,0,329.4961,19.4109,16.8992,2765.7983,0.2326,309.6357,189.6279,4.0775,37.1163,2496.7673,5.4496,869.5814
3217.6,3608.9,1188.7726,41.0196,0.1255,597.6588,86.4588,32.1922,2716.0745,177.9725,744.0549,601.9882,299.7137,1986.949,2686.1333,1525.6,1982.7687
3104,3608.9,1103.2211,33.5526,0.1263,1494.0737,647.0895,32.8,3524.7053,246.9842,702.5369,1912.2684,141.7842,80.3105,2811.679,162.9053,1390.179
3199.3,3609.2,719.9595,12.2297,0,212.9324,25.0811,1.9054,1139.6082,59.3649,260.7162,283.1757,45.0405,41.8514,994.7297,48.5946,172.0946
3234.1,3610.4,685.0346,16.3599,0.2215,559.5259,140.2976,10.564,1917.2906,92.4671,312.8547,511.7924,67.7543,48.3945,1678.436,137.2837,541.7509
3088.5,3611.1,782.1442,0,0,239.7568,0,16.2432,2918.2793,0,299.2252,79.5405,8.6126,48.4865,2557.3784,1.1622,730.9459
3257.6,3611,1005.3674,51.5782,1.7279,763.6259,185.9048,11.8776,3978.8572,174.9184,729.0204,538.8912,265.7551,1725.0272,2752.8435,263.0136,1565.4625
3083.7,3611.8,733.3458,1.7243,0.0093,549.5607,165.2757,18.757,6765.0981,42.2757,924.3738,526.1495,18.2664,112.1122,2629.458,783.8271,1108.8318
3264.3,3614.9,1472.3978,64.8099,1.8415,609.4331,1360.7817,54.7641,3403.7676,231.0528,1157.7078,1773.2922,372.1655,930.7289,4108.8486,189.1056,2862.7219
3211.5,3615.4,1041.5288,32.3634,0.9298,510.6015,1520.9398,19.7719,3860.1204,237.1178,663.1579,1208.5588,173.4035,921.9474,2048.8196,293.6541,745.8972
3076.9,3614.1,1384.0978,36.1199,0.4259,637.877,1015.5142,32.9558,3559.6877,263.2902,682.9779,2492.8992,170.0757,246.6972,3194.4512,174.9527,1451.0852
3113.8,3614.9,788.1478,19.2739,0.2174,555.9,713.7174,45.7348,3273.1738,167.0043,758.0782,860.8304,296.0826,71.8217,3882.5,143.2174,1573.6
3280.9,3492,715.6273,9.5273,0.0091,533.4272,142.2727,63.9,4790.7271,136.2182,1575.6818,747.5273,174.5727,197.4364,2230.1365,926.1182,2973.0728
3283.7,3499.3,638.1493,6.3439,0.0136,567.0362,144.6697,61.6199,2556.9954,121.9502,1393.4344,794.7059,209.6652,68.0407,2570.801,177.8462,4027.5022
3285.9,3505.3,582.0208,6.3125,0,997.5833,337.7708,57.1667,2607.7708,142.3125,1241.2916,1186.75,173.8958,87.6875,2262.8333,129.4375,3321.4792
3295.1,3514.1,1116.309,21.5447,0,581.8984,125.6219,54.5081,4649.7681,140.9878,730.2155,650.687,138.5163,375.0041,2251.5569,137.5772,2302.8821
3283.4,3518.8,840.6542,15.0042,0.125,560.6042,334.9458,38.7667,3671.0874,146.975,746.6042,596.1042,114.7667,71.1083,2681.2417,124.4958,1764.3833
3290,3519.5,829.7025,11.8313,0,463.0828,160.7791,50.4847,3318.2822,135.3896,1459.7761,765.5889,296.0859,349.9662,2553.2239,162.5123,3271.6902
3298.5,3519.8,1435.3944,30.6278,0.05,719.1166,713.6833,47.5111,8305.8223,177.2278,718.2944,1312.5333,141.7833,112.0056,3242.9888,122.4389,1342.0111
3301.4,3524.3,1023.7897,27.9897,0,480.7949,67.6462,37.7641,3306.8,147.4256,680.7538,498.0359,181.2513,320.7282,2364.3486,145.4667,1648.8154
3293.6,3529.1,845.6708,14.1276,0.037,510.502,103.5761,45.4691,2829.8477,145.7942,1602.7654,803.4115,294.3127,1900.0123,2886.749,180.7695,4296.9424
3303.3,3530.7,744.7623,11.9021,0.0035,720.1539,44.6014,42.2902,9650.6992,133.3252,949.2238,533.7937,115.8636,131.5629,2690.6328,530.2308,1678.5525
3313.4,3532.5,554.4,0,0.083,527.4792,119.7623,37.8415,3426.834,2.9321,1725.8906,660.8377,3.8943,54.0717,1771.5245,10.3962,1326.9056
3286.8,3535,779.2341,14.7508,0.0517,900.3586,88.2918,62.5471,3066.8298,126.5684,1326.8511,1683.1824,180.1459,111.8359,2331.9697,119.0365,3163.377
3309.1,3536,542.7843,5.4052,0,915.8366,222.6732,90.9477,5422.4771,137.268,2138.8757,1427.5817,189.6144,403.6405,2573.4509,380.9869,4673.4443
3299.4,3538.3,675.3481,6.4241,0.1545,617.1309,393.8482,63.5026,3216.9895,129.7565,1494.3193,1016.0392,150.3665,103.3456,2441.7305,198.8874,4051.4084
3292.3,3543.3,640.2258,9.2688,0.0072,636.1899,104.6631,74.5233,2874.9714,138.0215,1474.1936,839.3298,171.4516,106.0538,2734.2222,162.5484,3832.1829
3321.7,3543.8,903.63,10.0333,0,577.4833,29.25,33.21,3710.2466,83.0967,1166.7267,585.5967,143.4367,501.2833,2027.0233,100.6733,1612.7533
3298.1,3546.6,579.305,7.0638,0.0567,498.2128,415.4255,61.9291,2799.7092,128.695,1322.4965,1044.6525,173.8369,279.7872,2463.9575,191.156,4000.8015
3281.8,3547.7,664.9553,3.2291,0.0279,473.8101,199.4693,24.352,5674.6816,92.9888,978.3519,620.0558,84.7654,70.8827,2404.4077,95.6536,1680.4916
3324.5,3550.7,1036.3485,21.0051,0.1364,614.6364,58.1717,36.3434,5731.2222,167.1919,1493.6768,675.8889,261.0454,1994.697,2459.2878,170.3333,3180.6819
3330.5,3552.3,1407.3788,21.2424,0.0152,660.0505,108.7475,41.4293,4965.8281,132.3384,1061.4091,754.9949,217.0707,1183.7474,2467.5859,109.9798,2389.3687
3316.6,3551.7,788.2718,11.8397,0.0244,619.3066,235.3763,40.7108,3308.0071,146.3449,1037.5992,738.0662,130.4948,169.1115,2470.7422,162.1498,2494.5854
3302.8,3553.7,798.603,15.7378,0.0037,514.4307,349.5131,37.427,4621.105,161.5843,1344.2434,1436.9962,204.8315,650.5843,2599.8164,144.1273,3440.5955
3312.8,3557.8,1072.1069,25.4561,0.0641,692.7316,463.4964,46.0214,3607.6057,210.6105,1225.5249,1406.0023,222.5036,214.3159,2851.6675,185.2209,3417.2778
3299.7,3559.4,736.8313,11.3614,0,493.6867,1345.4819,33.9277,3705.3613,175.2169,1307.3855,3118.1687,135.9277,566.0602,2775.2168,135.4217,3189.0481
3331,3560.1,975.3104,18.3156,0.2334,808.8064,284.2255,73.6552,3662.8887,156.6658,1415.817,1073.2307,185.4191,534.2732,2244.1646,171.2838,3527.9443
3290.8,3560.7,1156.7301,66.892,0.0114,911.3608,840.4801,37.0398,6399.4717,358.6676,2178.3608,2197.6533,295.8977,106.517,3021.6448,190.5852,2652.551
3307.6,3564.1,1089.4049,41.7463,0.0098,731.9268,1479.5707,32.9707,3919.1511,214.1951,1021.3122,1596.3123,173.8683,85.2439,3100.8586,156.5122,2265.5122
3338.9,3564.8,1105.474,25.6416,0,791.7515,422.7803,49.052,3986.0981,196.8497,1289.8497,877.8786,200.3179,1290.1213,2232.5144,170.9884,3127.1677
3314.6,3567.6,1361.1956,42.3782,0.0897,802.7596,1572.9231,37.0769,6465.2886,219.9904,965.7468,1489.8429,246.1154,232.4968,2795.657,184.8942,2316.718
3301.3,3569.3,1169.4917,34.8674,0.0166,1537.0829,451.779,56.7901,3830.6409,225.2044,1651.895,2239.8618,150.9945,75.5801,2872.0552,150.105,3737.6243
3339.1,3571,905.9957,21.9402,0.0085,992.688,985.7137,41.9915,7003,186.8974,1220.8547,1186.2094,142.6581,447.9359,2937.7437,137.3718,2844.0427
3290.5,3570.8,662.8523,9.5341,0.0682,762.0909,62.5455,15.9205,3846.7158,179.875,799.2273,551.2614,143.8864,69.9545,2327.9319,135.8409,1260.7386
3332.4,3571.9,814.1598,20.4932,0.1233,1093.895,449.6621,26.3973,8995.3789,170.9954,1052.1963,763.1735,129.5753,174.8082,2395.9041,125.1964,2510.6575
3310.8,3573.8,1329.0869,41.9783,0.0186,975.1304,257.4441,35.5373,4639.4131,235.2516,1380.6553,1167.705,332.2081,560.6553,2907.6428,186.9938,2603.708
3320.9,3572.1,1167.7228,25.4076,0.0163,824.5707,801.8913,32.5217,4888.0273,203.3913,887.3207,1129.8533,191.0489,216.9185,2474.875,125.2935,2062.4131
3327.3,3574.2,706.5515,11.6838,0.0368,526.0735,389.4044,24.0956,2078.897,127.7721,844.1103,831.0515,129.3603,62.9632,1344.4854,86.8971,2382.103
3346.7,3575.8,681.1272,11.0877,0,577.5044,238.8728,59.8246,3028.342,136.9518,1561.3508,1057.4036,172.1491,89.1535,2409.1973,159.2061,3844.3464
3300.5,3574.7,1050.2903,20.7871,0.0516,1062.413,122.7161,42.0323,9980.2705,184.2323,1377.1936,890.2129,144.7548,78.6645,2891.5098,130.1548,2257.342
3287.8,3575.5,839.018,15.8604,0.1261,799.482,92.3018,20.9775,7448.9731,181.8243,920.4324,581.8063,174.6712,108.3513,2487.6487,124.4865,1344.7522
3318.7,3580,717.8786,7.2084,0.0792,871.5699,142.7704,27.9868,12004.6123,109.7599,1119.2717,678.248,75.9235,153.6887,2818.9128,89.6807,1856.8469
3305.7,3579.3,1177.6018,26.3665,0,904.8914,141.3665,38.7692,7190.5654,182.5113,1293.8235,847.7737,338.4932,109.6425,2959.0498,133.3846,2060.1448
3338.7,3579.2,942.0785,27.1536,0,468.4812,214.3038,55.3857,2473.6621,161.5017,1107.4506,699.0751,289.9693,79.1945,2388.5427,120.7747,2620.8635
3297.5,3579.9,914.5441,14.2228,0.2902,836.4974,210.2228,17.7979,5241.5957,138.1606,767.9948,542.6321,89.2487,61.3886,2746.3679,167.0984,924
3280.1,3580.1,953.9677,26.5871,0.0161,838.9064,344.5774,34.4516,9911.4873,198.4032,994.6839,743.5516,250.4581,647.558,2990.5032,309.429,1883.8226
3287,3581.8,1003.0923,13.4769,0.0154,990.3231,664.6,24.4308,11010.6768,186.0769,1083.7693,1023.5385,185.6308,339.0461,2468.3538,135.5846,1234.4923
3352.4,3584.5,755.6602,15.2484,0.0523,687.8431,187.0131,63.6797,3268.7549,143.0817,980.0261,936.2647,159.1536,272.7386,2110.5359,133.2908,2815.4707
3281.3,3585.2,887.4737,12.5263,0.0658,682.2105,773.4605,18.8947,5444.2104,147,918.6447,708.3289,214.9211,259.8289,2521.7368,130.2632,1801.1184
3292.4,3585.3,972.7778,25.5104,0.184,885.8923,1173.1493,19.5243,5393.7778,174.5972,702.6736,1364.5312,127.5035,61.0382,2344.198,121.7569,1150.5591
3335.8,3585,1015.5538,27.1613,0.0645,621.0591,100.9624,49.9839,6979.3281,182.1183,1296.3495,703.629,283.9516,257.0914,2558.3171,134.7312,3429.1506
3302,3586.4,935.6741,25.9513,0.0449,768.1086,495.3221,23.5356,4041.5132,159.4757,663.5131,768.3371,122.236,63.221,2494.6704,138.5169,1220.3446
3323.5,3589,539.9091,4.4242,0.0303,526.4091,24.3788,11.1667,2293.6365,61.0455,578.5606,383.3182,100.2727,150.9242,1688.2576,60.697,1145.6212
3329.5,3589.9,1012.6064,31.9645,0.0258,703.6355,36.5742,35.4226,2606.5129,148.6032,986.5516,648.4742,258.2903,107.0936,2698.1096,120.0613,2098.5676
3297.2,3591.3,816.5189,15.9623,0.1038,854.2358,1068.566,23.5094,5087.9526,179.0472,1213.5189,1168.7264,129.3962,62.6887,2363.3491,164.6981,2392.5659
3336.2,3593.9,782.2203,20.8406,0.4783,449.8029,72.6725,31.4609,2356.3796,122.8667,1058.9159,699.5073,254.0145,340.2,2013.3218,116.8232,2725.9709
3360.7,3594.3,868.5349,9.9261,0.1417,463.7904,644.2136,23.2874,5072.1299,131.3553,881.4291,942.9641,100.4491,123.9661,1942.4052,93.0778,1432.2136
3369.5,3593.6,1154.2222,19.9556,0,630.3111,743.4148,33.6889,3943.2,184.8222,808.8815,1373.1038,180.1185,561.3852,1874.6371,124.1778,1643.9926
3288,3594.1,1161.729,30.384,0.0082,801.4291,340.7351,29.7166,8496.4004,180.9528,1374.6981,938.8953,219.9651,140.1109,2811.9773,135.1355,2393.8994
3309.1,3593.9,925.9235,21.4928,0.2297,606.8564,558.0479,22.134,4118.2969,136.311,638.2249,1057.0334,125.8517,75.5742,2487.8994,125.067,1295.8182
3351.3,3594.5,737.6771,10.4215,0.2332,374.6323,149.4126,17.565,2216.592,106.6637,829.6233,506.9462,144.6951,63.5695,1562.417,87.2421,1995.6862
3444.3,3595.3,1074.4906,0,0,223.1887,0,9.1887,1927.6227,11.566,466.5849,275.1887,21.6415,696.6604,1142.6038,10.3962,1147.434
3313.1,3597.5,911.0536,23.9643,0,543.9107,379.7143,37.5536,3155.6606,151.5179,1311.3928,965.2143,303.3214,80.625,3835.8928,143.5357,2919.3394
3373.5,3597.1,919.678,13.1469,0.0169,722.2429,178.3898,36.1186,6388.582,157.096,1168.0621,732.8475,243.4124,1622.2825,2089.5649,166.0452,2246.9661
3454.8,3597.5,696.4769,0,0.3385,37.1231,0,4.0308,679.7385,0,241.0923,24.3077,0,14.2154,840.9539,0,556.0923
3421.5,3597,1103.4185,28.3833,0.9692,540.3524,167.0132,22.1366,2384.8547,150.2115,529.0088,507.7313,201.6696,152.1277,1455.7709,129.5683,778.1674
3436.8,3597.6,1046.0974,7.8856,0.1229,521.9703,22.4661,17.3941,3507.0847,100.8178,853.0932,1023.3263,65.1949,141.6186,1450.5806,215.3136,1035.6907
3445,3598.9,874.603,0,0.0534,210.1679,0.0687,17.1374,1241.3588,3.4504,766.9008,417.5038,2.8931,220.0611,1197.7557,5.0611,1939.8778
3384,3598.5,1051.5498,21.2175,0.0332,605.0121,208.5619,78.5136,2666.136,173.864,1029.9849,674.9637,296.7372,1865.3202,2048.0212,142.8006,2564.4321
3450.4,3599.2,561.1475,0,0,85.6393,0.2295,8.6557,965.8688,0.0328,266.4426,80.8033,1.0164,23,1211.5245,1.2951,672.7869
3409.1,3599.3,846.3205,17.4915,0.0385,321.7436,61.0256,21.3291,1875.2136,115.5598,584.8162,436.7521,182.3462,127.3675,1406.188,99.1709,1204.8505
3297.7,3599.1,758.983,2.4,0,966.2213,402.5319,19.0383,11086.2002,64.4553,1111.2085,1164.9915,30.9234,55.8979,2800.6765,56.4723,1194.4553
3466.2,3600.2,841.9211,0.1368,0.0368,189.6158,50.4316,4.5211,1424.521,7.3842,270.5316,470.9948,3.1737,33.0105,1346.8895,3.4789,476.1526
3377.7,3601.2,858.3663,15.5116,0.0349,903.4302,330.8488,53.2384,4366.1221,155.1861,1175.3895,761.3895,191.0349,2043.2094,2267.686,234.2558,2292.0989
3400.3,3600.7,745.6667,24.4051,0.2205,305.6154,42.559,11.5231,1679.9077,79.8,459.2769,353.4154,118.3795,79.0769,1310.9231,83.118,968.2564
3458.6,3601.3,899.9937,0.7197,0,386.5605,2.5605,23.7962,2184.3821,47.9427,701.0319,349.3121,43.8981,140.8535,1387.9554,42.4586,1319.121
3392.6,3601,1090.4921,21.5173,0.123,429.877,522.9211,28.0631,1953.5458,153.9243,881.1577,863.3091,203.8927,105.1987,1870.6625,86.7003,1808.9496
3474.3,3601.2,799.6667,10.9733,0,756.1467,11.5067,25.4133,2869.1467,104.1067,943.2667,464.88,93.04,58.2133,1594.72,78.3867,1374.6267
3428.4,3601.9,1215.7439,36.2,0.1018,921.7789,92.2737,25.9754,3274.1824,160.1088,595.3228,1004.2982,162.3965,181.7754,1691.8877,127.0526,1235.2737
3327.5,3601.9,786.3158,512.6491,287.3443,335.4189,30.2061,12.3531,2509.3267,86.1864,304.4145,306.5877,69.1732,52.0373,1697.5636,80.7588,786.5943
3284.8,3602.4,914.3273,1.1377,0.0339,512.7133,26.1919,17.772,4299.3521,21.316,877.7111,466.8759,21.465,98.0384,2433,21.3476,1698.4333
3418.8,3602.4,929.3932,8.8989,0.0787,458.8876,260.4157,13.1011,2042.1011,91.8652,545.0674,688,129.1011,73.7303,1521.2247,56.2135,1265.5056
3368.3,3602.6,943.3503,19.5036,0.1022,908.5292,274.489,25.1387,4727.6753,152.9818,970.4307,613.7591,138.5255,402.719,1972.7335,221.3248,1224.4343
3307.8,3603.3,900.6947,12.0288,0.024,660.8245,76.101,26.1875,3464.7139,97.3894,1132.601,669.5336,160.6346,593.0385,2680.0408,97.9543,1786.9182
3473.2,3604.2,748.1266,0.2152,0.1266,404.0253,0.6835,8.3038,2226.8101,19.519,569.9493,311.7595,10.7215,44.6203,1168.1013,9.5949,915.5823
3301.1,3604.5,689.7966,0,0.0621,385.5932,0,14.8531,2743.9661,0.8418,716.1525,245.0452,1.6384,40.5537,1873.7515,2.5706,1046.7006
3413.7,3604.5,1162.4579,27.3193,0.0753,391.5331,446.9428,14.2982,1860.6807,148.1717,445.7801,781.3344,165.8494,79.8916,1119.8163,82.5181,798.5693
3443.2,3604.1,909.3173,5.069,0.0276,680.4207,70.6965,22.7034,12830.6143,90.7862,1676.9104,1125,109.4345,184.2828,1425.3931,58.4483,1113.4207
3423.9,3605.3,905.746,11.9365,0.0635,1432.4921,113.4444,24.9365,8911.7305,166.6032,867.6349,1181.4445,79.127,53.3175,1878.6508,141.5397,1906.3651
3315.1,3604.6,832.3681,22.4066,0.0385,798.8242,70.4835,40.967,5897.7417,176.8681,1892.989,837.1978,201.9945,95.4231,2890.6978,195.011,2405.1868
3403.3,3606.4,678.5198,5.4633,0.0226,379.8249,81.3955,23.0621,2278.5537,79,976.8305,556.7966,210.1469,274.8701,1495.3334,89.7062,1998.791
3359.1,3606.3,910.0576,9.5021,0.0206,607.5226,83.9218,15.4321,8469.3906,128.679,1048.1029,617.3004,118.3868,149.6132,2034.0906,135.2881,1568.1729
3335.5,3607.2,716.0759,22.5443,4.3544,536.7975,23.9494,11,6890.7344,94.6582,506.1013,375.0506,62.0506,51.6076,1369.6202,226.7468,1484.8861
3331,3607.6,638.4883,112.6279,17.5814,413.2791,19.9767,16.186,4218.3257,95.1163,573.3023,364.1395,81.814,43.4186,1256.6976,149.1163,1573.1395
3352.2,3607.2,1038.4589,16.8941,0.0039,634.5922,350.5882,27.5451,4975.6001,154.6314,1248.1294,755.3137,214.2667,70.1373,2274.6431,129.149,2433.5962
3433.9,3607.5,779.2836,1.7313,0.0746,666.3134,266.9403,36.3582,3038.7388,42.8731,1060.8732,1169.6493,60.0075,552.8731,1858.8284,36.9104,2301.1641
3484,3607.7,699.6286,2.16,14.5371,483.24,48.0743,29.68,2017.0343,74.2,802.3486,441.4629,128.3543,54.9314,1260.64,53.92,1644.1543
3364.8,3608.3,1154.0248,15.843,0.0248,814.2066,109.7769,23.0165,12137.3887,160.3636,722.7108,625.1157,115.0826,104.9504,2122.3718,203.5537,1068.6199
3394.9,3609.2,942.8945,12.6514,0.0505,598.3441,1346.9817,36.8532,3333.9265,147.3349,1167.5321,1339.0504,170.2936,296.1376,1648.3945,108.3349,2265.1973
3380.1,3609,601.5536,0,0,348.2857,4.7321,9.3571,2056.5356,5.375,376,355.2857,21.0536,199.8214,1442.6786,13.5179,1010.5536
3444.9,3610.1,1252.8641,18.337,0.0109,1157.5109,23.8152,21.1793,3223.7283,99.7772,1154.8478,1421.9674,97.663,107.337,2052.6794,48.9402,986.6304
3290.6,3609.7,913.25,6.1916,0.1266,757.0844,339.2662,24.3084,3109.6917,61.1721,854.6266,1127.1948,49.9643,52.5195,2440.6785,52.6883,1628.9708
3478.8,3610.3,724.5034,12.4027,0.0872,695.9261,71.7383,24.8121,8326.8525,127.1812,720.3221,447.8926,94.0805,48.8792,1671.5637,91.5839,1146.8256
3389.6,3610.9,868.3481,9.3671,0,491.038,1696.2279,31.7468,2823.5,98.7089,812.7152,1617.443,112.3165,624.7405,1697.5696,71.0823,2013.7025
3430.5,3611.4,670.1296,7.7593,0.1944,1153.2963,283.0741,45.4352,11294.0459,178.5741,1199.2407,1069.8704,163.7315,801.6481,2462.1204,114.5926,2294.1667
3282.9,3611.9,825.6058,12.2019,0.1587,999.5336,21.7163,20.274,3061.4712,100.1394,487.8029,928.524,121.9231,49.5433,2477.4761,97.649,1105.8221
3488.4,3611.9,661.0504,1.3109,0.0084,223.7395,82.2605,72.8824,1351.7563,39.0924,846.8655,429.9076,74.2017,78.8487,1286.1093,35.6387,2259.3865
3375.7,3612,725.3864,0.6591,0.1932,1264.5341,49.9659,19.5,3180.4431,48.5227,479.7386,1796.2046,45.6023,77.6023,2420.0342,84.3295,1130.8636
3315.9,3612.9,643.366,1.9381,0.0103,608.2474,216.1856,24.0876,6775.5723,53.9278,830.9175,582.4794,36.6237,46.201,2689.0051,94.1134,1586.0721
3419,3612.6,884.4578,6.747,0,463.1687,6.012,3.1928,2453.2891,68.8434,450.1928,339.2048,93.0602,1331.506,1350,70.6386,1482.7831
3384.4,3613.1,941.7064,7.7191,0.017,512.5787,315.6808,35.1277,3083.2212,93.0128,852.8553,719.7957,148.9191,1001.9659,2068.417,104.1532,2274.4724
3409.1,3613,1036.244,24.1506,0.0994,417.4156,731.6205,21.497,2407.8223,123.6205,500.0361,927.0452,124.5271,136.3132,1280.8011,75.2108,1247.1145
3298.1,3613.6,785.3316,5.0233,0.0415,564.4482,47.4093,20.987,2801.7617,64.842,632.9042,530.1088,56.2694,48.2565,2220.2927,55.0389,1370.3679
3346.8,3613.3,877.125,18.6321,0.4679,598.7464,666.625,25.575,4645.1538,150.9678,782.275,830.6714,115.825,50.8107,2027.0571,135.4893,1426.4965
3400.9,3614,764.4901,8.2921,0.1089,775.8762,473.1832,49.8218,2809.6882,128.8317,1709.9653,978.1337,262.3713,1221.3861,1939.1534,104.7921,2163.0198
3450.5,3614,692.6691,0,0.1799,288.5684,59.3381,2.1079,1123.59,1.3022,314.3669,683.9424,0.2878,18.4101,1084.9784,2.0288,457.7338
3364.9,3614.9,979.4022,22.3345,0.032,583.3274,367.1637,33.4199,4701.5552,171.5836,1320.8328,817.2669,288.7865,437.3879,2310.3738,169.153,2659.9893
3307.4,3614.5,630.1337,0,0.1188,1335.0792,1.2574,16.7673,2791.6733,7.396,485.3763,951.8416,11.6188,42.1931,2693.2524,10.3218,831.4406
3460.6,3614.2,703.1954,5.7364,0.1318,350,17.2227,27.9455,2378.1819,104.9182,811.9818,444.2864,129.1182,116.6727,1501.0409,100.0273,1233.3591
3354.4,3614.7,1341.2784,36.6899,0.2975,609.886,1048.6013,37.6329,4248.7344,197.4367,1233.3418,1298.519,192.6835,77.3671,2447.9558,147.2089,1991.557
3437.8,3615,1108.1655,20.3775,0.4305,563.8411,962.8676,36.9934,2817.4106,135.9205,781.5397,1820.6027,138.7947,256.4272,2525.3113,128.6622,1391.4669
3484.1,3615.6,594.4552,5.4552,0.0414,293.3517,344.3172,17.9103,1747.0276,54.131,629.2897,788.6414,54.4897,47.2069,1071.1104,43.1448,1631.4552
3322.2,3615.1,1039.4906,24.217,0.0377,725.5142,1518.783,42.5849,5710.5659,175.1085,1169.0142,1515.6792,139.7547,61.3585,2762.6274,157.3726,2630.2312
3494.1,3615.6,566.2825,4.7401,0.0056,376.7119,58.4407,66.983,1774.7683,77.8757,1289.8757,563.226,174.096,112.6836,1617.2769,76.565,4144.4238
3341.2,3614.8,789.4921,7.8254,0.5079,483.7778,89.2381,17.4286,3652.7144,125.6349,696.3651,1159,101.127,55.3492,1899.5714,249.1587,1495.6984
3454.4,3617.7,797.8843,6.686,0.0331,343.4215,14.9339,7.8017,1676.9917,53.5785,420.0579,433.405,74.5124,66.1818,1309.2067,33.0413,973.1322
3359.2,3617.3,807.3409,10.4432,0,501.7614,115.0682,36.1477,4088.6931,148.7727,1962.0454,816.7955,248.6477,132.2614,2165.5342,126.5568,3545.0569
3337.1,3618.4,861.0819,13.1706,0.0853,495.8191,35.5154,21.8464,3794.9419,109.2662,645.5461,587.3038,90.9317,55.587,2272.6963,137.8362,1741.7201
3431,3618.9,867.0786,28.869,0.8384,639.5284,342.3406,22.5459,4069.3538,162.179,498.0393,877.3101,86.3886,85.4236,2001.6769,541.6943,510.131
3445.4,3618.8,815.2513,11.2042,0.0366,892.8063,362.8639,28.4974,2552.2041,95.8796,554.7435,1237.1885,134.3298,96.9948,2614.0366,78.5445,1064.9529
3381.1,3619.3,745.6358,10.6975,0,633.2531,666.963,29.6543,2584,146.9136,1086.2222,1677.179,127.3765,87.8025,2511.5864,145.2901,2195.5061
3328.2,3620.1,873.4036,13.4679,0.0848,419.7841,270.419,34.0617,2863.1953,108.8535,999.3831,652.7224,145.4884,51.6787,2161.9153,95.928,2020.1927
3468.7,3620.4,784.8105,12.5193,0.186,420.6281,20.0842,17.186,2022.7684,93.8351,521.1544,729.0632,56.4491,47.2105,1208.4105,67.8386,1079.6877
3489.2,3619.7,723.3431,13.4902,0.0196,341.9118,69.2647,42.2941,2102.7354,99.6961,713.7843,431.8627,195.9118,52.549,1274.4608,99.1078,2026.6177
3293.5,3621.4,823.0552,14.9737,0.0974,558.7448,70.0974,29.6026,3135.5552,121.3789,745.7448,512.0421,146.4316,50.2947,2893.8264,92.1816,2128.75
3480,3622,933.2413,20.393,0.3813,803.9027,60.8677,20.4086,2191.7197,140.5331,684.7198,877.6848,88.1089,64.214,1640.7393,103.8677,1135.7938
3349.9,3622.5,1107.3231,25.2245,0.1156,575.0442,476.6939,28.7279,5195.6021,173.6735,794.9252,815.8333,127.8095,69.4864,2796.8164,149.7041,1392.2449
3422.5,3623,770.2105,21.1228,0.0351,205.8421,10.9123,2.7719,1083.9474,86.7368,168.4737,253.9123,59.9474,29.1754,689.1228,43.386,151.386
3322.2,3624.7,776.4054,7.4685,0.2027,490.3063,96.6982,18.464,2912.8469,66.9504,652.7703,490.2658,41.1577,49.9234,2033.9324,55.1216,1297.7072
3400.3,3623.4,614.7159,1.8523,0,303.6704,169.7727,14.6136,3716.2842,51.3864,503.2046,406.5341,92.6591,183.2159,1468.9659,70.2159,1528.7841
3305,3623.8,811.3342,14.634,0.0531,638.8992,26.5809,24.9788,2915.085,103.9231,664.1379,555.3024,161.6101,76.9973,2772.4722,86.3448,1692.1512
3406.9,3623.7,601.856,9.7613,0.037,353.3004,76.5597,33.8025,2085.498,90.9959,709.4815,436.4774,192.5967,188.5967,1675.4774,92.9877,1904.9835
3394.2,3625.1,794.2874,8.6638,0.1293,532.8735,894.9196,26.2011,4558.4395,104.4684,785.4138,1242.0144,76.227,75.0287,1798.135,90.0632,1923.6925
3312.9,3625,609.4221,4.3442,0.0844,433.4221,29.013,20.6753,2692.4092,83.4221,691.6818,537.8961,174.5325,51.974,1850.8052,95.2597,1707.7533
3364.3,3624.6,806.8729,3.0275,0.0241,735.4399,448.9347,16.0206,11210.8555,118.4399,700.4846,638.2234,96.2474,98.3952,2363.2991,92.6701,1461.5085
3485.9,3626.2,920.2881,16.9458,0.0441,435.7593,605.2339,34.6508,2729.8374,136.6881,613.1085,682.1187,111.7085,69.1593,1265.6984,117.1593,1519.9153
3433.7,3626,927,17.6512,0.0116,355.8721,102.6628,9.8837,1652.7559,99.9884,194.3023,749.7442,69.1744,42.7674,1087.1744,79.4302,289.2675
3379.4,3626.2,736.8644,4.6777,0.0073,562.3297,73.6667,32.0842,2583.3882,115.1905,912.4176,819.1465,212.4139,626.2747,2407.9634,125.348,2421.8132
3338.2,3626.4,1168.6637,2.5852,0.0262,1076.3624,6.1528,16.4279,3767.1921,39.6245,515.7729,1267.4061,25.6987,48.9214,2100.6201,202.5153,1359.0917
3498.3,3627.3,553.2118,0,0.1059,55.3529,0,5.3882,767.6824,0,136.2,45.0706,0.0118,6.5412,681.2353,0.6,323.2118
3288.5,3627.9,573.9836,5.6754,0.0656,423.4492,25.0721,14.8721,2496.1016,82.0525,646.6852,427.4164,166.9115,42.7672,1719.3279,72.2197,1904.5836
3466.4,3627.3,952.6078,12.7059,0.0392,335.4118,11.5882,6.8431,1706.4314,104.0588,361.8431,369.1961,166.1176,56.5098,1703.196,106.8627,764.8431
3371.8,3628.8,1085.9314,17.0578,0.0578,687.8375,1195.6823,27.5415,7497.751,143.3249,503.6282,1207.5487,135.7581,89.2744,2683.6426,103.5054,1208.4585
3424.2,3629.2,758.382,15.5794,0.2747,493.3004,13.7339,7.8112,4019.9956,90.1631,298.4678,303.3348,46.9013,52.2146,1167.2532,88.4979,404.6953
3459.7,3629.8,1168.7076,42.7169,0.2308,856.9692,42.6277,21.04,3796.72,197.3415,655.7938,755.4893,177.1569,70.8708,2273.314,122.4092,1309.3723
3364.7,3630.9,845.2222,12.1111,0.0684,808.4017,309.1966,29.2991,5856.3247,172.8034,646.7949,616.1111,213.094,116.7949,4134.0601,131.0256,1112.1794
3409.4,3630.8,721.2762,12.7203,0.0105,600.9825,61.0455,27.7552,2130.7517,124.8846,1133.6678,814.4056,234.0175,883.444,1791.3706,109.8986,2641.3323
3386.7,3630.8,683.3613,4.911,0,391.9529,32.3351,15.3927,3359.2251,60.9738,534.5602,406.7435,94,59.2618,1797.3927,93.5707,1385.1047
3357.7,3630.4,938.3333,15.0859,0.0657,692.101,57.0404,34.3434,4543.606,182.3687,1103.7576,743.2727,191.1162,61.702,2069.894,132.1212,2481
3491.1,3631.2,1011.4478,23.7264,0.0498,614.2537,283.1592,41.8856,4357.2935,175.2736,599.9552,586.3483,113.1144,89.398,1998.8806,136.0647,1316.4677
3315.7,3631.1,1181.6068,13.3718,0.0855,692.1282,92.2436,24.7692,2964.8462,152.0684,501.8889,2782.8845,73.047,65.3633,2480.9231,85.4145,1034.6709
3347.7,3630.7,1154.9497,0.7286,0,810.6985,37.2161,17.799,5924.1558,34.1307,638.5427,733.5075,32.2764,55.9548,2568.5125,529.2412,1119.1709
3450.9,3631.1,855.9565,25.5435,0.5,763.942,35.6522,17.029,3059.0508,169,372.3406,480.0362,76.3986,72.7174,2079.3914,200.2609,334.3768
3415.5,3632.1,716.5103,12.3333,0.1029,536.572,62.0165,26.8354,2633.8723,125.9547,870.963,596.9053,201.9547,574.144,1938.5555,119.1111,1775.9382
3342.3,3633,1533.8541,30.0356,0.0391,1387.726,48.2278,35.9181,4125.0571,179.1103,494.9431,1530.3131,205.5125,70.8256,3656.5942,110.1779,1419.0747
3400.3,3632.7,734.3898,10.5267,0.0162,466.5453,160.0464,26.2506,3555.4084,92.6288,785.0232,619.0278,99.0441,277.0418,2126.5801,92.348,1956.5801
3333,3633.1,801.5943,1.9543,0.1086,837.4915,9.2343,12.2171,4054.7085,61.7257,477.4514,626.4457,21.0743,50.2229,2105.6628,161.8514,1188.5714
3380.1,3633.6,1110.5707,20.9476,0.0733,494.1047,49.4241,50.8272,3260.623,172.4031,1104.9268,610.9581,359.4922,290.2775,2562.979,164.8115,2764.8064
3445.3,3634.4,881.3967,22.882,0.7443,423.1508,27.8951,11.9541,2058.3738,134.9049,199.0131,408.2361,80.3836,53.7934,1533.7573,89.0361,266.0918
3516,3634.5,613.9208,5.4042,0.1333,604.4583,27.2917,20.7917,2106.3708,103.0292,644.5917,485.5875,103.3542,227.8125,1277.1,159.8333,1887.2
3308.8,3635,1220.2075,32.4465,0.0346,537.4717,213.2956,18.3899,2686.0471,160.6635,552.9151,1159.2548,239.7421,655.8585,2668.8049,123.7987,1538.6038
3321.4,3636.2,948.6149,0.6553,0.0093,1083.0155,88.7578,13.7702,3354.2578,21.6335,367.9969,1106.9193,16.6242,53.1957,2021.4534,13.9627,628.0621
3302.1,3636,812.6808,7,0,436.6808,117.7234,8.8936,2087.4043,96.3617,668.2021,518.7659,181.1383,859.8192,1760.8298,85.8404,1500.9468
3471.9,3636.8,536.0172,4.6638,0.8362,489.2845,13.5603,5.6293,9996.9746,44.0259,207.3276,293.5172,27.9569,23.5948,1204.6638,177.1035,190.1293
3353.5,3637.8,1298.6565,32.3388,0.7953,1120.28,519.6306,33.6729,3832.4329,191.3694,858.9788,1605.4424,224.6824,84.4635,2361.4424,319.0235,2170.6658
3283.3,3637.3,867.5738,31.8131,0.2197,635.0656,79.2197,53.3344,3494.9541,171.0033,1192.6655,741.4787,232.7869,57.8623,2816.9246,144.9377,2906.7476
3366.6,3637.4,1058.4155,24.1719,0.1719,590.063,437.3782,33.467,4536,171.0716,834.6017,1016.6505,279.6705,84.2923,2924.5559,154.2493,2188.1777
3379.4,3638.9,682.8188,13.7246,0.087,403.1304,124.8261,40.5435,2931.6377,108.0797,1064.0869,539.4348,199.0507,173.442,2262.0942,118.7536,2882.0435
3459.2,3638.3,795.6534,21.5245,3.6288,557.4908,344.6319,15.7454,2753.6902,117.5736,219.0245,777.6749,75.0736,41.1104,2164.0828,129.4018,364.7975
3438.2,3638.3,1143.4163,46.5676,4.0757,529.9568,139.2757,22.8541,2858.6216,179.1784,244.8432,1739.0216,105.3459,68.8216,2152.9514,163.1622,186.7405
3503.4,3638.2,693.7068,5.3233,0.0376,602.5414,239.8158,46.5075,3614.1843,87.4962,990.0789,682.1504,105.312,218.0188,1835.1278,103.6805,2672.0264
3480.2,3638.8,702.9535,1.4419,0.1473,327.8062,42.2558,11.8217,1989.7365,35.4419,372.6124,356.6279,48.7442,38.9845,1377.0155,42.7209,789.1473
3486.9,3638.9,902.2197,0.0058,0.1272,313.8324,3.3757,17.4046,2422.8267,12.4624,328.2428,348.5723,6.8382,47.289,1378.8787,25.3988,694.052
3411.3,3640,524.4615,7.8769,0.1538,559.0154,30.9692,36.4308,3513.6462,123.2769,823.4308,480.2462,122.2154,51.3231,2184.0154,118.1385,2462.0769
3510.8,3639.8,697.0519,0.4719,0.039,398.7229,1.3983,26.4199,3974.4026,12.5065,375.4199,236.8571,4.1472,33.1299,1328.2251,14,952.2121
3429.5,3639.9,920.7109,33.1055,0.8438,1133.6094,97.9805,10.8672,2148.8125,126.5938,179.3594,1962.2344,76.0586,50.0078,2748.1328,133.4023,193.0625
3407.3,3640.6,622.8813,3.5593,0.3729,600.678,14.5932,52.2881,4985.9829,95.2034,1008.0508,577.5593,100,70.1525,2182.2373,58.661,2630.4575
3334.8,3640.5,982.0769,9.7769,0,591.6462,387.7231,13.8769,4740.7075,92.1769,407.3077,654.5846,96.7385,59,2484.823,85.3385,761.2308
3328.2,3641.3,690.8461,0.0588,0,434.9864,3.1041,13.2217,3424.0452,4.9955,371.7783,259.3167,10.81,30.6018,2286.9863,9.3439,722.5068
3396.4,3641.2,728.6862,5.7573,0.0084,477.5021,30.2469,40.1213,3487.5691,86.0418,1113.4645,585.3306,255.0335,480.3473,2401.636,117.4519,2622.6611
3304,3642.3,1033.7518,25.3561,0.054,1171.9425,557.5252,17.3669,2671.2373,135.9209,430.0576,1671.0575,111.3993,143.6403,2065.1223,97.759,1150.8165
3423,3641.5,744.9706,21.6765,0.6618,675.5294,36.4706,9.7206,7926.603,116.1471,246.7941,445.75,65.2059,45.8676,1553.3823,121.5294,228.7941
3340.3,3641.8,1124.9105,25.7947,0.1158,648.8684,1096.5947,26.7,3633.1001,183.7947,479.9263,1120.5631,183.1421,59.2947,2458.6157,117.8474,1121.021
3522.4,3642.2,850.6882,7.9516,0.1129,853.8387,35.2527,27.9086,8086.9731,91.5645,677.1022,429.1398,118.4624,137.5591,2167.6667,70.371,1165.672
3390,3642.6,842.4418,6.9845,0.0233,498.1008,43.2171,34.4496,7916.7754,96.3488,1125.2946,593.9845,171.1395,803.1318,2459.1162,237.6822,2214.7751
3482.8,3643.1,816.7848,8.6456,0.0127,453.5063,49.1266,18.4177,2509.5569,125.2532,565.7975,665.114,116.3165,51.038,1425.0632,93.0506,1258.6202
3346.1,3643.1,892.6896,23.8276,0.4138,868.7241,260.4828,30.7414,3574.6897,185.4828,809.4655,639.0862,269.3793,130.4655,2249.0862,143.3448,2128.1206
3373.5,3642.7,1194.0739,44.4091,0.2841,567.4318,1667.4375,26.517,3183.0908,193.7386,690.6591,1908.4886,198.4886,92.125,2266.1023,130.7273,2023.1761
3383.2,3644.3,739.9615,8.1394,0.024,492.6154,115.2212,33.1394,5060.7886,114.4471,1148.3557,573.4183,169.7933,589.6346,2343.2595,163.5625,2037.75
3294,3643.8,687.2216,11.928,0.0083,494.8089,136.6177,18.2105,2542.6675,110.8532,674.7147,495.2354,221.097,528.5873,2235.1248,105.7175,2005.8254
3516,3644.7,805.5314,5.3043,0.0145,529.1401,80.1981,19.4928,4311.4058,60.5169,376.1208,365.9372,41.0821,48.7633,1784.1836,43.4251,869.8502
3472.8,3644.7,777.4948,18.2007,3.2318,434.6678,29.0796,7.9758,2641.7024,101.2215,171.5986,296.9931,62.5709,39.8304,1502.1488,96.6228,242.1003
3464.5,3645.8,975.4013,133.375,718.9474,453.6184,44.5789,31.0066,2578.7104,169.9803,293.3816,376.6513,183.6974,47.5724,1927.5394,111.7895,826.6711
3419.7,3646.8,701.0101,13.2261,0.4322,681.0955,20.8492,10.01,5131.437,107.5377,273.4724,312.2312,42.799,39.8191,1639.7286,187.8241,235.804
3316.2,3645.9,991.1838,26.8376,0.0684,492.4402,123.9103,19.9573,2979.6924,121.0085,287.0043,1088.2607,76.5256,52.8248,2486.0044,80.6667,683.5897
3364.8,3646.8,814.0505,13.6212,0.1035,463.3207,191.1869,25.75,3105.5757,117.1616,811.2071,639.5757,227.2096,390.6869,2566.6465,127.3662,2292.1489
3487.1,3647.4,1188.1333,20.4778,0.0556,987.5667,198.4519,26.7778,2481.6333,164.8037,778.0555,999.1111,113.5815,210.9704,1987.7852,97.4333,1958.437
3333.7,3647.8,1060.4767,33.472,0.1168,557.6542,103.6636,21.2196,3561.3879,155.2617,344.2664,478.7009,199.5234,65.0047,2928.2803,107.8551,747.9159
3357.3,3647.4,764.0692,12.1846,1.0615,774.8538,33.8846,15.4846,6252.2617,95.2923,599.7231,432.0538,92.3154,59.5769,2500.3308,115.1769,1113.9231
3455.2,3647.6,606.3203,138.1836,449.2422,390.2148,24.0469,15.4414,2447.2695,92.6055,211.8125,263.8086,53.1211,43.0547,1710.2852,69.6055,196.5703
3309.4,3648,727.8936,12.7021,0,517.0638,87.4468,11.5532,4566.3618,127.5957,545.1915,464.8723,111.3617,48.2553,1944.2554,97.6809,1531.7234
3407,3647.2,947.9005,17.2886,0.1542,729.209,49.3333,38.1841,9963.7461,104.9801,694,471.2438,123.4229,69.2139,2502.4875,97.2587,1348.6865
3493,3647.2,1276.0863,15.0647,0.0144,544.4748,744.0287,43.3453,2721.1726,133.7842,925.1151,1127.0575,182.0791,744.2518,1916.1367,88.5683,2481.2661
3425.2,3648.8,1101.6713,46.5926,1.0972,511.3009,35.6991,32.463,2682.051,167.2917,240.037,435.4259,172.9398,73.7546,2171.5925,109.7685,403.3287
3340.9,3648.8,1309.868,33.4924,0.2944,578.6091,341.9188,22.9391,2852.7869,162.5482,477.3503,677.1422,268.934,64.5076,2796.1167,123.9543,1061.2742
3282.2,3650,1080.8433,37.3136,0,1566.5084,111.4915,27.6822,4421.3135,176.2203,977.356,1856.2712,184.6992,118.9915,3032.4788,162.9576,1889.9746
3373.9,3650.3,1251.0931,36.491,0.4194,498.4301,1234.9463,26.7204,2921.9497,192.4229,620.1075,1609.8351,203.5341,188.1577,2707.6917,132.2688,1619.8567
3505.3,3650.2,1187.6207,28.931,0.1793,634.5103,1716.931,47.7862,2668.6829,224.2345,1099.8276,1853.5104,179.2276,79.2276,2251.3447,128.6345,2437.1863
3389.1,3651.2,935.5258,17.4013,0.0837,654.3412,56.7468,21.9936,8889.7979,126.7275,1120.8369,572.4979,79.3734,80.7232,2841.0044,250.2618,794.0408
3473.1,3651.4,788.4915,12.9322,5.0847,372.3729,35.9492,9.8644,1915.7627,90.8814,149.4068,315.322,91.6441,30.7288,1664,68.8305,253.3898
3297.7,3650.7,958.2463,23.6944,0.0772,472.8932,229.2849,19.8813,2621.4836,132.9288,459.3235,545.2878,133.0356,77.9614,2715.0178,104.4599,1026.7003
3518.7,3651.2,853.808,8.9732,0,477.0625,570.7098,18.7009,4067.0044,70.7455,494.25,831.7723,56.9911,58.9643,1470.9062,51.6696,1118.0625
3498.8,3652,1507.9025,37.5819,0.1777,1308.9861,884.4181,82.8711,4467.8887,260.7805,1864.5923,2446.0732,245.1045,133.6551,3906.1638,162.9512,4451.7388
3411,3652.3,1284.9043,46.9894,0.3457,811.6702,107.1915,23.3245,3735.1702,177.7181,339.0372,1137.4946,172.766,84.1968,2706.6011,113.1277,595.617
3349.7,3651.8,1167.6887,66.5472,6.9088,639.739,532.6541,19.783,2670.0032,141.1667,341.7296,1222.1949,160.3491,56.1038,2267.2327,108.8931,956.0944
3317.5,3652.9,1102.561,34.8171,0.1423,1583.0204,56.7154,27.7805,3080.626,142.1179,379.313,2463.0894,138.5854,51.7602,3647.0569,100.7154,1043.6179
3325.3,3652.1,914.8587,14.4783,0.0145,697.6232,31.0399,14.6159,5511.2139,96.3297,380.2536,545.5036,112.3188,47.9348,2307.1885,59.25,914.529
3493,3654.1,1324.8,42.1,0,563.1,910.8444,41.8,2611.7666,216.6555,1278.3,1235.1111,214.6667,615.3778,1962.8334,144.7111,3534.8889
3432.5,3652.9,724.5686,167.4958,567.2353,396.5378,24.0616,17.2241,2793.3977,98.3894,244.2381,294.4986,67.6695,46.8123,1808.8711,83.6947,174.1541
3487.3,3654.5,787.9921,7.7559,0.0236,428.2756,61.4488,10.1024,2003.1812,83.1102,636.1811,463.063,87.6378,445.2362,1286.6771,77.5748,1798.6141
3310,3654.1,891.7872,7.8936,0.8085,898.0638,599.6808,12.6809,5055.7021,163.1277,550.9149,821.2553,64.8298,52.0213,1847.9362,121.8085,964.7872
3302.4,3655.4,1167.3604,30.2989,0.1313,650.3743,1232.2877,19.9972,2985.0027,169.2235,495.2402,1320.1648,133.5559,58.2179,2738.0334,98.9385,1198.6956
3405.2,3655.9,775.4905,9.3905,0.3714,632.6953,22.8667,18.9286,9146.5,111.3238,561.4381,536.0809,103.2476,51.9238,2191.0239,80.181,1303.5619
3380.8,3655.8,958.8112,14.5341,0.6908,485.0442,2179.1245,17.4337,2714.3093,189.7912,520.8915,2379.4819,138.0562,219.9398,2185.261,144.2932,1352.1003
3344,3657,1321.5381,84.4772,27.3249,1366.467,92.5888,17.6142,3120.8984,156.9086,254.2233,1639.7411,146.5025,61.2386,2512.6396,123.3096,588.2894
3534.8,3657.2,517.8104,4.9138,0.1839,466.9081,206.6035,39.1609,2728.8679,85.477,1059.9482,667.2701,104.977,37.0172,1281.3391,85.023,2590.0632
3368.4,3657.1,732.9246,10.8087,0.0609,497.8928,96.4058,15.0493,2909.2927,97.5942,737.5101,560.0377,89.8087,72.742,2171.4348,81.1188,1529.8145
3338.8,3657.5,843.7913,12.5217,0.6261,421.7217,15.9913,6.5217,2369.3652,61.8957,161.2435,467.9739,55.1304,41.2696,1453.9218,68.3217,283.5043
3470.1,3658.1,1017.3419,80.9872,366.0543,415.9073,690.885,17.4121,2344.687,139.6262,221.7923,1428.9617,132.2716,56.8594,2357.166,98.2236,292.8754
3464.3,3657.4,562.6981,169.2547,501.5613,328.217,60.3962,14.5896,2446.0142,63.4057,203.9576,299.8915,39.2123,31.7406,1761.2075,66.3491,206.6698
3290.5,3657.6,895.8369,20.6523,0.0831,723.5385,949.12,32.4154,3720.6953,138.9969,990.9846,1662.3292,152.5292,50.0185,2752.2554,138.0338,1994.2153
3453.7,3657.5,559.871,27.4839,19.5,375.0161,530.0323,5,1963.8226,85.7742,173.2419,808.8871,53.0645,27.371,2468.9355,61.2258,282.2097
3308.1,3660,1086.118,26.5528,0.2391,1407.1305,422.7298,20.7019,3327.0933,167.9565,501.3633,1327.3975,159.5932,60.1398,2702.354,162.1739,1165.4193
3328.4,3660.2,715.0867,12.9133,0.1786,596.25,65.9643,10.3316,7600.6274,86.0867,324.5663,372.0765,46.352,42.1378,1981.7142,67.8265,396.3265
3486.3,3659.6,738.0095,8.7333,0,402.2381,29.981,5.9048,2123.7334,80.5048,534.1238,394.1809,105.2095,304.9143,1046.4476,76.6,1770.1619
3355.3,3660.2,840.2607,323.8876,254.6112,398.6382,53.0966,11.009,3158.0225,78.0247,217.3596,349.1685,57.4337,43.6157,1816.8674,86.8629,288.1124
3491.3,3661.6,692.1349,7.9127,0.1508,472.254,150.6587,28.2222,2868.6826,116.8571,1215.7301,656.7936,167.7381,398.2778,1855.254,178.1032,2822.238
3527.7,3661.4,725.4744,7.6859,0.1731,504.859,16.0577,12.8974,5457.564,102.0833,525.4615,358.5898,95.9487,92.141,1327.8269,105.8397,1081.0128
3428.2,3662,582.9853,121.614,671.7537,358.1434,15.7426,12.0478,2298.9302,67.6029,191.6103,244.1728,47.9191,38.7426,1785.7573,65.1875,187.0882
3282.2,3661.8,959.0839,23.0769,0.0594,1747.9685,225.2762,28.458,4529.0278,139.9685,715.1923,1401.4685,138.2552,58.8636,3327.8286,110.1049,1614.2098
3511.5,3662.3,758.5413,26.1056,0.1452,318.9307,12.3399,6.9934,2558.6536,68.934,271.3333,296.8911,51.4983,33.6832,1243.8911,55.8251,658.3961
3376,3662.1,703.0992,5.489,0.2463,397.0699,130.239,12.7794,2371.6506,69.0625,522.0735,546.8088,167.8676,309.0809,1787.9338,111.4338,1591.4229
3502.7,3662.5,733.5975,7.8841,0.2073,529.5732,66.0488,35.2866,3786.0122,118.3049,570.5305,434.8597,174.2256,77.2622,1618.2073,87.6402,1375.939
3382.7,3663.1,710.5375,4.8,0.1375,730.3375,69.6375,12.1,2643.575,71.55,439.1,394.8875,71.975,48.6875,1731.05,410.15,951.2125
3389.1,3663.2,870.9684,9.3526,0.6895,783.821,22.9263,13.4158,3401.158,73.1316,538.1368,499.2526,67.1105,48.5368,1896.2579,244.6526,1052.0526
3409.6,3663.6,725.7036,3.8893,0.15,372.4464,5.3821,10.5393,5127.418,33.2036,296.6,302.2893,58.6679,33.1214,2498.832,30.9536,748.425
3318.4,3663.7,850.8118,18.1993,0.059,381.5498,1057.9631,17.6199,2564.3801,101.4465,318.0627,1111.9816,77.5572,39.7159,2014.1624,70.2325,870.0886
3497.7,3664.3,745.098,9.9314,0.0294,905.0588,186.2255,87.1569,7234.0195,141.6667,772.3137,622.098,121.402,88.6765,2344.2942,106.8137,1835.9509
3368,3664.5,841.6748,1.8374,0,416.4959,7.3984,13.8943,4193.0649,26.8049,363.9024,359.8455,53.4553,183.3496,2274.1626,59.2846,1424.3577
3539.7,3664.6,867.372,23.6451,0.1399,405.3072,59.6177,14.5495,1522.7917,112,337.1843,453.7645,171.7679,156.273,1286.7748,75.5051,934.5017
3522,3665.2,486.0288,0.0962,0.0577,460.3077,0,14.0962,3159.8364,1.7788,316.2115,130.5192,0.1731,12.7308,1088.9038,5.7212,850.6635
3310.6,3665.6,701.9445,7.0833,0.0556,807.2222,35.8194,22.7917,3592.8889,119.375,610.6111,494.8055,69.8194,49.2222,1912.1528,105.9861,1421.1389
3395.9,3665.8,573.6017,0,0.1864,452.6864,0.8136,5.8983,7152.6865,4.178,321.8051,224.822,1.0508,28.8729,1682.0677,8.0339,662.0085
3346.2,3666.6,842.8625,307.8329,340.3612,412.5067,26.1321,12.7682,3251.3262,72.8895,211.2803,384.8059,53.8868,42.097,1734.3531,74.7736,223.1563
3302.2,3666.8,607.0928,6.9705,0.1139,439.2489,23.3671,14.5654,2140.4768,71.8481,463.9915,416.384,222.616,192.1392,1934.9789,83,1484.6793
3374.3,3668,1015.1765,1.7353,0,485.6471,130.7059,21.1961,4208.9116,51.7941,903.8039,603.049,89.2745,342.4314,2362.4509,58.2745,2965.5881
3436.4,3667.6,769.7154,420.4131,745.806,396.8892,18.8892,23.9572,2538.4963,94.3501,181.6801,282.6801,52.995,43.3778,1946.9143,78.4156,184.6751
3445.8,3667.4,534.85,602.6334,1939.9667,407.4,12.35,24.05,2710.6333,57.3,229.2833,245.6167,35.6333,33.0333,2300.45,60.3167,278.45
3482.5,3667.9,741.0375,12.9343,0.4131,766.0094,20.4085,15.8826,7853.2017,105.6009,618.9765,494.1268,83.8967,45.7324,1967.0564,220.5493,1419.324
3356.1,3669.1,1223.2228,112.3182,91.0909,666.6772,391.0182,11.2864,2841.5317,124.6273,191.8273,1339.5182,89.7409,51.0364,3170.6045,98.5591,295.3045
3284.6,3669.3,761.4985,11.6369,0.0692,745.5533,27.9597,25.7723,9477.3057,91.7176,721.3314,498.1297,86.0605,49.83,2622.3892,78.0403,1198.9971
3385.9,3669.2,1220.7158,24.3885,0.0971,640.0828,321.8094,27.723,3064.6943,133.1007,570.1331,933.8885,283.8741,59.1007,4481.4893,136.5324,1359.8993
3370.2,3669.5,896.5,6.3854,0.1667,580.3646,18.1458,10.5729,7852.896,60.875,564.4375,457.0208,45.9479,167.8438,2368.3645,73.5,1824.9062
3362.9,3669.5,962.6806,9.0532,0.5932,707.0875,20.3156,8.8593,3361.6577,48.3498,241.9582,612.403,40.4525,42.7529,1991.3688,33.8327,545.1103
3404.6,3670,969.2255,1.5223,0.365,519.8368,302.1454,13.0148,3766.6499,23.5193,257.4481,1100.4065,16.4807,46.4718,2342.3977,19.3858,410.3472
3545.6,3671.8,1420.47,41.0078,0.0966,1173.5378,423.0183,31.8616,2791.2246,224.9791,746.3917,1876.3629,151.1593,92.8825,2445.1279,127.6475,1673.0365
3497.4,3670.7,1046.5129,41.2974,0.2069,1010.6552,1443.3147,37.5733,5628.7847,214.5517,616.9396,1684.375,134.069,192.1595,2971.7715,160.1983,1238.5518
3323.9,3671.2,891.6266,24.7298,0.1126,426.2345,396.0244,11.2983,3860.6211,118.4559,234.848,656.9137,100.2195,42.8368,2150.8293,77.9606,406.7148
3336.1,3670.2,982.8842,8.5424,0.7768,454.4972,133.709,10.1808,3134.8306,65.048,242.8362,450.7712,103.9717,49.5339,1676.0621,52.6525,415.2825
3292.8,3671.2,980.7312,27.2007,0.2186,696.3405,33.086,12.7133,2403.7456,126.4014,509.7491,812.6631,185.8566,48.5556,2213.405,77.724,1291.5341
3308,3670.5,736.5814,11.8256,0.0698,439.5581,21.8837,27.8372,2321.4302,92.4767,597.5117,423.3837,264.7791,57.2326,2564.4302,88.4302,1932.3024
3474,3672.4,650.1351,1.6486,1.1892,1253.4865,19.1081,11.1892,1792.1351,54.1892,143.6216,1306.2433,20.8919,30.8919,2430.3242,80.4865,231.2973
3511.2,3673,769.6417,4.575,12.375,392.8125,7.3583,4.05,2661.8584,21.0208,148.0167,260.625,11.9167,22.9292,1496.125,19.3792,264.1083
3302.9,3673.9,782.5676,4.7892,0,712.3027,202.4541,14.7459,2704.627,79.8,475.1676,763.5568,69.2595,60.6432,2286.6594,74.1514,1673.2217
3378.7,3674.3,901.612,11.5902,0.1393,489.8661,1328.9071,22.6885,3132.8333,100.1749,921.0574,1445.5465,94.6885,54.4481,2403.6941,84.6803,2121.8799
3349.9,3674.5,814.1257,20.7906,40.4817,641.4241,108.1466,6.8691,3988.8115,28.9319,197.3717,486.9424,47.4921,31.1099,1620.6597,40.9424,578.6859
3367,3676.4,754.0132,12.2829,0.1217,533.2763,110.2434,15.0099,3627.875,92.9441,414.5625,439.25,76.2303,45.9243,2670.7271,97.7697,1112.7927
3527.5,3676.2,605.8872,502.8008,409.2068,338.9737,11.1992,12.891,2610.4624,57.6805,170.0376,240.1992,26.9962,30.4624,1705.7556,65.5414,182.0263
3311.6,3676.5,1010.3209,20.5338,0.0676,1120.2028,55.9392,17.1791,3690.3242,135.9932,406.3953,1205.2635,110.6385,49.7128,2483.0845,116.8513,779.3716
3390.6,3676.1,1342.4883,37.2494,0.5299,542.6779,700.0389,20.5169,3655.917,185.8597,391.8286,1914.8259,156.6208,66.8935,2987.2961,107.8649,1009.2883
3340.2,3676,1032.4073,1.6481,0,995.5185,238.3519,9.8889,2141.6667,94.963,179.0741,915.8519,60.0926,44.8704,2068.6111,67.4815,315.7778
3464.4,3676.1,832.5387,176.0516,277.6871,336.3032,26.3677,13.5806,2655.4194,103.5936,225.771,299.2742,61.9419,44.5903,1475.087,77.4548,170.071
3332.9,3677.1,1327.3889,21.7111,0.2056,620.1166,1457.5778,24.6944,3056.8611,143.8167,299.9055,1641.4611,129.6555,63.4722,2295.1721,89.6889,522.4611
3397.6,3676.8,1104.4,37.376,0.128,617.128,345.544,12.824,3693.144,145.856,311.472,1094.312,163.04,40.776,2778.928,96.968,880.848
3295.6,3677.5,785.7134,8.5906,0.0175,981.5848,37.6491,22.076,2092.6257,110.2807,550.7836,1660.4795,89.2164,45.0234,2712.0818,88.0117,1504.7485
3552.5,3677.6,1412.291,28.6502,0.2136,834.9659,598.2198,22.226,3589.0928,191.709,553.5232,1748.387,107.6006,101.2043,1964.4087,124.8855,1060.8142
3504.9,3677.7,1196.3037,34.2932,0.3979,661.0105,1232.8063,14.178,2569.8115,158.7749,304.6283,1248.9581,101.4921,57.4293,1879.6125,96.3508,605.3036
3305.6,3678.8,777.7258,7.1935,0.1935,823.129,2483.5322,11.3387,3336.9839,121.5,286.0807,1743.3064,60.3387,37.2097,2514.5645,90.5806,655.4355
3470.5,3679.4,671.7105,17.0737,29.4947,452.9211,21.0789,5.7789,1980.9315,65.8158,138.3053,391.6053,44.7053,35.1789,1428.6685,66.6895,172.5158
3561.7,3681.1,1014.6569,18.9853,0.4216,733.4461,933.9902,30.3676,3489.4265,213.8922,595.5539,1539.0245,81.201,70.2696,1605.8578,297.2353,1336.8872
3286.4,3681.3,625.6359,7.9286,0.0645,335.7488,22.4539,24.265,1850.083,75.4585,743.3341,404.9355,194.076,252.3272,1613.7074,67.106,1518.2834
3493.7,3681.2,668.3718,17.0385,0.8974,691.5449,381.9038,34.5705,3538.8398,147.1026,984.6539,805.9103,81.9103,61.1346,2234.1345,499.1154,1370.0193
3345.4,3681.1,1316.4381,24.0979,0.0412,658.299,201.0206,17.9175,3785.3506,140.2371,338.0412,518.2629,174.6237,57.6443,2648.3455,88.7371,825.1547
3484,3681.7,785.2478,32.1558,0.2142,537.7787,72.4549,26.1947,3119.4478,129.3186,747.4726,525.6743,186.0566,240.9681,2466.8779,166.1646,1844.6354
3338.2,3682.7,1362.0791,24.6013,0.1487,504.1835,320.6013,25.0063,2984.1614,155.1551,326.6551,798.3133,149.6234,66.7975,2797.5823,99.4557,817.9051
3552.5,3683,905.4312,6.5413,0.5046,865.2294,259.6238,30.0642,5762.2388,148.1835,662.3853,789.1743,103.9358,62.2661,2694.6055,126.5963,1362.7889
3516.1,3683.2,478.0136,0.7687,44.0068,193.1225,0.0884,5.034,1507.0272,0.2313,174.3878,112.7211,0.9864,11.415,1243.5918,1.5102,329.8231
3501.4,3683.2,1136.1794,46.3333,0.5299,527.7991,1627.4573,28.312,3279.5813,206.9231,512.4744,1609.9701,108.265,70.5983,2400.7905,140.7137,949.3077
3328.8,3683.8,1387.6287,38.8626,0.0556,701.1608,765.7134,20.8216,2785.0352,172.7573,274.5731,1605.2953,152.1228,58.076,2338.1169,102.1813,606.4737
3295.9,3684.3,1140.8712,29.9205,0.0833,1256.0947,42.8447,31.125,2610.947,162.4508,677.4811,1494.2122,175.4091,63.0947,2709.7046,110.7462,1371.553
3373.5,3684.3,1004.0803,26.3601,0.114,936.4715,405.4456,30.4275,2861.4197,148.8627,942.3212,1457.6348,133.4896,62.8368,2559.728,128.3264,2628.4973
3540.9,3684.3,1090.0372,29.1429,0.2298,765.8323,70.1988,11.3602,5637.2671,172.1801,441.0683,851.2236,116.7764,139.2112,1852.149,119.3478,850.6211
3363.4,3685,835.3666,13.306,0.3274,1162.2313,195.0712,10.4769,3563.146,108.0996,452.9324,1171.2527,83.2776,42.2491,2172.8186,75.6904,690.8861
3307.1,3686,863.8923,9.5143,0.0374,675.7736,165.4835,13.3187,3614.1362,103.2022,447.7385,472.0747,77.2088,46.8242,2280.8857,72.4374,1020.3692
3463.8,3686.6,959.1169,183.2823,507.8024,432.3629,79.496,19.996,3362.7378,140.2137,274.8347,403.5887,107.4113,65.8952,2087.6208,100.9637,228.996
3348.4,3686.6,1241.2601,18.7236,0.065,653.7805,1949.9431,18.6341,4345.0732,219.2764,695.7723,1540.0569,118.5122,57.7317,2487.9351,120.5691,2100.374
3558.4,3686.3,789.8571,12.0816,0.2925,579.9456,1076.4625,15.9048,3490.5374,155.7347,784.8571,1106.1497,89.7415,73.7551,1595.4762,150.0748,1593.9659
3507.2,3687.4,684.4963,26.4667,0.2074,491.9407,446.8741,22.7852,2718.4148,144.8741,536.2074,730.3259,93.0074,54.0889,3087.1628,111.8,1145.7629
3538.3,3690.2,872.3197,9.0884,0.5374,745.4422,207.8775,27.6939,2959.5239,193.9592,480.1429,1653.3062,94.415,50.2177,2409.7212,104.2381,1270.3334
3298.3,3690.6,758.6415,8.1384,0.1824,742.4088,17.4403,10.6101,3795.4592,97.478,361.5535,473.9686,53.0566,53.3459,2485.1257,72.5283,620.3711
3358.2,3690.8,941.7026,21.6062,0.0963,889.7422,28.847,21.1728,5664.6147,132.1813,463.9207,700.1983,124.2153,48.5269,2743.0029,92.2691,1041.0624
3332,3692.1,1115.8981,18.0902,0.1961,1170.0314,100.7412,11.502,2594.3921,192.3686,340.4784,2002.1647,103.2941,61.4745,2006.545,93.3922,1003.1373
3530.9,3691.7,640.8206,10.505,0.2558,864.9502,151.5847,13.5316,2437.0298,166.6445,509.3721,1078.402,70.3688,37.701,2240.9336,103.1628,1296.186
3560.3,3691.9,950.4375,7.3229,0.1458,471.5833,1566.6354,11.4792,3572.1562,100.4167,551.5521,1370.4479,38.7188,46.8333,1457.9375,51.2292,1328.5625
3516.5,3692.6,894.9044,39.1985,0.0662,691.4853,1154.2206,32.25,2734.125,181.8676,1034.3823,1709.5883,142.7426,56.0221,2554.5442,147.6912,2456.4043
3580.4,3693.3,893.1261,8.5739,0,731.5217,7.7609,15.7652,5256.5,105.0174,508.7217,463.4304,123.7826,50.8043,1772.3739,126.9174,1080.9304
3567.1,3692.6,937.5,13.4454,0,444.4202,111.5714,16.3109,3602.2856,103.605,441.7563,449.0126,59.9286,53.8445,2040.9706,113.4496,969.626
3379.2,3693.1,929.821,22.1605,0.0833,1649.5494,29.2253,46.1543,2646.9907,132.1605,958.8827,2192.8179,161.8364,52.3827,2994.4011,118.6944,2452.074
3522.5,3694.5,1113.2209,44.9116,0.0829,796.3867,1867.1824,33.4254,2800.8123,231.9834,983.8287,2098.5967,149.9337,71.0276,2438.9778,141.8619,2111.2651
3587.9,3695.4,1095.6776,13.7237,0.1316,1043.8684,6.5,22.4671,2917.9473,115.8553,512.4079,814.7895,72.4934,64.2697,1782.2106,91.9079,1302.2434
3283.5,3695.4,795.7706,18.3676,0.1,392.1176,1093.8677,23.8794,2054.4795,119.0824,625.6971,1070.9059,95.2412,125.2706,1853.6412,96.1412,1596.0735
3485.8,3695.4,818.1011,53.0562,0.1629,899.4382,129.5449,75.8483,5504.1519,253.0899,2128.8989,1236.3707,227.9045,75.0955,2559.1628,178.1124,4049.7866
3358.6,3697,723.6338,54.3662,0,884.1268,30.7465,13.3099,12193.4648,238.1127,771.2817,928.8873,204.8028,103.8028,1943.3662,106.5916,464.4225
3348.5,3696.5,791.0942,14.0833,0.1268,873.5652,33.4783,17.4094,10543.2568,106.8986,496.1377,634.5073,51.8841,48.3514,2455.2139,85.2572,832.3007
3366.9,3696.4,617.7516,1.7834,0.0701,735.5605,7.6561,6.3694,4485.7451,56.8981,532.7771,458.1529,29.879,33.3758,2069.605,65.535,516.9937
3290.6,3696.9,699.6929,9.6816,0.0225,458.0899,85.3895,22.5543,2865.4194,105.2285,844.3259,460.7228,147.9551,936.2809,2499.9062,116.8202,2093.7678
3541.9,3696.3,1043.0289,17,0.1227,771.935,354.9459,27.8845,3080.9963,168.8123,694.9242,1099.7437,112.8484,58.3394,2379.0938,102.917,1826.0721
3324.5,3697.3,714.7905,3.5138,0,315.0435,8.4901,5.9012,3253.8538,49.6443,360.0316,343.0751,40.3043,36.6047,2296.6956,57.2292,266.751
3467.6,3698.8,1024.5813,40.5571,2.1349,1059.3461,218.8166,11.9792,2289.2837,122.0104,176.6747,1127.9862,81.8131,47.9723,2022.2872,101.8131,269.9239
3338.9,3698.6,637.9327,5.5096,0.0288,440.7019,355.2596,14.4904,2390.7739,65.8606,569.9086,791.5769,216.6923,377.9856,2202.7886,80.8029,1520.4663
3500,3698.9,900.6125,27.4921,0.1545,1363.7905,199.678,29.8272,8232.0889,203.5,1131.9634,1776.8717,156.4372,508.4424,2403.542,170.1152,2093.7593
3570,3700.5,862.2078,17.3434,0.1265,525.9187,85.2651,44.0964,4102.1597,139.8072,852.262,767.2319,224.4759,363.0934,2432.4397,135.7199,2088.8645
3528.6,3699.8,1183.2427,37.3515,0.9414,921.6694,2733.8787,31.1883,2820.2468,255.1004,729.4184,2593.3809,134.841,62.0837,2462.1589,154.0711,1612.6025
3563.2,3700.1,688.4933,0,0,143.3067,0,11.1067,1494.3467,0,373.3067,134.56,0,21.9867,1123.4534,0.6267,829.7333
3304.5,3700.4,700.983,5.6618,0.1509,462.1581,288.4258,15.5596,2773.4429,70.5401,345.601,541.7932,89.9951,34.056,2403.7031,59.1071,894.9416
3547.9,3700.6,1410.8738,55.1068,0.2864,694.9709,251.8641,26.7718,3054.4224,282.0583,584.5534,2039.1359,160.2621,61.5728,2143.6262,138.8058,1495.8446
3535.8,3701.2,1207.5471,43.0604,0.3698,1090.6906,1569.2302,28.4755,4329.936,262.7623,797.5773,2034.1736,140.917,91.2113,2839.2151,135.4113,1673.4226
3487.1,3701.5,1056.7572,58.3333,0.3,603.519,808.4429,33.2381,2893.2429,192.819,897.4095,1204.4381,184.019,64.8476,2182.8191,136.6286,2129.0334
3382.4,3702.1,531.0877,5.3772,0,372.5,20.6316,39.3772,2411.9036,72.3421,906.5088,464.2807,244.7544,791.5,2359.1404,102.7456,2096.0264
3554.5,3702.1,1016.0113,18.1017,0.0452,1192.4125,41.1695,37.0734,3125.6724,138.113,734.3503,1577.113,177.4294,59.4915,2791.4915,132.4011,1842.7062
3367.7,3703,752.5693,9.3333,0.0899,599.0375,19.382,19.4007,5331.7153,159.3146,3138.3147,1132.1199,216.3745,85.3895,2252.1162,106.3596,1113.1311
3599.8,3703.3,1008.8834,20.4167,0.0917,488.6792,13.6708,21.9583,3817.8125,126.9417,438.85,479.575,92.8542,62.4042,2047.8875,115.3125,884.9625
3315.3,3703.2,692.9207,2.8492,0.2381,362.373,424.881,8.127,2665.1111,43.119,336.5873,1180,18.1429,41.2857,1719.7937,38.0873,710.4127
3493.4,3703.3,1160.5374,90.6766,0.3881,765.0349,234.1741,32.3085,2812.8259,197,790.1841,975.0497,143.4677,83.4378,2559.3284,153.9005,1815.209
3356,3704.9,616.2218,9.8688,0.0481,494.183,50.6765,8.6081,4365.6099,80.1738,521.4399,440.0628,43.1682,42.4584,1800.4011,62.6155,519.3494
3526.1,3705,955.3333,24.6404,0.2456,1070.1754,1978.035,17.3772,5750.3335,240.7018,898.4561,1711.9824,89.7982,54.4386,3229.5088,218.1491,1242.8684
3543.1,3705.6,1346.375,35.2784,0.0057,1227.25,144.3807,35.483,2885.9033,229.5,826.4545,2336.875,175.5284,68.8011,3154.3467,156.5682,2117.2329
3344.1,3705.5,1238.3267,33.7731,0.0424,1716.187,32.5087,19.409,4145.626,158.4938,506.5611,2228.0574,133.5586,107.0349,2877.4614,116.7631,941.3691
3477.8,3705.9,1159.2758,76.6262,0.4953,431.1308,821.1636,16.7804,2618.9812,190.0047,445.3084,799.5374,130.5888,84.5514,1975.8926,123.2664,1092.8785
3562.7,3706.5,1049.3612,24.6087,0.0702,565.8194,59.7893,71.9866,2662.8162,146.9264,1133.3612,696.7258,246.6154,69.0268,3324.0369,119.2174,2569.8293
3585.9,3707.6,828.2253,11.3924,0.0322,828.4668,36.8048,22.5332,3554.5352,120.5252,421.2535,689.9678,76.7686,46.0201,2154.6841,104.2716,933.8611
3483.4,3708,858.52,35.464,0.12,573.04,204.456,24.6,2720.04,166.768,1350.92,816.856,196.256,373.384,2447.6321,145.448,3370.4241
3576.1,3707.9,1014.7573,22.8033,0.0167,782.9791,38.3556,41.795,4085.6777,187.9582,908.0753,698.4854,118.4686,69.8912,2596.3599,128.8536,2175.7573
3283.3,3708.1,492.1126,4.9527,0.0878,316.2207,53.2883,6.5473,2022.75,63.9302,329.8423,420.8559,63.9099,36.536,1895.2567,63.759,836.8401
3536.1,3709.4,843.1875,22.0104,0.25,522.8125,90.4479,7.3854,2403.1562,129.0417,380.6354,443.5,73.5312,50.2083,1180.4479,101.1979,457.375
3307.1,3709.5,999.4659,15.6439,0.2955,614.553,1492.9395,11.1439,2877.1477,143.9318,407.8333,1415.9962,81.6136,54.1061,1961.2046,89.2462,760.2651
3490.1,3710.1,1150.8357,32.1857,0.0929,1544.4393,93.2107,35.0643,6035.3105,213.7,883.2,1748.375,137.2929,136.7107,2907.9465,122.7357,2023.1072
3529.5,3710.7,1227.5311,40.6364,0.311,838.4258,2318.9377,21.7177,5072.0142,251.3158,668.0335,2242.823,133.4115,64.0813,2518.8755,156.622,1434.0287
3555.1,3711.4,757.1747,14.3495,0.0194,653.233,103.5534,73.4272,4291.6992,179.7379,1599.835,803.6116,214.1359,148.0874,2532.6504,174.767,4171.9707
3561.2,3712,1053.8319,14.7257,0.0177,589.2744,245.7434,67.4513,3165.1238,154.4159,1296.531,855.8053,244.0797,282.9557,2513.062,119.1593,3165.1858
3296.4,3711.4,632.384,4.029,0.0725,831.3406,228.5435,11.9203,2282.9492,90.7609,411.442,942.2899,59.6522,35.9855,2518.4783,85.3986,1066.5363
3475.5,3713.1,1235.9325,43.1097,0.2574,554.0507,1044.3375,23.3544,2843.1309,179.1857,542.3249,1742.6161,186.6118,123.5823,2454.5022,117.6456,1266.8059
3346.3,3713.8,927.4491,20.9551,0.0449,1814.5449,25.2395,19.2066,3015.3474,128.1707,585.2365,2363.5898,103.1796,55.3982,2420.4551,92.2006,916.5718
3578.7,3714.9,1107.0205,25.0872,0.041,960.2205,91.7077,38.6256,4708.7949,216.759,735.7282,723.6,90.8462,190.8205,2107.3179,118.1436,1431.9641
3481.2,3714.4,1252.0952,51.2698,0.1111,976.6826,354.0794,28.9365,2976.0635,189.9365,991,1448.1746,181.9206,248.5873,2547.6667,153.4444,2684.3809
3300.8,3715.1,996.5591,21.6136,0.15,1173.0045,524.0864,13.9818,2356.6636,160.8818,530.0091,1333.25,121.6,125.9727,2293.959,100.8,1112.2455
3287,3715.5,400.732,4.2222,0.1699,332.8824,84.1373,5.8366,1825.0066,53.9804,543.9673,398.2353,136.3987,32.2745,1708.621,63.5948,1366.5752
3327.3,3714.9,561.5146,4.6703,0.0497,359.8281,21.6746,16.667,1988.3947,51.6389,470.8216,321.6995,129.1978,723.7124,1748.9286,70.5524,1223.9708
3569.6,3716.1,732.1729,4.0926,0.1481,779.8148,181.5185,26.0988,6900.6914,109.5802,1204.5309,736.9445,86.5247,63.4938,2041.3889,128.8457,2521.4753
3502.1,3715.5,805.0928,19.2786,0.0071,591.5357,93.1714,4.7286,2025.3071,101.5214,268.4714,627.9786,87.5214,44.4786,1303.4429,75.2,456.7857
3372.9,3715.8,670.6259,11.5156,1.4149,594.6954,34.5659,17.6379,3570.9209,101.6499,724.1487,440.4125,73.9904,67.8633,1918.8225,299.7578,1402.1127
3612.3,3716.7,926.0516,18.0537,0.0434,668.2087,69.1963,51.1322,4685.6343,175.8843,1211.3884,744.7066,154.938,232.2789,2429.0598,167.4504,2843.4153
3486.8,3715.5,1047.0652,53.6413,0.0652,1612.5326,43.75,29.2283,9251.25,237.9239,836.1087,1506.9022,136.4456,72.8261,2872.5435,118.2065,1692.0217
3362.9,3716.6,509.3407,3.6813,0.6484,503.6264,11.022,5.7692,2773.4065,70.5934,457.5055,352.8571,83.7033,384.9561,1639.4945,59.6593,1191.9121
3538.4,3717,1075.2295,29.6475,0.123,731.4672,1498.4836,17.7336,3606.5862,190.4262,923.2172,1869.9836,99.8648,61.0656,1934.1639,140.8607,902.6967
3595.9,3717.1,952.4361,23.8778,0.0278,1073.5083,119.7722,79.8278,3302.1306,177.1028,1138.4111,1712.3833,148.5444,253.2722,2857.2612,153.4472,2710.175
3557.4,3718,1180.9844,23.4648,0.2031,584.7812,1087.0586,35.2617,4305.707,170.2109,797.8242,1488.4648,153.9102,79.3711,2462.6719,121.082,1899.4688
3312.5,3718.4,1008.4304,18.1913,0.187,674.0239,979.8913,14.9978,3306.9543,158.4304,423.1978,1184.5804,84.1043,52.7783,2175.5979,201.7152,554.5848
3564.6,3718.2,840.3055,1.25,0.1806,953.3889,482.6528,22.9722,9799.2227,79.9861,1112.4305,1039.0834,46.8333,58.7917,2570.4167,61.7917,1424.5
3509.2,3719.3,595.6389,6.2063,0.1389,471.7103,37.2063,10.4206,3085.635,102.7302,377.3294,394.5675,70.3254,58.0119,2097,83.504,881.3055
3385.5,3719.2,581.1437,2.725,0.0594,718.0969,55.4219,21.175,6306.7783,38.2406,611.175,619.4313,17.1125,37.8469,2379.9031,257.9406,1318.9343
3473.9,3720.7,1423.5164,38.9345,0.2036,591.2654,450.0727,27.5164,3221.8181,193.9091,682.8182,1012.0073,301.9018,144.7273,3161.4656,128.2982,1687.8073
3495.2,3719.9,975.1611,25.4265,0.2038,673.9194,37.3744,16.2417,3684.9954,150.09,562.7156,594.2559,191.5498,61.0521,2763.5498,108.4455,1205.5214
3484.1,3722.2,1311.9646,45.8939,0.7146,1106.7665,93.559,26.8113,4030.4834,237.9741,808.5849,1654.8632,228.2759,118.0354,2890.5779,128.3113,1492.7335
3357.9,3721,615.5194,4.4961,0.0698,447.3488,27.3527,15.4496,5153.9805,65.6008,1078.4496,544.5659,151.5543,718.5349,1872.7325,611.4651,2264.8218
3502.6,3722.6,1169.4805,33.9697,0.0346,1415.6061,72.8225,11.2381,3508.7661,164.1688,418.3117,1816.5325,128.7446,583.5887,2468.0044,106.9394,809.6537
3303.6,3721.8,950.2653,13.8244,0.0179,1378.3262,489.2186,13.9928,2470.6453,162.172,442.4337,1843.6559,79.2509,62.8996,2063.2976,112.828,768.4373
3367.9,3722.4,751.4219,7.5148,15.2447,492.0169,13.2954,8.7131,3104.1223,109.7089,607.4768,745.2869,61.903,617.8776,2421.7427,107.0886,1178.8987
3465.1,3721.7,1262.6818,36.5101,0.4747,704.6111,38.8232,10.3182,2739.1365,140.1717,318.4849,640.8889,108.8333,54.8788,1854.8586,109.2879,780.1212
3567.3,3722.5,599.2637,0,0,557.8681,152.1099,6.2088,9376.3516,4.2527,815.0879,546.7253,0.8462,32.3187,1902.1978,5.7033,1162.8242
3545.6,3723.4,738.4077,13.0139,0.1638,455.6342,595.5018,20.4251,2573.7144,123.2335,688.3868,764.5854,129.2718,40.8293,1969.5923,124.5854,1783.8258
3559.8,3724.4,874.2211,3.2041,0.2075,577.0374,910.2857,7.9592,12062.915,63.2381,872.7041,1200.2925,51.2075,54.6701,1779.1837,117.5204,1480.7313
3590.5,3723.6,1161.623,30.1757,0.2652,685.3291,989.1438,69.5272,3332.3418,204.2364,1135.5079,1875.2045,182.9457,422.476,2111.2715,166.3131,2653.9968
3341.6,3724.2,677.1547,3.5325,0.0738,415.6626,120.2917,12.6801,3390.4902,51.0844,565.0422,405.2443,39.341,52.5975,1941.7891,64.5149,1259.4077
3578.7,3724.6,924.3692,15.6948,0.1424,735.6918,92.1657,35.6192,3364.4187,116.2936,1003.6192,923.0756,105.7238,65.2471,2341.1018,86.311,2603.1367
3611.5,3724.8,714.2083,6.4479,0.0208,736.0625,26.75,21.4896,4147.146,153.4375,870.8958,603.6875,111.6562,154.5208,2125.0833,125.3958,2113.0833
3296.5,3725,670.8077,0.7308,0.1154,526.1539,1071.75,5.2115,4730.6152,165.75,440.4231,1384.3654,79.9615,89.8462,2034.9038,65.1923,860.75
3606.4,3726,689.2632,4.1654,0,686.9699,21.8271,6.9098,7258.1201,134.9398,1080.2106,642.7895,160.7594,1643.203,2068.2031,137.4135,2074.6467
3318.3,3726.6,643.9041,9.5808,0.1288,792.5753,284.3699,13.1945,6872.3452,115.1781,815.7562,617.1452,60.0795,69.7178,2079.8604,840.2822,1076.4192
3494.6,3726.8,1320.1755,30.0372,0.0213,1252.0585,55.5266,16.6649,3513.3831,161.9308,483.9681,1526.1329,105.484,65.734,1906.3245,97.9149,899.383
3289.5,3726.4,657.3104,11.0271,0.0646,477.7458,38.2083,16.1021,3833.698,89.6583,420.55,355.4979,54.6875,39.9854,1985.775,86.8792,1056.6041
3332.5,3727.1,727.4378,7.8065,0.1613,397.871,1995.3042,18.9677,2673.7559,103.0876,466.7005,1741.5991,161.0369,48.8064,2056.9446,111.576,1251.7834
3353.6,3727.1,743.0139,6.4401,0.117,713.9193,82.3788,20.6045,7559.6157,100.5265,1319.1058,687.0028,113.7047,344.078,2312.0808,550.468,2259.9526
3476.3,3727.9,1030.9028,25.5833,0.0382,550.0173,38.7708,19.9931,3108.5693,146.7326,701.0278,608.0833,294.2847,769.5833,2218.6111,117.7188,1711.3055
3302.1,3728.7,1068.8068,26.3258,0.1553,602.4318,705.9659,23.8788,3440.8789,147.5152,399.7235,1296.6515,123.4773,64.0795,2943.1401,128.4811,1043.6326
3467.7,3728.6,1286.897,32.4464,0.1502,810.9785,96.1803,14.9227,3124.2747,148.4635,322.1116,752.0043,103.6824,74.1373,2144.4463,98.1116,614.3004
3518.7,3728.4,830.0803,2.004,0.0361,652.5783,441.6265,11.2851,3182.9077,61.4137,469.8072,1100.3253,32.6225,42.3253,2230.012,81.7149,1096.8193
3511.8,3728.7,610.7964,1.9115,0.3363,487.6637,27.5487,5.3805,3155.7256,50.8407,505.8672,395.1151,12.3451,32.9823,1399.1947,34.4779,619.5398
3586.5,3729.1,973.4231,19.3923,0.0923,530.8307,235.5692,57.9692,2845.946,172.9077,1038.6846,793.6616,198.1538,1012.1,2113.2615,130.1385,2423.7922
3565.2,3730.4,1006.3947,29.5,0.0691,641.352,1161.8191,28.5757,4652.4966,198.7829,1032.2533,1645.204,173.625,111.6546,2152.7632,147.8651,2302.4309
3597.8,3731.3,654.2205,233.1406,0.0543,516.3834,47.8051,41.5335,3330.1628,98.0032,901.5208,520.4728,102.9457,180.9489,2227.7156,106.9233,2503.8499
3369.6,3731.6,629.9417,11.6809,1.1907,795.3463,23.0973,9.8521,3025.9143,88.6265,755.1517,444.677,31.7121,135.8483,2062.1284,61.6265,469.0973
3362.9,3731.8,965.1166,25.0276,0.911,895.546,742.8037,15.1135,5608.2607,139.3558,862.8037,1179.7729,87.8865,95.319,2091.543,303.1411,984.6503
3627.2,3732.2,598.938,6.2788,0.0442,626.7655,95.5354,44.5531,3386.062,102.2566,1076.8982,686.9911,108.4823,56.3319,2267.9912,119.4071,3027.9646
3502,3733.2,1103.533,28.8723,0.0978,610.5869,603.5828,28.6387,4117.4849,158.2775,669.9042,1172.2794,121.5788,60.4391,2660.8145,123.7984,1807.8463
3478.8,3733.3,769.5413,13.9358,0.0367,644.6605,25.8257,41.789,2806.3853,139.3761,1009.7431,625.3395,254.5505,215.6789,2356.0276,133.9083,2366.4128
3297.3,3733.9,924.5804,17.2692,0.1434,443.7203,176.9476,25.6993,2554.9021,107.007,388.3392,496.1189,169.1538,50.6853,2516.7517,103.8846,1224.3986
3383,3733.4,651.7353,3.6438,0.0556,418.7614,9.8431,11.8366,3371.1995,47.719,716.4706,450.9608,66.7255,37.4641,1758.6046,55.5327,1704.7026
3579.6,3733.6,955.2152,27.2682,0,770.4835,352.255,30.8179,2880.8906,171.8742,867.5099,999.4735,213.1457,958.2715,2078.0232,137.2649,2128.6953
3609.4,3734.1,797.8122,9.5446,0.0516,641.3803,20.0986,11.7887,3312.2065,99.216,867.1315,472.2113,47.7512,61.1643,1644.4601,84.7089,914.0986
3544.7,3736.3,735.1607,8.5571,0.1679,656.4929,43.9571,32.0321,7274.6357,116.525,803.5,504.9357,111.3714,55.4571,2210.6287,100.3571,2007.4893
3551.9,3735.6,779.0361,2.6506,0,700.8434,77.4458,119.012,4189.8794,119.7711,1172.5181,886.0241,238.8193,641.8313,2216.5181,129.7831,4361.6265
3341.4,3736.3,624.8539,2.2662,0.0617,638.9481,9.8961,5.8539,4726.4771,48.1656,302.0422,499.7078,21.3084,34.0714,1746.4091,56.1981,552.3182
3389.8,3737.5,885.1558,10.7951,0.0355,381.4481,112.8771,11.4153,2383.3525,84.4399,238.8962,394.4781,91.1776,46.7022,1932.8989,66.3852,575.9672
3593.7,3738.1,778.7936,15.1534,0,862.7725,750.6931,58.3915,4162.0796,133.164,1093.8624,1144.6931,99.037,281.5238,2033.6031,122.3016,3033.3599
3291.8,3737.6,643.875,6.625,0.0288,643.1635,723.9039,10.8846,2309.5481,60.1346,270.2115,920.2789,53.2308,31.7692,2059.25,88.3077,819.4039
3319.6,3738.4,771.7867,8.133,0.072,965.0499,42.5402,10.3601,2890.7229,103.2853,401.482,1161.8365,83.5596,79.5402,2044.7036,109.856,997.4294
3282.1,3738.2,773.8107,7.8955,0.1045,1087.4944,133.1864,17.8051,2568.7458,79.1921,330.6554,1103.4661,68.1412,38.8757,2275.7515,73.0621,766.2316
3356.2,3738.8,950.784,11.768,0.048,377.56,18.1,6.636,3687.4399,83.608,335.748,399.584,61.38,44.152,1573.7321,80.044,506.34
3556.2,3738.8,1143.0991,18.7672,0,685.1509,84.2069,18.7543,13001.7754,145.5,890.4181,643.9009,225.5991,1769.2888,2628.5991,185.2845,2070.9397
3607.3,3740,816.1793,21.7956,0.0943,518.4717,32.8396,39.827,3147.563,140.8082,895.8742,545.8837,139.2201,67.5629,2331.1194,120.4528,1980.1918
3508.3,3739.6,935.2708,17.8594,1,596.5729,1517.875,33.6302,3307.9062,152.5521,910.1146,1896.474,150.1979,57.9948,2760.3489,119.8333,2369.4114
3480.1,3740.5,1122.9829,38.2056,0.0428,819.2184,54.0685,20.5632,2805.0427,176.1499,417.8458,1157.5568,129.4261,59.0557,2591.803,105.4754,1009.7238
3637.2,3740.2,683.8633,12.764,0.0714,865.2888,384.3044,55.0466,5940.23,168.4907,1341.6925,1287.7639,159.2671,63.1522,2386.2856,282.9348,2970.1243
3530.1,3740.4,695.7463,8.361,0.0976,587.7805,22.9951,14.4585,4295.3853,92.8,624.7171,374.3756,66.1219,40.5463,1831.8781,92.5512,1143.0146
3579.9,3741,807.0582,18.4186,0.0058,443.3198,254.1221,18.5174,2773.7529,117.25,484.9971,603.8547,110.936,200.8983,2146.6338,102.6744,1086.7209
3304.9,3741,882.5016,7.1861,0.3281,520.8486,1104.2397,14.836,3499.6877,142.0315,515.9748,1271.0978,79.1293,44.0252,2242.8992,175.8612,1234.817
3626.4,3741.1,552.7941,6.7941,0.0686,779.9412,394.0784,92.598,3249.4019,162.9608,1780.1274,1124.9608,243.2157,489.0686,2156.4707,162.451,3511.6372
3287.7,3742,1038.4502,20.237,0.0095,1209.9716,846.0332,16.8152,6294.2466,138.7299,311.2844,1304.0664,79.4076,49.1422,2732.6682,104.673,422.8246
3344,3742.6,669.4752,1.4554,0.0396,796.8515,4.0693,8.5446,2378.5347,20.0297,207.5347,892.3267,17.4752,28.0297,1457.901,23.1188,416.2673
3563.3,3741.7,737.4565,11.7783,0.087,662.7783,42.1174,13.4304,8237.4785,102.9739,716.2131,483.3,73.6304,94.8609,2329.8652,112.7304,1405.4087
3494.8,3742,681.8019,11.7271,0.0729,386.8729,93.7701,15.3533,2560.6279,97.228,500.7925,457.6262,113.5028,95.729,2002.5739,90.015,1224.5309
3617.7,3742.6,605.366,4.8075,0.0717,696.3434,81.5359,37.6453,3791.3359,134.3849,1149.3735,758.8453,200.3057,268.3132,2028.7736,190.7509,2626.8679
3383.5,3741.9,948.5975,6.061,0.0488,403.7439,23.3902,19.4512,2981.5977,65.2805,371.2317,380,127.1707,45.1098,2510.6584,69.9146,1028.0488
3467.9,3743.7,774.7835,8.3144,0.0155,440.8608,22.0722,6.4021,2636.5876,63.6546,402.8608,418.7784,73.0412,33.2268,2219.3711,59.0722,926.2474
3317,3743.4,815.1539,4.4308,0,1051,82.2154,5.1385,4889.9229,94.4769,347.6461,983.0615,31,42.0615,1902.7384,99.1231,439.5692
3350.5,3744.1,740.8714,3.4524,0.1095,597.6667,8.619,6.4238,3256.2095,63.7429,303.7571,336.6238,28.881,46.2857,1742.9619,65.8095,332.9238
3298.2,3744.6,620.2546,1.7963,0.1806,507.287,96.9907,9.3009,4025.3982,75.2176,498.8241,430.9583,38.375,40.625,1847.5695,613.1713,939.6898
3535.4,3745.2,591.0339,2.7542,0.0339,531.8644,62.7966,11.0932,3211.0847,66.2797,693.8051,447.5085,106.2034,108.339,1768.7203,92.8644,1592.9323
3556.2,3746.1,853.2755,8.2449,0,363.6735,23.0918,5.0306,2823.8062,70.0306,557.2755,407.5816,171.8673,1175.0204,1777.1837,91.2347,1457.0714
3520.1,3745.6,850.8994,18.5034,0.0503,585.6141,108.698,29.0738,3087.1511,146.9664,976.0336,714.4362,239.5537,116.5738,1912.5134,117.5973,2670.9531
3312.6,3745.9,653.0466,21.6995,0.0466,810.7927,172.7565,8.1036,4367.8394,84.9637,375.6736,696.3679,37.8756,33.9119,1893.0311,102.1658,642.2228
3388.1,3747,960.788,8.8291,0.057,495.6329,96.0823,22.3133,2966.7563,82.4114,461.3449,479.9462,128.9747,46.7943,3316.9778,68.057,1028.5538
3581,3747.7,950.55,23.775,0.0667,555.4417,1414.225,22.5417,3287.8333,158.6083,856.3,1701.2417,110.425,54.9583,2442.6001,135.1,2489.5916
3630.4,3747.7,1038.3635,24.0793,0.0664,785.6735,269.2066,45.9483,4049.2656,183.0055,1212.4982,1128.1844,210.9502,111.3155,2780.9612,164.0129,2465.6052
3379.6,3747.9,746.5941,2.7471,0.0824,493.0323,190.7559,14.3559,3063.9824,43.0029,502.2676,698.9412,25.5912,37.1235,1894.2118,44.1265,967.8588
3361.5,3747.8,677.0297,6.4684,0.1338,754.4833,20.2751,9.0297,2863.6023,68.684,401.9926,655.2156,42.9851,54.6617,2414.0149,72.0632,792.3383
3334.2,3747.6,1335.67,27.3247,0,655.1185,311.6649,43.9639,3258.9741,142.7062,515.2732,830.1959,201.7062,54.5876,3373.3813,134.0825,1414.3917
3588,3749.2,889.7411,17.7202,0.0565,1221.9791,182.4167,15.9583,5407.2261,111.8274,1034.5358,1449.3452,65.9524,50.4762,2402.9553,88.369,1577.8899
3290,3749.1,872.2623,13.9377,0.0131,667.6,698.3246,13.0918,3654.9934,99.8918,308.8394,1137.0558,69.0131,44.4984,2672.4753,101.9049,557.4459
3488.9,3749.2,724.3354,6.5517,0.0376,369.326,10.7398,16.1818,2830.0815,114.5799,584.5235,368.8871,61.9843,42.8464,2017.5454,44.4232,1198.3417
3500.7,3749.7,585.3523,13.4773,0,663.0909,742.8409,38.4318,2737.7727,150.75,1211.4546,1095.8523,180.1136,38.7841,2255.0454,110.0455,2201.3523
3281,3749.8,643.4205,3.9487,0.2308,399.9128,155.7282,11.9436,2526.1077,55.5949,426.8872,1132.5436,42.359,59.0103,2100.5437,83.2872,961.1128
3551.5,3750.4,761.4259,4.787,0,405.6945,634.5741,12.463,2830.1943,57.1296,776.7222,825.5185,109.5926,381.5833,1785.0463,67.3148,2015.0186
3618.7,3750.1,713.0675,15.7257,0.1097,1253.6836,421.8692,41.865,5391.8145,186.5865,1115.405,1822.2996,109.5401,86.7131,2749.4473,264.8819,2133.3333
3540.8,3750.9,1107.1754,17.8271,0.589,616.1905,1479.4862,24.5589,5101.2407,137.1028,694.0451,1466.5714,97.6767,84.614,2138.4136,152.6341,1612.4462
3508.9,3751,1050.7469,34.3628,0.1006,545.2988,1146.1036,34.1921,3253.9756,188.9939,1032.8964,1414.9269,180.0274,65.7927,2132.8384,133.9512,2315.3567
3565.1,3751.3,866.792,9.264,0.056,729.296,777.136,33.416,6120.5918,173.512,1110.752,985.4,217.44,155.528,2447.9919,148.168,2580.2161
3466,3751.7,1051.2072,20.1124,0.2249,468.1953,750.8521,23.4852,2916.9231,174.8402,786.4911,1757.8165,164.1243,53.1834,2467.0947,145.1893,1765.0118
3368.2,3752.2,544.2784,5.0341,0,500.4659,18.9886,8.9432,2757,72.1932,541.1307,348.6307,72.9091,655.392,2196.8921,80.3523,1059.7046
3339.3,3753,1185.8668,20.932,0.0368,551.6544,746.0255,23.1926,5955.7505,132.3768,586.6119,1088.3768,156.0142,60.8442,3328.7761,272.7649,1074.8357
3310.5,3754,712.4585,148.7945,0.0791,915.7945,212.8617,14.4941,7226.644,120.3202,652.1186,691.8261,57.8379,45.4348,2634.1462,171.5138,890.8933
3349.8,3753.2,796.452,6.0685,0.137,1140.9452,236.5616,2.8767,6077.7944,117.5616,990.2603,1131.3151,57.1781,83.589,1758.8494,3211.0137,402.7808
3393.3,3753.5,904.4503,24.8146,0.0927,984.2947,721.1391,15.8013,2878.437,124.6755,564.3212,1152.6259,96.9338,50.9768,2809.6025,97.3742,763.947
3318,3753.4,831.3401,13.8798,0.0409,577.5576,34.1253,11.4757,3400.9771,102.5499,427.3299,529.4476,70.8926,59.2123,2319.1023,108.5166,962.757
3355.2,3753.4,829.4521,9.0419,0.4641,988.4521,415.1617,9.006,3365.3113,109.3862,481.2934,949.8114,44.2186,43.5988,1787.012,422.8832,422.9551
3330.5,3754.1,661,3.3731,0,328.7164,24.791,11.6269,2767.1641,67.0597,474.4627,372.9702,122.5373,36.1642,1809.8358,109.0448,1670.2985
3575,3753.2,1035.514,20.6717,0.067,593.7819,355.7365,33.7516,4496.5898,112.6242,808.2138,872.8963,87.0216,84.3758,2660.959,106.311,1854.2635
3472.8,3754.7,1136.2332,21.0628,0.2152,524.7713,826.5112,27.0628,3044.3093,173.8879,872.4171,2874.7175,109.6457,66.1121,2652.0942,132.0269,1859.6458
3518.5,3754.5,1251.9584,47.3636,0.0265,598.8295,906.3485,38.8258,3189.25,205.6136,874.0606,1010.9205,247.6098,357.106,2432.5151,145.5682,2248.8674
3613.8,3754.9,692.9343,14.4307,0.0925,975.5402,105.6448,41.2117,7511.3335,181.6131,1134.9027,739.8589,100.2409,59.2676,3021.9902,122.5645,2514.4062
3485.9,3755.4,560.7047,0.8189,0.0276,296.2638,10.9173,8.752,3303.7834,22.563,774.5118,405.0433,15.2165,24.2559,1702.8859,18.3622,1461.6299
3563.4,3757.1,1171.2963,27.8667,0.163,706.9889,3004.063,38.7741,4297.7593,225.737,1074.8185,2504.9556,172.6926,86.7037,2433.7407,134.7778,1997.8667
3532.8,3756.7,716.0275,15.315,0.104,610.0551,207.7982,38.0122,3354.4587,148.8379,1192.6758,715.2661,136.6239,115.8165,2068.74,133.2538,2413.9204
3295.6,3756.8,1027.7977,25.8933,0.118,1427.3849,215.7725,18.5197,3487.9944,178.0787,606.9017,1377.5168,104.4354,79.7556,2608.8596,134.3315,1066.3793
3524.7,3756.9,763.8879,18.3017,0,630.5172,220.75,49.8879,3469.8965,172.3535,1612.3707,818.4052,282.9569,105.6207,2509.9312,228.8017,3647.4656
3461.7,3757.6,1111.6887,22.7041,0.051,1175.4082,227.3725,23.1531,6049.0356,183.3163,1297.0103,1650.6224,137.3061,67.9337,3026.7856,131.9847,1947.2092
3636.1,3756.6,996.2071,17.3905,0.0296,739.5296,235.3817,29.429,6945.9644,156.7396,1201.2841,981.5296,110.3876,60.4467,2164.9172,1257.9349,2285.2693
3509.6,3757.3,755.356,9.8475,0,488.4068,443.4068,16.8644,3626.2373,121.4237,1090.1356,799.8983,163.2712,58.8644,1908.1356,101.2203,1990.339
3281.6,3757.1,620.807,7.6374,0.0819,322.4152,128.7251,11.7427,2628.0586,66.655,835.9883,526.1462,101.3333,376.8246,1738.1871,81.386,1433.7661
3627.6,3758.8,941.4977,25.5795,0.0705,892.3318,709.0977,59.7182,8853.1953,232.7364,1485.2841,1623.0432,136.9955,61.9909,2609.7932,197.6205,2786.05
3555.6,3758.2,1034.8069,3.5279,0.2876,671.206,677.206,47.0815,4315.8066,81.7468,1141.1674,1744.0258,25.8455,70.4034,2081.2061,50.9528,1512.1803
3019.6,3574.7,942.1219,20.194,0.0423,455.2115,23.7264,82.592,2293.1094,137.0323,879.5821,478.1418,257.1144,694.1592,2729.5945,140.2662,2342.1145
2931.5,3575.9,786.6125,19.2125,0.0063,1522.6687,25.2375,63.4625,4108.7437,144.3,1266.5437,1509.3125,177.2625,94.3438,2414.9563,131.6812,2731.0813
2940.2,3576.7,788.96,19.3657,0.0829,471.6686,66.6257,65.9829,2030.6257,120.5857,1273.9086,569.6028,348.8429,994.7828,3229.1858,443.2829,3647.8457
3035,3575.9,714.9815,8.1204,0.1667,535.1481,1725.2314,47.287,2144.7129,180.4259,806.9167,2048.1389,87.6296,114.3796,2289.8982,116.213,2135.5371
2846.3,3576.4,607.1528,3.5116,0,561.7375,3.4352,36.4751,3294.5183,67.0332,1078.5017,408.1395,108.4551,857.7774,2677.5149,94.3322,2613.4619
2923.1,3576.8,574.486,10.8596,0.0478,630.5787,12.0562,42.0534,2211.7358,109.6854,1148.8062,586.4607,93.6152,65.0562,3053.8315,113.5955,2525.4297
2980.8,3576.9,865.6212,17.4394,0.0152,440.0555,693.1768,65.7727,1773.7273,140.6768,1094.3485,988.5808,219.2626,493.0151,2749.5151,151.6313,2896.6262
2821.1,3577.1,718.9044,7.1422,0.0711,462.1778,4.0356,49.26,1918.3245,79.74,203.8778,219.86,48.6689,62.6156,3118.0266,157.5133,275.0178
3063.4,3578,718.7322,8.6721,0.0492,863.8579,57.9672,42.4863,7527.4316,164.0492,918.5355,564.9563,198.7268,234.2131,2655.8579,201.1858,2478.1201
3056.7,3578.2,742.6006,12.6667,0,588.0251,42.3931,30.5881,2383.217,108.6038,657.9497,570.4528,133.3459,78.4308,2443.5032,113.8679,2341.7295
2987.5,3579.5,650.2587,8.6119,0.1493,478.3532,60.1144,99.3234,2012.7413,108.393,946.3682,507.7015,224.6318,714.3433,2771.3384,152.9901,2859.9055
3012.2,3579.4,918.7513,27.8201,0,835.4338,26.2593,47.3757,3613.1746,155.4074,1021.0952,565.8307,282.1164,654.2275,2813.418,147.6825,2047.9735
2951.2,3580,643.1646,3.3476,0,688.8415,10.2073,34.4024,11630.3662,158.1341,5194.6401,1390.5305,78.3415,139.3232,3063.616,7445.5244,2435.4817
2914.7,3580.1,619.793,11.8025,0.0605,489.6783,7.9586,46.4236,1883.7675,119.2102,1430.4299,536.2452,155.3153,104.8949,2651.105,114.0764,2983.2324
2876.1,3580.4,735.9739,13.0831,0.8812,722.0713,8.2779,38.1853,3394.5938,171.6223,1414.6603,556.4442,103.791,96.3017,2485.5916,663.2874,2817.2708
2931.5,3581.3,574.942,8.058,0,1302.4058,9.029,22.3333,3337.4492,78.7826,663.2029,1219.3914,74.6232,63.1014,2118.8696,79.6377,1315.2754
2833.1,3580.9,719.5424,3.7006,0,1094.1921,2.8644,35.4237,13404.8193,85.7175,1059.0339,1026.9718,40.2881,57.5085,3262.8813,287.0452,1666.9095
2998.3,3581.9,767.7692,13.0531,0.0293,558.0311,77.4469,37.6136,3770.76,124.0311,874.6044,490.2509,220.3791,322.9744,2497.7803,131.2582,2535.8809
2890.2,3580.6,785.2394,27.7653,0.554,482.3709,6.1502,49.2723,2363.8215,113.5258,1320.6572,521.4554,205.9155,412.9437,2749.3286,129.4977,3219.6572
2840.2,3582.4,700.2019,2.5385,0.0769,569.7853,1.1538,36.141,3318.4038,41.0673,673.1667,293.7788,34.3686,117.9647,2664.157,74.141,1312.8141
2803.5,3582.7,724.3206,10.7634,0.2519,507.5751,5.9466,76.799,1754.402,94.9364,209.9338,233.2341,52.1908,66.2774,3562.603,163.8804,231.9567
3029,3582,659.3119,12.0524,0.0571,365.7667,438.231,46.5762,1818.8024,95.4048,648.5643,595.0762,194.9405,844.3953,2205.3547,110.1071,1788.6072
2812.6,3582.3,719.5363,5.663,0.1014,477.8261,5.0616,66.692,1823.1123,81.5109,214.7609,219.8587,43.6775,96.1159,3350.4819,167.3116,321.5036
3043,3583.5,711.7881,6.0331,0.0397,991.5894,193.6821,63.1589,1809.3245,82.7351,661.8146,1354.3708,141.7881,889.8874,3078.1721,113.298,1856.1589
2848.9,3584,598.2545,1.426,0,706.5858,1.6509,63.9823,6857.1304,73.3136,1738.9941,550.7455,121.787,60.1775,3110.9585,90.4083,3795.8816
2884.8,3584.5,694.5796,8.3758,0.0191,636.7834,8.8344,51.4777,2252.6687,149.9745,1444.9044,571.3758,283.5605,149.7898,2947.7898,150.9618,3310.4204
2857,3583.9,537.7328,3.904,0.0689,384.5031,5.572,75.5407,1724.5156,65.762,1171.0731,425.1566,152.3006,54.6242,2473.4114,88.1962,2585.238
2868.1,3584.7,402.9184,4.1361,0,405.9932,7.1293,80.932,1401.9865,74.1497,1280.7959,484.6531,230.0544,345.7347,2556.2246,128.8707,3582.9319
2821.1,3586.2,737.7657,4.6964,0.0957,449.5082,2.9274,43.7756,2053.5049,80.4554,284.4456,237.0033,46.3432,162.9241,3014.1123,141.8911,520.3004
2894.9,3586.7,640.9848,5.769,0.0213,561.0031,9.6596,44.3617,5165.4375,79.1185,807.9362,404.8237,195.5258,986.4073,2892.5806,110.2614,1776.8966
2845,3587,527.863,5.0411,0.0548,793.2603,2.0685,46.0411,4796.1094,89.2877,1254.9452,471.4521,74.3699,50.5205,3034.959,97.3288,2331.041
3011.8,3587,803.7731,14.0142,0.0709,488,215.9255,52.4291,2799.3652,146.5816,544.3936,638.7057,151.8652,288.5497,2916.156,139.1064,1543.8085
3029.7,3587.7,1125.9535,27.1279,0,424.186,1331.7675,76.0233,1986.3489,193.3256,628.2209,1379.7094,225.5349,1012.7907,2675.2327,147.6395,1727.4884
2913.2,3588.2,476.6697,2.6469,0.0342,398.3599,7.6401,41.2005,1762.0934,70.6674,1031.5671,401.7927,168.6492,614.7972,2377.3645,105.2073,3014.4807
2986.6,3588.1,708.6688,13.2866,0.0382,520.6879,174.6369,67.0382,2203.8853,109.2803,846.9745,635.0955,223.2994,637.8663,2868.4968,132.3248,2451.4204
2980.1,3588.3,1051.5879,30.5608,0.027,1457.9088,130.6115,56.8311,2197.0103,154.3412,950.9628,2429.0168,213.6318,184.9122,2911.8784,138.7466,2318.8953
3002.6,3588.4,668.7351,5.9838,0.0649,664.746,28.9135,41.4703,3185.8757,116.1838,670.4811,621.6,238.2162,82.2649,2943.0649,128.3838,2054.9675
3070.2,3588.1,829.6556,13.9501,0.1631,977.3461,54.9717,35.7987,4879.9883,168.2646,739.4376,1357.9335,184.0666,1031.4891,3236.5906,790.6123,2046.7272
2833.8,3588.6,804.0807,8.7399,0.0448,1171.0225,11.0942,45.9193,12630.8926,132.7758,1340.0986,551.1749,68.8475,81.5067,3649.5964,145.2511,2200.8833
2794.3,3588.8,468.3029,2.865,0.062,442.0821,1.1679,46.8923,1535.396,60.115,299.3193,207.6423,23.7336,44.1314,3223.228,116.9124,236.6953
3049.3,3588.7,745.0811,12.6988,0,542.0154,177.5907,64.861,2129.8918,106.5174,668.0927,623.3282,181.2201,531.444,2586.1196,129.9189,1375.5791
2932.1,3589.3,646.4172,16.5396,0.0072,570.6007,14.9964,64.9748,3116.572,106.9748,988.3417,458.7122,174.5108,98.7986,2828.0144,131.1043,2258.6833
3040.7,3589.7,733.8322,12.6846,0.0067,611.6913,446.0269,78.4362,2019.2819,102.651,794.3826,871.3624,248.5235,503.9195,2702.9397,121.4966,1809.4967
2970.5,3589.5,641.8427,10.0991,0.0496,446.153,32.0625,61.3707,2621.4893,100.2737,1155.1422,557.6961,213.2996,466.931,2825.9937,150.9828,3777.5688
2879.3,3589.3,567.3874,6.473,0.027,482.8559,14.5541,51.7072,1611.3198,103.955,1083.5991,451.6802,198.3108,428.8964,3016.4099,137.3559,3178.9819
3034.2,3590.8,893.5276,23.369,0,463.2177,979.3099,65.5461,1986.3542,161.9447,841.8229,1149.952,174.6458,130.8893,2416.6975,136.4908,1963.5573
2811.7,3591.2,687.632,7.1395,0.1424,479.7181,4.1632,67.3531,1614.635,81.359,164.6884,211.7211,49.6439,283.1098,3214.7805,170.5638,193.3917
2951.2,3590.6,605.7113,9.7792,0.1113,419.917,17.5962,65.8151,1930.6434,100.2057,1314.9076,555.0811,206.417,317.8717,2478.6245,228.0962,3583.915
2828.6,3591.4,1091.8928,12.6825,1.6984,904.4841,6.1865,46.5476,10036.7227,154.8849,1049.0596,533.7381,91.5436,132.9365,2951.373,590.2936,2119.1509
3059.8,3590.7,1155.2729,23.0604,0.1763,1356.6836,523.285,49.6836,3234.5508,192.4372,683.8261,2247.239,176.0749,567.2029,2935.4106,326.9493,2010.5024
2924.3,3591.2,654.0351,8.0667,0.0316,921.6351,12.1544,49.0456,8914.6807,110.021,1347.3053,563.1895,107.8842,103.0737,3203.1895,127.8526,1955.0947
2860,3591.6,616.0621,8.9575,0.0359,404.1373,4.6928,60.3007,1597.3954,95.9869,1046.6111,431.1961,244.1438,101.5654,2794.3726,117.2451,2416.6013
2846.9,3591.8,543.7828,2.8333,0.0202,346.4546,2.2828,26.6869,1628.7122,78.7576,992.4343,387.5505,130.7374,35.0859,1909.8334,78.4495,2220.8484
2870.5,3592.4,539.2299,4.2258,0.0323,401.9476,2.496,39.621,1558.129,75.7742,929.1613,379.9234,192.3669,454.5121,2751.2178,100.8145,2238.0081
3024,3592.4,660.5586,7.6966,0,387.0276,39.0172,87.5552,1907.1931,99.6621,652.6138,376.3896,259.4655,1300.1827,2694.1414,128.8103,1800.9482
3005.6,3593.6,731.5982,8.1027,0.0268,536.6384,137.9777,53.1964,2362.0759,139.1786,904.1473,611.4509,276.1339,119.2009,2589.4375,123.7054,2219.3794
2888.3,3593.3,838.3449,18.9304,0.2152,461.1804,976.6614,36.307,1837.0507,138.8671,875.864,1270.7468,138.769,87.7943,2414.6235,119.674,2523.7942
3013.3,3595,906.1707,29.4146,0.122,478.7415,1407.5073,51.2537,2152.3464,180.278,799.9219,1434.2585,189.0146,88.8195,3155.3853,143.4829,2355.2439
2820.6,3595.3,813.246,12.3396,0.0294,493.3583,5.7968,64.3155,2006.6631,97.9519,194.9679,242.0722,55.2727,338.6738,3347.5588,188.8636,262.1711
2839.9,3594.4,748.4008,8.6031,0.0117,475.2335,6.4047,42.5409,2458.467,108.0973,1135.3385,465.0778,179.6265,62.677,2485.7354,113.3541,2963.0117
2898.4,3596,527.1877,7.1311,0.0488,449.0051,17.4216,54.946,2220.1157,77.7249,926.2879,403.0309,210.4165,281.4833,2691.0437,117.653,2514.6504
3048.5,3596.4,1155.9037,33.1593,0.4444,854.2111,1694.5186,63.3852,2066.9666,192.2593,594.2,2411.2593,154.1555,130.8259,2760.8704,139.263,1216.1222
2848.7,3596.9,682.3371,3.6292,0,451.9775,4.3034,54.8876,1782.6405,101.191,1374.2247,519.382,190.2697,135.5393,2615.2246,105.4494,3001.8765
2974.3,3597,648.0828,6.9299,0.172,518.7579,88.9682,22.1911,5897.6367,101.0828,359.2293,482.3503,87.8854,116.8662,2071.4905,106.8471,943.2675
3056.2,3597.2,1296.6959,30.0175,0,1544.5264,245.4152,40.9532,2712.5381,178.3158,517.7661,1795.1813,211.3743,1384.3567,3758.9473,174.0409,1267.1696
2918.3,3597.7,595.224,9.852,0,804.94,26.036,50.384,6840.3242,146.588,1729.84,665.608,155.096,92.816,3210.9041,162.86,3293.7361
2804.2,3597.1,558.1279,6.6736,0.0313,463.1566,2.8355,57.4204,1520.8904,73.5849,224.0026,205.8825,36.0731,53.2376,3214.3447,138.8747,296.7128
2929.6,3598.3,710.7215,13.6139,0,517.9082,12.9272,67.1139,3410.6235,111.6835,1276.2975,514.4051,214.1487,502.0886,3000.5254,142.7057,2932.6265
2880.6,3598.7,646.7081,10.5742,0.0144,444.933,20.5215,87.1388,1830.9426,112.7201,1270.6292,514.0263,262.7967,95.0957,3014.3948,141.6842,3849.7488
2984.7,3598.1,747.2015,9.903,0.1493,369.9254,665.5597,16.2836,2236.8582,160.5,331.5298,1373.194,72.7015,69.3358,1617.7761,79.2015,1002.0821
2854.4,3599.2,761.7812,8.6477,0.017,383.3381,4.642,49.1023,1637.0341,107.8807,1288.5966,495.0938,236.6136,69.8665,2536.2188,110.4062,2773.5681
2999.2,3599.1,1079.9445,28.0873,0.0437,526.8969,60.2817,29.869,3432.9246,155.2381,898.8373,563.3929,246.5714,90.2381,2354.5913,138.4365,1257.738
2864.1,3600,646.1899,8.757,0.0152,405.6962,5.157,63,1680.9493,98.3823,1211.6556,465.0177,266.2759,81.4987,2994.7266,120.3266,2996.5596
2833.8,3599.4,968.4367,13.048,0.0262,553.4061,6.0568,66.8297,2959.406,141.869,1480.7467,571.8384,238.7249,1058.7555,3381.5459,194.2838,4659.4585
2967.8,3601,645.5623,9.6738,0.103,386.3562,10.927,46.7468,3074.176,91.2747,646.8026,347.103,171.0429,784.764,2338.9229,155.206,1957.0858
2980.1,3600.3,845.3333,18.7167,0.2083,530.4417,531.9167,24.8,2958.3667,213.9333,377.775,1173.9584,118.025,201.4833,1911.2667,107.2583,1042.95
2842.6,3600.9,949.8716,18.6096,0.0374,759.5347,13.6043,70.5989,4547.3101,139.1497,1271.5562,538.7487,204.7059,74.4064,3460.8289,167.2513,3862.5242
2948.2,3601.1,752.423,9.765,0.0209,512.4569,26.859,68.2794,2096.5378,111.3159,1212.5039,643.1462,266.9948,706.705,2864.603,147.5614,3148.4727
3060,3602.3,892.5931,10.205,0,925.3912,56.1262,29.0757,2987.896,131.448,1002.4227,753.0473,277.3943,1884.3218,3810.7065,211.3786,3132.6909
2990.2,3601.3,857.4084,7.7676,0.1127,851.1901,287.162,31.8451,16141.8945,126.0352,568.5563,846.6057,63.2254,73.4296,2627.8733,147.7958,1660.7113
3010.6,3602.7,1208.4517,43.2581,0.106,495.1751,92.5622,59.9309,2579.5437,342.4839,860.1982,563.5345,284.1198,293.6267,3629.3271,172.1567,2295.8572
2975.7,3604.3,835.7373,9.5207,0.1106,460.1751,103.7742,23.5714,4823.9956,99.6636,344.6267,435.1889,152.2258,1043.6267,2330.7881,122.5207,945.212
2816.2,3602.8,618.4694,3.2313,0.1633,456.6259,3.0884,52.2721,1595.2449,67.1973,153.5034,188.7687,34.4354,253.483,3190.0068,143.517,203.7415
3018,3603.3,822.3298,14.3404,0,584,39.3936,40.1489,2737.5957,130.6277,895.3192,474.4893,245.2021,1175.2021,2924.8403,140.117,2396.8831
3068.1,3604,632.4117,4.3118,0,415.1765,51.1118,42.8824,3222.2175,75.8588,766.4588,437.0941,245.1353,886.6412,2470.647,586.1177,2169.1528
2886.5,3603.6,645.4878,3.561,0.0244,400.2317,14.6098,77.1585,1564.6951,103.3902,1289.3781,495.2927,214.6707,75.7073,2735.366,122.9268,3407.1829
3048.8,3604.3,1059.511,28.5198,0.0176,1991.0044,199,56.9515,2340.3965,168.4449,592.7004,2442.6431,126.9383,97.2511,3210.4141,145.3304,1609.7048
2892.2,3604.3,442.886,3.4386,0,335.5789,4.7807,36.7193,1532.0438,71.4737,1280.965,454.1053,146.8246,217.3596,2176.5964,100.5,3480.0527
2993.2,3606.1,1108.0474,23.6105,0.3105,1019.1053,64.4895,19.6,5091.7998,170.8,565.6895,639.679,100.7368,109.5684,2555.7791,262.279,649.7
3001,3606,1019.2151,20.7928,0.0797,958.6773,925.1116,29.5378,4055.8047,174.51,372.9044,1289.0677,113.2271,95.7211,2379.3625,154.0876,666.1833
2823.5,3605.4,661.019,5.462,0.0538,439.7658,2.6171,47.6329,1898.6171,63.0696,182.2975,196.0032,31.6772,62.7753,3080,151.8513,277.8418
2959.2,3606.2,567.3168,6.3978,0.009,469.6225,15.5258,52.4787,2923.3213,78.3326,708.2944,407.6337,187.5685,1046.0449,2738.8518,119.1124,2021.3798
2801.1,3606.6,587.955,3.4604,0.0899,465.8565,1.6574,62.9122,1716.4711,65.3961,198.758,205.1349,28.8158,56.0557,3238.7988,159.1777,168.8051
2839.1,3606.9,785.6503,9.6643,0,463.8252,6.965,86.8951,1908.6014,119.7483,1589.937,589.5035,302.007,88.7343,3043.105,167.7273,5317.5874
2832.3,3606.7,933.4205,13.6656,0.0364,465.5033,3.6225,60.0066,2472.8708,111.9901,699.7616,393.8377,114.4073,105.8609,3062.0662,159.6523,2271.01
2910.9,3606.5,740.0764,14.9167,0.0231,480.2685,9.0324,40.1875,1985.6412,105.0602,742.5555,391.7847,113.5903,174.2407,2645.7292,143.4537,2048.9885
3025.2,3606.6,853.7255,15.6765,0,577.1144,30.732,32.1765,2328.1177,131.402,1430.5131,661.7484,285.4379,567.647,2371.2222,112.2026,2698.8071
2847.6,3607.6,770.7608,8.3645,0.0478,451.7836,3.5239,48.3371,2012.246,95.1185,1001.3348,426.6674,122.5216,64.6036,2895.0251,127.3007,2906.2163
2811.7,3607.5,684.5494,4.108,0.1816,481.4966,1.6644,58.2368,1839.1288,71.9931,168.5195,208.6391,39.5931,83.2966,3387.7195,167.1126,195.492
2948.8,3607.8,937.0617,19.3621,0.0329,465.6296,37.0453,70.6337,2211.4731,136.8354,1199.4856,544.1317,407.4321,765.2017,3678.1277,169.6173,2859.8435
2940.2,3607.7,819.7802,10.2418,0.1154,405.1868,9.6374,36.7637,1990.6648,93.7967,996.5385,453.5494,218.9396,409.6758,2648.3955,126.7912,2423.9121
2917.3,3607.7,767.9474,9.9474,0,600.7895,6.1711,55.1053,3095.533,103.8355,1207.5,492.4408,233.3816,954.3816,3228.158,145.8487,2997.8552
2869.4,3608.3,526.9279,6.8297,0.0281,343.2245,9.9539,56.2605,1303.6774,78.014,1004.5331,406.8056,169.2184,48.9058,2308.2043,83.5631,2461.9077
2931.2,3608.8,646.7917,7.2611,0.0861,574.5111,8.8861,59.2722,3055.6638,90.8944,1013.5,444.9055,166.1806,272.1833,2809.9055,125.1861,2775.5945
2898.8,3608.5,571.5957,7.0296,0.027,477.159,6.6712,46.9353,1935.0754,96.0836,1097.4393,446.69,214.779,61.6334,3034.752,133.3693,3084.4932
2858.5,3609.2,639.5194,6.3643,0.031,484.2946,6.9509,73.1809,1835.7596,112.7442,1667.1525,600.3152,279,413.8398,2877.2041,143.6357,4773.7236
3019,3610.2,1199.2695,27.8087,4.4261,633.687,35,50.7304,2663.887,222.7043,1099.7957,600.2826,399.4174,2410.8999,3250.8174,189.4826,2864.6565
2883.9,3610.4,618.874,9.1414,0.0231,414.3393,7.5296,72.072,1601.6144,113.2596,1403.4447,532.3265,243.2314,69.8432,2995.4705,133.0463,3478.2854
3057,3610,711,16.1667,0,503.951,36.6961,30,2369.9119,120.1765,960.8137,520.8627,200.1569,113.9608,2238.0784,135.6471,3304.9902
3011.1,3610.1,1150.7566,27.2039,0.0362,437.852,37.6743,44.7368,2359.217,200.3125,714.2237,437.3059,396.2763,1514.2335,2870.7007,164.2697,1919.1415
3062.9,3610.8,918.3627,15.201,0,580.152,31.2451,33.7598,2756.8333,133.5196,1069.4509,527.397,306.3481,1724.054,3119.647,177.5196,3278.554
2989,3610.8,586.5417,1.3611,11.4028,331.9028,3.9028,4.7222,3207.4583,13.5,188.5833,212.3333,9.1111,59.0278,1503.2916,7217.1113,334.7361
2923,3611.2,622.2097,7.4194,0.0242,458.379,16.8589,68.9153,2067.9153,89.7984,1075.4314,472.0403,268.3468,999.4556,3101.1694,147.7944,3123.9153
2878.1,3611.2,440.8312,2.8442,0.026,305.6104,3.2208,40.8701,1456.9091,74.3117,1125.3636,408.0649,162.7922,197.1429,2393.5454,87.3896,2859.1169
3038,3612.5,594.4426,12.2459,0,431.0328,86.4754,142.9344,1627.9508,124.2459,1434.459,609.7541,234.6066,896.3771,2842.7048,138.2131,3481.0984
2947.2,3614.4,954.8453,22.1403,0.0108,458.3309,16.7734,50.6799,2054.3201,136.5252,1252.3993,552.1115,316.554,285.9352,3006.1907,153.0971,3109.8921
3048.2,3613.7,690.3096,6.9893,0.0356,742.8363,129.1103,88.8114,2347.4199,117.7936,1152.9751,751.6904,208.2349,340.6192,2966.9075,175.331,3583.0747
3005.5,3614.3,824.4126,9.2762,0.1364,450.5035,244.3427,26.4196,2738.7832,159.9091,501.542,531.0175,102.521,98.1573,2446.3811,141.2063,1315.0385
2812.7,3615,545.7822,4.1287,0.3366,491.2871,3.0396,74.505,1767.0099,65.0594,161.0792,209.6238,44.1386,132.4852,3339.8811,220.396,188.5247
2824.9,3614.6,752.7636,6.7283,0.1141,446.8125,3.1793,44.856,2041.5217,76.1549,172.6467,209.4484,49.4348,549.3478,3151.3533,163.462,293.8859
2846.5,3615.6,546.112,5.72,0.032,711.8,7.084,64.736,3087.1641,109.108,1612.38,555.664,173.12,54.336,2983.0879,140.588,4180.9082
2937.9,3617,876.9905,15.8973,0.1027,453.846,32.8916,61.3365,2052.1294,122.8688,1181.1007,529.213,268.6008,533.5133,3123.6426,156.2681,3275.5818
2835.7,3615.8,766.7168,8.7098,0.014,431.9895,3.8217,43.8287,2107.2307,95.2937,889.7727,417.014,107.0559,50.7483,2533.7029,146.2832,2764.1609
2877,3616.5,446.5578,2.4218,0.1088,353.1156,4.5442,58.0204,1526.7823,72.1156,1130.83,421.7211,200.2721,285.6327,2545.7754,109.7755,2982.8164
2901,3616.5,528.1989,4.9677,0.0538,356.2043,4.2957,48.3925,1583.5699,77.2527,792.0269,352.3548,122.1075,67.7581,2364.9194,117.3226,2391.2043
2907.2,3615.8,500.8146,3.1742,0.1742,421.3932,2.9831,28.4101,1668.3595,57.9157,721.5618,328.0843,84.1292,46.3427,2075.4888,87.4326,2208.9045
2891.2,3616.2,413.978,2.1044,0.1703,336.2582,5.1978,65.1154,1284.7472,75.5495,1124.1208,426.7308,180.2198,262.7363,2238.2363,119.8736,3080.4614
3033.9,3616.1,807.2336,13.8598,0.0187,431.9626,232.0467,75.1589,1867.8599,139.6542,1418.9065,705.8691,241.6355,1210.7009,2771.0374,148.5794,3677.1309
2993.9,3616.5,922.0575,17.1264,0.6628,635.9234,1086.5287,18.0575,5436.9385,109.1303,238.8467,1209.1763,76.9234,80.5134,2097.6284,2840.9885,403.9962
2917.7,3617,586.502,10.9412,0.102,486.6745,41.9804,31.0588,1712.4745,95.302,646.1804,433.7098,77.0667,79.0471,2307.7568,99.3098,1735.0941
3064.4,3617.2,761.2358,6,0,684.0755,58.4434,35.9434,3367.6509,99.6792,884.8679,682.1981,197.566,98.5283,2919.2925,125.8302,2017.5566
2858.8,3617.9,631.5476,10.3482,0.0595,496.25,7.0655,67.122,1864.7649,118.6994,1447.9286,553.1488,222.6488,77.6131,2913.5894,148.4226,4131.5952
3014.6,3617.8,803.7667,12.5619,1.2667,419.519,29.6952,86.0619,2258.1477,190.819,975.5333,457.2095,301.9762,1212.3334,3093.3572,171.4191,2633.8
2983.7,3618.6,541.0769,345.0513,818.2436,378.4231,7.641,27.9487,2820.1025,51.4231,185.9359,218.2949,37.8333,61.1026,2222.5769,275.7436,306.5
3039.5,3619,1134.7463,33.4829,0,531.2732,1892.8439,86.5366,2087.283,227.1854,1310.8292,1763.1171,224.961,299.278,2628.1172,151.8634,3734.4341
2869.4,3619.4,527.1045,3.1493,0,375.0672,9.6269,83.4515,1437.7948,88.8433,1338.9142,493.7537,166.0298,857.2873,2418.2163,113.6978,4185.3618
3056.1,3619.1,883.1607,9.7857,0,1099.5952,49.625,59.6369,2964.9495,122.375,1105.5387,1411.8245,241.8482,683.0536,2953.0803,158.2768,3212.6755
2906.9,3622.1,468.6125,3.3625,0,528.275,4.1875,48.4375,1873.3375,87.825,923.025,375.3875,181.8,294.1375,2443.1875,90.875,2543.8125
2846.1,3622.2,473.0635,3.9735,0,460.1799,6.5397,77.254,1751.619,102.3545,1892.9894,634.3651,239.3333,55.1323,2917.7883,145.1746,4939.6982
2810,3622.2,592.3349,4.3986,0.1675,465.4505,2.8208,55.8868,1713.0825,62.9033,156.1863,190.4174,33.809,54.5991,3149.0754,177.5141,167.8703
2822.1,3622.3,714.4245,7.2367,0.049,730.5735,3.9898,64.6755,2938.6653,84.3857,222.1898,230.1551,48.8449,378.9551,3717.3591,712.8918,254.1837
3034.6,3623.5,1210.7368,41.1722,0.0574,671.11,1661.6842,51.1148,2471.4211,196.8804,862.2727,2280.5886,201.4211,151.6746,3239.5981,173.2536,2309.9617
2932.8,3623.1,514.3194,4.7906,0,477.9476,22.5131,90.5602,1850.8534,106.0524,1749.1361,626.2252,150.1832,279.5655,3004.8325,155.555,4580.9424
3005.1,3622.8,795.588,11.56,0.272,770.424,125.956,22.496,7569.772,144.516,1237.364,572.5,80.02,96.276,2183.208,375.812,678.268
3070.6,3623.2,1260.0311,21.5422,0.0756,860.3644,310.0933,32.6533,4367.7778,164.2089,593.0178,815.4667,117.3467,148.5778,3228.6445,150.8489,1186.5333
2802.5,3623.4,555.8348,2.6055,0.3272,485.6238,2.2722,62.0612,1772.1896,67.0642,187.9725,201.315,28.0642,54.2813,3292.9114,156.2049,161.63
3019.4,3624.1,851.7778,20.1742,5.5435,430.4384,27.997,46.5946,2329.5945,245.3093,522.8198,373.6276,232.048,125.7988,2410.9009,148.952,1354.8108
2838.6,3623.5,819.5714,12.0143,0.0095,501.3762,8.1476,43.3524,2322.8762,123.1286,1280.719,504.1476,170.0857,63.0095,2454,137.2476,3476.1191
2902.5,3624.1,432.2064,3.3968,0,481.9683,4.9365,82.2381,1941.2699,80.2698,1247.1587,459.4762,247.7937,132.5714,2695.9365,98.0794,3582.4761
2890.4,3623.7,561.969,4.6202,0.031,340.093,5.4341,62.7287,1383.876,75.0155,1090.2404,427.7752,342.814,1058.1473,2415.4961,108.9612,3380.5271
2855.2,3624.7,558.6445,3.7656,0.0781,352.0469,5.332,32.918,2055.8438,76.5391,825.3281,360.5273,157.1484,108.5078,2222.6562,100.2656,2188.0156
3046.9,3625.3,1180.9028,26.2813,0.0102,752.509,760.4476,38.8517,2482.9719,230.133,832.5831,1431.1177,247.133,1599.7161,3150.1074,178.1611,2562.9155
3062.1,3626.4,1046.4308,34.0818,0.0755,1498.6163,159.566,45.7799,4727.7578,173.5472,1233.8019,1811.7861,166.9811,150.6132,3671.0913,494.2044,2196.1448
3055.2,3626.5,820.8738,10.8058,0.0194,855.369,50.9903,46.0971,3489.5923,128.5146,986.9126,785.6893,229.0388,1172.8641,3072.1553,163.7184,2520.9417
2841.5,3628.4,649.4681,3.0106,0.2021,692.3723,4.883,61.9043,8400.1064,75.6702,1086.1489,460.5745,85.266,55.6489,2869.8723,121.4043,3019.5532
2990.2,3628,615.8704,3.2407,0.8796,409.463,8.6481,6.9167,3084.2964,54.1296,185.5926,233.4537,41.1759,60.6481,1519.5555,200.6389,340.6018
2885.6,3627.7,665.2087,5.3693,0.0092,404.1078,9.0206,84.672,1505.8601,84.9564,1247.1628,479.0183,193.5757,849.7271,2719.1284,109.156,3617.8235
2920.9,3627.5,593.5312,4,0.0063,390.4312,13.4,33.775,1961.6312,92.15,860.8438,406.325,171.325,1654.6,2731.5874,129.4625,2699.425
2865.9,3628.5,392.9286,3.0179,0.1429,512.3839,18.1964,86.9286,1800.0803,81.5179,1655.8036,590.9375,295.1071,78.5,2863.3035,142.1607,6065.9019
2877.5,3629.1,556.1531,6.7789,0.0204,438.2857,7.381,111.5544,1564.8401,92.2551,1541.7653,554.8843,206.7755,74.6327,2857.7449,121.9592,3639.9729
3069.1,3629.4,810.6875,9.1719,0.0859,596.8906,216.2109,33.7422,3822.1016,107.4062,976.4219,635.7344,134.5391,611.3359,2758.8359,199.9922,1609.0938
2827,3629.9,865.2031,9.151,0.026,1524.7865,3.6927,54.8698,3967.4792,105.2865,299.9219,278.6094,59.1354,295.651,3513.7239,1196.2604,350.776
3028.1,3629.1,767.2956,18.8942,0,387.6752,40.6533,30.7883,2056.938,121.719,775.646,417.4416,273.7044,1568.3577,2594.9563,140.4088,2384.741
3041.4,3629,824.4071,15.7788,0.0088,403.3805,107.4248,20.0531,2004.5752,125.1947,464.7699,440.9469,219.0177,1337.7257,2505.053,119.531,1292.8761
2818.3,3630.6,629.6725,8.7536,0.1188,579.3478,4.3362,69.3681,1903.9652,85.1507,177.5507,208.7217,39.7797,224.3739,3304.9653,249.1362,232.2638
2855.8,3631.3,724.6226,10.3774,0.0113,950.1057,55.9358,64.7057,8385.7129,148.283,1489.9774,616.6566,169.9962,93.5811,3401.1963,132.9924,3616.3735
3006.6,3631,892.8495,22.6057,0.6416,726.4516,1570.4086,47.2115,3687.6953,194.7061,806.2186,1523.1075,148.2007,282.6774,2697.3835,150.6308,1613.3871
2897.1,3631.3,495.3052,9.8112,0,468.7028,13.6787,114.4177,1595.2289,109.0723,1466.4337,554.3775,209.4538,584.5582,2942.4739,126.988,3696.1807
2870.4,3632.6,437.3684,4.2632,0,408.4079,8.5132,49.6711,1839.0132,77.6711,1059.5526,427.7237,123.7763,224.3816,2458.3289,123.7763,3575.092
2918.7,3633.7,1012.2101,22.0785,0.0076,851.4506,14.0835,52.3823,3203.4153,145.3241,1007.562,588.238,262.3924,1597.0431,3564.9543,155.6506,2334.5242
2911.5,3633.8,596.5503,4.7456,0,520.6864,5.3609,33.4142,2517.0237,101.8462,823.1598,361.6331,198.2249,1675.1006,3150.4319,139.7041,2822.2603
2805.2,3634.7,541.4781,3.9143,0.0139,466.241,2.0299,56.0817,1901.4303,61.5179,201.8486,198.4841,29.4781,51.7351,3273.0857,154.8645,166.6175
3052.3,3635.1,847.5049,13.6403,0.0132,536.0231,129.5941,64.7261,2031.8878,122.1254,877.3597,711.7855,211.9406,980.2442,2642.3499,123.7888,2416.0396
2846.3,3635.6,455.8734,3.5064,0.0495,630.7542,10.4055,135.756,2739.0496,83.9651,1248.7596,467.7321,128.7028,37.5835,2657.7578,139.9009,4138.5176
3037,3636,901.1887,21.6227,0.119,569.3865,646.8571,33.7033,2540.751,137.1319,697.7546,897.1575,161.7564,379.6575,2651.1118,136.7912,1742.2656
2865.5,3635.4,699.353,5.683,0.0621,660.4052,80.6569,59.3987,5717.6538,119.3824,1507.415,602.2974,166.085,770.4706,3298.657,151.5654,4746.5161
2938.9,3634.7,644.7756,5.2074,0.0597,463.75,12.1392,48.8438,2117.9944,86.4403,1317.5057,515.7443,224.0625,211.4176,2898.5796,122.9034,2666.4319
2999.8,3636.3,700.3468,3.7514,0.1561,519.9595,66.5376,47.1965,3950.7803,58.4335,799.1156,549.9364,127.6012,572.3699,2130.5029,90.9017,2313.1213
2923.9,3638.4,738.4417,9.1411,0.0368,791.1043,10.0613,70.7239,2111.7117,126.135,1229.3865,1006.1963,304.1963,1202.3926,3276.2454,208.2025,3322.3804
2828.5,3637.6,723.1326,5.9135,0.0749,546.5908,4.0865,62.9135,2297.9971,84.7637,192.3775,223.9971,50.1758,338.6254,3521.7407,212.5706,303.8588
3064.7,3637.5,899.318,16.4636,0.2682,416.3218,601.8582,41.2567,2321.0728,120.1571,627.9157,1062.0881,229.8276,154.3448,2311.0115,119.4215,1595.5939
2821,3638.5,757.2722,11.0056,0.1833,591.7722,4.0167,81.8889,2536.75,98.4333,188.4111,241.05,58.1167,197.9333,3424.4277,233.7833,238.7389
2888.2,3638.1,548.6425,5.1704,0.0112,407.2039,6.6704,82.1844,1641.1871,74.8799,1430.6815,523.5726,169.8212,93.6145,2737.7178,108.5168,3459.9775
2929.5,3638.4,515.6334,3.05,0,524.9667,5.4667,50.0167,1932.2833,96.2167,1199.5834,474.7833,115.45,164.0333,2250.8833,299.7,3107.05
2903,3638,565.7166,5.1181,0.0709,585.567,6.1024,38.1811,2316.8503,98.8976,920.6299,393.7165,141.685,71.811,2546.6377,115.3701,2479.4409
3026,3639.8,774.1149,13.322,0.0405,447.3657,33.6003,52.0178,2805.4028,102.6958,694.4369,388.6424,248.4757,1495.2362,2827.0291,166.6019,1932.4596
2861.1,3640.4,753.6786,12.9598,0.0982,646.3125,59.1295,114.6696,3379.509,149.7188,1962.5759,718.7143,242.3973,112.1384,3209.8169,163.5804,6265.8794
2813.6,3640.9,679.4329,5.9744,0.1173,554.8188,3.3092,63.3241,2178.5374,78.2388,193.5181,222.4904,41.5608,79.0128,3197.7036,217.7122,221.2836
3005,3641.5,624.4886,18.2177,0.0253,466.2886,28.5519,72.5013,2583.2456,88.2127,793.8734,430.5899,287.1038,1370.4583,3094.7393,128.4329,2149.114
3059.7,3641.4,1201.248,33.6744,0.2248,592.7597,1535.9264,58.9845,2515.8528,197.2132,693.7403,2117.1899,182.0349,136.9845,2857.4302,156.3992,1951.8256
2937.5,3643,730.2161,8.7696,0.0071,540.5416,10.3159,60.3207,2141.0593,109.5249,1140.2708,481.209,145.4584,104.038,2942.8955,170.0736,2762.5415
2837.8,3643,404.2062,0.567,0.1443,343.1237,0.2887,5.6495,2123.5669,11.701,349.433,189.8144,18.6598,17.9381,791.4536,135.8041,1164.4124
2854.2,3643.4,547.5522,7.3831,0.0945,680.9304,13.3881,172.2687,3340.3035,117.7114,1833.1741,665.1791,179.9901,68.602,3170.2139,166.199,6990.9355
2917.4,3644.8,589.8491,8.5901,0.0631,577.8558,8.3468,34.2635,1665.0541,98.9122,951.9144,470.1734,214.4887,80.4932,2386.9167,105.7477,2556.7026
2869.7,3644.8,516.4988,4.0574,0.015,408.4389,3.5162,45.6758,1694.8055,71.394,964.0698,375.7232,127.0823,46.2818,1908.3716,86.5511,2295.9326
2881,3645.1,674.4398,10.6058,0.1411,539.9668,16.0083,102.9378,1833.6266,129.3112,1421.4523,566.3195,265.5602,65.6017,3214.6597,151.527,3650.7593
2901.2,3645.2,747.0099,6.4652,0.0199,512.2883,7.3101,77.6382,2047.1212,112.4394,1326.0815,534.8827,241.7296,100.2028,3226.4036,132.7137,3351.4016
3043.5,3645.5,703.3821,11.2642,0,435.7028,1453.2217,55.1981,1926.4623,122.5142,1102.0566,1499.1981,206.3679,418.4906,2665.3208,158.3208,3940.4529
2831,3645.6,672.1193,5.1619,0.0426,531.8324,4.554,46.6989,3024.926,75.7614,293.196,235.7926,38.267,70.3807,3329.8977,224.446,424.2528
2993.9,3645.4,690.1422,12.2843,0.1225,866.0539,35.4853,21.0147,3808.5686,95.3676,501.3922,771.0833,84.7059,523.0441,2047.7892,105.2108,1217.6715
3052.4,3646.3,996.7717,21.4891,0.8424,753.3207,2634.8479,43.6359,2509.3315,163.3533,1295.3805,2101.5979,192.8044,109.8913,3183.9565,166.75,4264.897
3066,3646.9,1362.84,43.49,0.13,685.85,2240.72,41.5,5642.2998,267.13,705.365,2675.0049,214.75,113.395,2742.5601,278.34,1803.59
2930.2,3646.9,555.8048,5.9332,0.0401,488.3235,9.6952,55.9305,1908.2994,82.7995,997.0294,443.7914,234.484,91.5374,2771.8611,145.9251,2456.8503
2861.5,3647.6,624.3905,8.716,0,455.6509,10.0237,79.4556,1908.0592,109.7633,1436.9823,552.9941,216.5917,190.6805,2550.864,136.3787,4654.2544
2947.6,3647.1,753.6724,8.5085,0.0648,541.8259,9.2696,67.0239,2321.5903,113.7065,1397.5017,569.1365,270.6246,717.7133,3230.9829,159.2048,4267.9692
3058.2,3648,832.5926,16.4741,0.4148,677.5407,2233.5925,39.0519,2911.3186,124.563,653.0815,1747.8074,126.2667,83.2,2819.5112,145.963,1879.7778
2846.5,3648.8,600.4396,0.9614,0,433.8261,5.9082,65.0483,2465.2656,77.1256,1205.7343,462.5555,221.1498,43,2574.0483,133.1159,3784.2222
2960.3,3649.3,804.3816,10.4836,0.0658,604.3816,14.5691,45.8224,2735.4705,116.227,1000.3882,522.0855,243.9572,1178.2828,2859.0625,136.6612,3211.7104
2818.8,3650.4,670.5375,6.973,0.1381,679.2162,4.3724,57.2132,3788.8408,82.2733,362.5135,263.3934,57.5495,962.7448,3399.5195,404.976,368.3513
3015.6,3650.5,549.5312,2.1813,0.0312,454.875,22.4438,23.5,2215.9751,71.3938,644.0438,392.6562,182.0938,78.2375,2586.8501,95.7875,2446.375
2825.2,3651.1,611.6595,3.2979,0,1277.5319,3.4255,29.5745,10128.5107,70.4255,685.4255,350.2128,24.1915,180,3102.9363,738.9149,591.6383
2975.2,3650.9,941.7182,17.1364,0,484.0545,15.4,55.7455,2536.7273,147.0455,1364.5818,604.3636,380.2273,637.4,2911.6365,146.1091,2909.3545
3040,3651.8,944.2538,16.3858,0,446.5888,625.665,41.8173,2123.0762,128.5178,966.868,1413.7462,201.8274,295.9543,3650.0103,140.0914,3520.0356
2888.1,3651.8,599.2104,5.0286,0.026,497.6286,12.613,102.2649,2611.9194,92.0909,1473.5636,573.6805,230.7974,84.3455,2671.5662,119,3889.2935
2807.5,3652.1,501.1275,4.0298,0.0381,451.298,2.9768,57.606,1547.1771,62.3891,180.0944,187.1556,32.9735,49.8825,3274.9851,120.5911,169.6672
2910.6,3650.8,757.2567,3.115,0.0044,443.5,5.9115,36.1372,1876.4558,87.4513,1265.0133,493.3584,259.1814,204.2301,2829.8186,118.469,3277.8894
3049.4,3652.5,860.2217,17.1527,0.4236,483.3941,1184.7142,44.266,2216.5911,177.1478,1012.5271,1124.8129,225.0837,161.3153,2874.6206,137.6552,2884.8176
2875.7,3653,462.7913,3.9783,0.0949,395.729,4.0976,142.3198,1688.8483,68.1789,1071.317,421.8049,206.832,59.2304,2623.3198,120.7453,3018.1191
2898.6,3653.5,622.9477,8.1723,0.0185,582.9631,14.0062,66.8185,3124.4031,104.5415,1505.6277,576.0246,238.3262,80.2215,2929.7446,115.44,3418.4922
2950.5,3653.2,857.9,9.7909,0.0091,496.4364,10.0455,75.0909,1903.8091,120.8818,1692.5636,622.2,266.9818,698.4363,3187.2183,151.3727,5208.082
2840.9,3653.2,658.2759,0.6231,0.0861,468.9644,1.3769,52.6855,5235.8545,25.7685,868.7448,352.3264,87.8783,43.638,2648.1245,88.359,2869.9734
2832.8,3653.4,736.9128,3.4817,0.0229,516.5688,1.9083,41.1972,2430.3806,73.3073,289.5734,241.2569,49.1789,63.2661,3213.6238,236.9771,615.2798
3061.8,3653.5,1222.9503,34.9227,0.1215,685.2486,1662.5912,58.1105,5282.188,177.3094,931.8287,1858.9282,213.7403,167.8453,3170.3867,241.3867,2591.1216
2853.2,3653.9,710.2881,4.9204,0.0234,783.7003,14.2342,88.4778,6777,90.2131,1238.363,508.6417,98.4496,50.822,3236.8711,128.2365,3212.5667
2943.6,3654.1,683.2518,7.2926,0.063,415.2889,10.5815,47.5222,2495.248,85.5926,966.0444,438.4333,234.7741,442.2296,2531.563,109.0037,2597.363
2987.8,3653.4,1054.1398,24.4265,0.4695,684.3727,1727.1039,48.6093,2372.6128,155.5305,956.5448,1545.9319,168.5735,96.0645,2648.5842,148.5161,2563.0896
2862.9,3653.7,595.0428,5.0642,0.0214,563.2192,6.1176,86.6203,1888.0267,87.0695,1620.7754,620.8556,264.615,89.3743,2625.1177,188.9198,4938.2407
3069.3,3654.3,1059.8256,16.0039,0.2132,549.0775,254.3101,19.5543,4120.4688,125.938,963.4263,806.5117,132.0078,273.6318,1937.655,2539.0659,1486.3101
3020.6,3654.6,576.6923,3.3974,0,402.891,12.9359,46.0321,2161.8398,64.1859,820.4808,409.7051,212.6346,634.4744,2820.3655,124.5064,2294.1025
2980.4,3654.3,643.1929,7.7143,0.1786,342.1071,58.3429,46.4,1791.4714,86.1643,1127.8572,477.0571,176.1143,110.3,2284.1287,115.6357,2797.6785
3000.5,3655.4,526.9499,4.8568,0.0072,957.9022,33.8401,53.7088,8023.7759,89.4368,1722.938,653.8377,92.2912,95.6062,3104.95,110.6325,2432.1265
2917.9,3654.4,670.9804,2.9935,0,506.268,4.366,53.0458,2398.1895,101.1242,1597.6471,570.9085,184.7386,282.451,2432.3137,111.4118,4435.9673
2970.4,3655.5,715.2524,9.3301,0.0356,420.6958,12.5566,66.9223,1943.1165,104.6861,1248.6052,520.0712,271.4207,1293.8123,3055.3755,140.5178,3129.9451
2826,3655.9,1096.5951,10.135,0.0675,744.8651,2.4724,31.6687,4008.8098,103.8896,471.7362,355.9203,48.5031,162.2147,3107.8467,4107.4297,577.0307
2923,3656.3,469.3828,1.7891,0.1562,581.9219,7.9688,46.2188,3082.0938,65.1953,1117.4531,424.4062,92.6875,57.0547,2388.5391,89.5938,3070.3984
3011,3656.5,628.0732,5.7805,0.0488,395.1045,18.0697,46.2056,1904.2997,80.6481,779.9059,383.7073,175.6481,1090.9965,2611.5227,109.5505,2253.4355
2937.1,3656.4,569.1468,2.844,0.0183,686.5872,6.6514,47.7798,6095.3486,71.9358,1429.1146,550.0505,79.867,201.3624,2863.835,93.2569,2877.2478
2959.3,3657.2,756.5768,8.8819,0.0197,413.7579,10.7165,56.9035,1981.3248,92.128,1122.8268,469.5709,257.6161,1246.0748,2819.561,123.9272,3471.1929
2906.6,3658.3,979.8877,15.3205,0,574.3507,19.6603,77.2411,2164.052,147.5863,1627.8466,652.9507,423.7206,1048.7699,4032.4602,181.7479,4183.4248
2928.9,3657.6,514.7922,4.6364,0.1234,614.7792,6.6234,59.026,2416.6753,91.8117,1416.9091,525.9091,241.8182,208.8961,2888.1948,155.7662,3654.8506
2835.8,3658.1,564.9882,1.7294,0.1294,502.6706,0.8353,42.5176,2059.6001,43.4118,650.3176,296.6706,97.6471,45.6118,2592.553,118.6235,2284.4824
3055.4,3658.7,742.9578,13.5995,1.9087,450.6393,791.2202,42.1288,2271.0071,156.6042,887.2717,1011.0843,172.8618,409.2693,2623.5269,125.5738,2691.7261
3027.5,3658,712.4468,9.256,0.0628,820.3792,24.4541,28.843,4028.3044,84.2464,825.3647,487.0217,91.8382,319.3527,2508.1255,110.2464,1954.3043
2884.4,3658.3,717.8473,6.4691,0.0182,460.9782,16.7855,87.3236,2018.9781,110.2145,1390.0582,563.9164,284.9927,130.2254,2904.2727,135.4727,3819.9382
2975.9,3659.9,608.6174,8.5561,0.0153,354.9286,19.8929,68.8061,1825.9897,83.4082,1223.8113,497.4541,265.1633,388.5459,2605.6531,117.0969,2943.0969
2990.9,3659.8,707.3971,9.4638,0.2493,456.5768,217.2522,48.6435,2194.5769,102.3188,958.6493,646.9768,177.5275,236.7623,2548.5479,120.4783,2712.261
3035,3659.5,986.5417,25.7212,0,1177.8494,79.9519,54.5994,2597.8044,132.5769,1061.3269,1631.8846,192.5096,484.1314,3460.2468,141.0128,2742.5864
2914.9,3660.5,656.2327,5.1855,0,500.5891,8.0873,79.7164,1984.3091,120.4145,1809.6982,658.0728,207.0655,670.6436,3045.6655,150.0655,5413.4326
2860.5,3659.7,775.6407,9.3398,0,489.1602,5.699,92.7621,2004.4612,124.2767,1770.5923,686.2816,244.733,186.9951,2998.0825,478.0194,4116.1167
2949.9,3660.3,582.2717,4.8976,0.0669,431.8819,10.4173,92.5945,1879.7441,94.0748,1707.7992,596.248,204.2638,1324.5039,2859.2048,139.3976,5327.4409
2870.6,3660.1,769.7438,5.4128,0.1032,352.1815,4.6263,54.6762,1777.9181,89.1637,972.2028,428.2883,117.9359,82.6797,2178.5979,2084.1638,2433.4199
2841,3661.5,616.6429,1.3571,0.0397,569.4365,4.4286,56.0317,7103.897,59.0556,1034.5238,402.6667,104.9048,575.5555,2449.7698,156.8889,3829.7222
2824.4,3662.1,830.1987,8.9199,0.0096,515.9711,2.7949,54.2308,2228.6089,84.7981,248.2853,257.5385,50.8974,88.734,3199.8269,1158.8206,333.343
2982.1,3662.5,715.9393,10.271,0.2383,392.1028,589.6168,49.9533,2168.3179,89.5327,800.785,1148.5046,141.5421,85.7991,2912.458,133.4813,2108.9111
2846.8,3662.9,819.1348,15.3333,0.0112,1080.3033,12.2734,100.1086,12233.2061,110.397,1545.9326,612.5843,102.1199,81.7116,3404.3445,144.6779,3685.9551
2880.5,3663.8,493.95,2.8688,0,309.525,3.1813,40.1813,1552.5125,54.525,1001.3625,372.1125,189.4375,481.7375,2049.4563,82.725,2712.7749
2937,3664.6,599.1812,7.1012,0.0329,479.9576,13.7435,59.9765,2989.1011,90.0988,1215.3882,486.0565,188.8471,735.0377,2721.6636,143.6353,3100.167
2834,3664.4,717.4401,2.3563,0.0269,488.6138,1.3892,46.2126,2830.6467,55.6018,329.0958,243.1078,40.479,109.8443,3221.1287,156.5898,814.0359
3010.5,3664.1,642.4579,3.215,0.0421,744.7056,8.229,41.7056,2941.1448,65.514,1185.3271,486.8832,150.8271,528.7103,2686.0188,98.9019,2743.4207
2816.9,3664.6,563.5932,3.4011,0.1525,450.5989,1.322,44.178,1806.9379,53.0339,164.1412,190.3757,29.4463,49.0537,2951.4067,662.6328,214.7684
3046.5,3664.4,983.8779,20.0132,0.0957,634.7162,2132.4355,40.3696,2284.0825,163.604,1159.2013,1869.5413,271.2475,92.5413,2813.8582,136.7921,3357.2344
3021.1,3665.2,715.4379,7.0486,0.0216,505.3513,19.7081,57.7514,2441.5134,89.2811,1175.8702,506.8919,222.0703,1681.8162,2919.2595,129.6865,3248.0811
2865.1,3665.6,654.9242,5.0664,0.0237,404.8625,3.9052,59.8957,1841.2037,91.0711,1229.2369,495.5024,212.4455,71.1991,2823.8672,609.4834,2866.3745
2968.8,3665.9,684.1905,6.2551,0,386.9762,9.7551,81.7449,1787.8911,80.966,1224.4421,502.4456,286.8946,1335.6565,2969.7959,131.3299,3501.1836
3061.2,3666.2,1026.2267,17.823,0.0248,1051.2858,105.0031,45.6522,2550.9907,135.1398,777.2391,1236.295,186.0963,387.4565,2648.8975,141.3354,2132.0715
2856.7,3667.1,604.6197,6.0986,0.0704,438.6761,8.1514,115.1338,1784.3204,99.7923,1729.9296,633.243,235.5986,56.6937,2865.5564,129.2923,3975.8486
3040.5,3667,860.2174,13.9662,0.0435,581.686,416.5942,86.8502,2164.1836,153.372,1381.3527,980.2609,321.9662,114.1208,3090.739,150.1787,3993.5266
2899,3666.4,659.9429,6.9529,0,480.2283,180.6203,65.4119,2159.1167,113.129,1359.7717,670.8412,233.5012,154.737,3340.8164,144.9479,3801.2134
2889,3667.1,884.8513,16.4938,0.0289,574.7748,338.3203,72.9669,4480.312,140.6302,1546.0826,1006.6136,253.0868,743.1467,3806.969,271.126,4235.7729
3067.9,3667.3,777.3108,3.6351,0,889.8243,45.4865,31.8243,6741.0405,63.8784,1009.3378,675.3649,121.6622,452.2433,2814.5811,113.4189,2776.1758
3014.8,3668.5,834.0199,7.2338,0,833.7264,18.1045,48.2985,5455.5176,103.0249,1292.9453,558.7413,237.0497,995.995,2885.4429,131.5174,2843.1543
2877.9,3669.9,508.9438,4.9197,0.1245,324.8675,6.6586,39.0402,1599.7189,64.3574,900.3494,383.0161,208.9839,103.5703,2349.3213,80.004,1908.1526
2871.2,3669.7,913.3577,17.5488,0,446.5284,9.5203,67.2764,1893.6342,126.2154,1291.2155,523.2764,171.939,81.0488,2666.9634,182.8984,3403.813
2906.1,3670.6,566.6331,4.4083,0.0872,596.9495,9.0092,85.2385,2065.2708,86.9725,1222.3165,497.5229,327.0688,219.5642,3923.8899,164.0963,3430.8716
2931.5,3670.2,652.5072,6.1931,0.0231,629.438,12.585,36.7233,4159.1558,82.2248,860.4208,401.3487,229.853,105.9971,2539.3342,101.4063,2400.4553
2960.7,3670.1,876.8188,14.1264,0.0208,484.9622,15.9679,69.0811,1979.1698,112.1849,1175.6906,507.1057,240.3075,1113.2755,3250.4963,149.5453,3120.7415
2848.4,3671.2,574.5049,4.0495,0.0033,496.528,8.1485,104.0759,2147.1123,86.8317,1699.0529,615.9967,181.9142,76.5116,2553.8252,130.0924,4804.1255
2919.5,3671.1,704.5261,11.3985,0.0426,532.5126,9.7776,68.2921,2318.4641,114.1064,1489.0947,569.1586,270.4584,114.5087,3395.178,142.2282,3714.5686
3063.4,3671.9,913.5588,10.0098,0,1352.2157,181.6765,14.1961,4475.1665,119.7941,647.049,1253.1666,192.951,1821.7059,2949.9607,143.6961,1840.3431
3007.1,3672,739.2879,7.0404,0.0303,718.1313,9.9747,38.7778,2870.793,89.6313,881.4899,432.5656,112.2879,192.7778,2802.9343,123.1869,2242.8435
2834.4,3672,648.8928,2.3772,0.0311,449.6817,5.9896,42.4567,2029.9446,55.3495,228.7993,206.9446,36.9585,593.2249,3165.0554,155.4325,450.6436
3031.7,3673.4,675.0529,10.2698,0.0106,386.3757,35.254,64.3386,1874.2751,100.8201,1206.3121,503.2963,195.6931,1175.3756,2675.7671,121.1534,3256.3757
3053.2,3673.1,1532.6591,44.0361,0.1016,1313.4755,1451.8951,48.0689,2756.0591,206.4951,1011.0557,2391.9214,278.6557,322.059,3763.8821,169.8492,2765.5344
2825.6,3673.5,697.8046,4.9747,0.108,475.2276,107.9287,51.646,1891.2253,71.5402,174.9793,281.6,39.0506,238.7908,3138.6345,153.6483,280.0299
3018.8,3673.9,804.9965,11.7801,0,750.1808,28.3688,40.4894,4397.3584,114.9397,1317.2554,582.8298,220.2624,241.4965,2842.4326,140.2553,3511.0674
2952.8,3673.8,696.1055,6.7487,0.0729,425.5377,10.1005,58.1859,2026.4698,89.2688,1142.0452,475.5553,239.6709,616.8517,2762.0327,127.6131,3057.9221
3043.7,3674.3,1292.1052,32.9443,0.065,523.0155,307.6533,36.5913,2411.7368,343.7399,951.1331,2004.9877,255.5232,147.6873,2836.7554,153.0186,2780.356
2814.2,3674.9,460.4323,1.3927,0.1089,437.9868,2.0429,52.297,1852.505,53.4191,155.4092,169.9472,21.9967,41.9604,3091.6436,219.3432,173.0363
2943.2,3675.1,721.1758,11.1385,0.022,423.3714,8.7956,73.6549,1821.3846,94.7033,1660.6791,614.4637,255.3363,364.378,2851.0154,135.0615,5120.5825
2866.2,3675.4,793.4633,11.13,0,482.04,8.7367,60.5833,1923.58,103.8533,951.8066,435.7067,221.1433,1026.7167,3085.1699,146.45,2585.1899
2990.4,3675.3,610.4797,5.1518,0.0678,529.3361,13.7995,56.103,2406.6802,80.2385,1255.2277,527.187,163.5339,73.5718,2333.813,103.9377,3203.1436
2899,3676.2,545.2194,5.2704,0.0051,364.5255,140.2908,57.7194,1807.1786,74.9235,1178.8265,520.0816,176.4133,640.7092,2428.2295,103.4184,3732.2246
2927.8,3676.4,630.4786,5.4286,0.0929,416.5786,8.3286,34.6571,1958.1072,73.7214,918.0786,412.8357,276.4357,59.4071,2585.9856,93.7643,2258.6428
3068.6,3677.2,1069.9813,11.3178,0.0841,663.7477,1498.1682,22.4019,3271.7476,114.7944,586.0093,1584.4113,110.3551,96.5888,2312.8318,107.514,1273.5608
2892,3676.9,650.711,5.4601,0,473.4905,138.8441,50.5095,4661.6348,82.9087,1173.6541,584.1179,197.4449,615.7338,3042.3232,215.9924,3182.2244
2873.6,3678,527.5876,3.0904,0.0169,306.1017,3.226,31.1638,1591.9886,61.4294,814.7684,339.1187,188.8814,312.243,2216.2429,84.1299,1924.0847
3006.4,3678.4,926.7211,13.5684,0.0158,477.221,12.7421,47.7737,2215.7317,125.9,1192.5947,588.2947,246.1684,672.0579,3091.8315,152.8842,3748.5684
3063.6,3678.4,1045.6571,19.9571,0.0571,513.3143,2222.5144,22.1929,3227.7856,153.7786,582.6643,1810.4785,116.9714,143.0429,2376.8643,135.6071,1599.5857
2838.6,3678.5,755.567,7.6037,0.0997,474.4567,24.0761,47.5354,2164.4751,78.1942,278.3727,253.9685,44.6562,96.9265,3001.0945,165.9711,725.0105
3013.2,3679.1,694.7814,4.4238,0.0596,406.7748,15.5099,70.9603,2060.4636,90.6026,1260.6755,519.3643,285.0927,690.7947,2865.0928,128.6689,4158.3511
2851.8,3679.5,677.0374,3.1973,0.0408,523.9558,63.3639,76.7483,2439.0986,96.1156,1469.5103,592.915,190.8469,49.9184,2734.0647,222.966,4209.5308
2962.1,3680.2,676.0172,6.7034,0.0276,412.3828,9.3,40.4207,1881.7827,76.569,1020.6379,426.3896,223.9483,1128.1827,2781.2725,127.2138,3468.8794
2821.4,3681.1,710.1827,5.8225,0.1044,491.9373,3.0783,56.859,1856.7415,76.2559,176.3238,223.9217,40.5979,55.5666,3218.2532,127.953,206.4778
2861.7,3680.8,711.843,3.6884,0,475.9952,5.5193,68.6184,2498.0652,74.058,1228.0846,469.7391,177.4662,316.1956,3300.343,140.9106,3418.0168
3056.8,3680.1,1107.6642,15.4234,0,432.9927,1023.8832,11.2993,2350.5767,127.6569,791.0438,1166.6497,247.6496,1904.9635,2958.3723,185.4307,1982.6715
3034.9,3680.7,871.3246,15.1913,0.0145,446.2203,77.4609,38.9159,2206.4175,109.7942,855.9536,480.8435,254.6493,1191.2029,2586.6724,132.2899,2196.4319
3049.2,3680.7,1763.9615,50.5879,1.3132,751.2967,3243.7087,44.6264,2766.3296,314.2308,942.2088,2752.3572,241.7912,146.4451,3450.3682,187.8462,2265.9285
2977.6,3680.6,631.8559,6.9011,0.0452,334.0817,8.1978,44.2215,1674.1936,63.5699,762.3505,357.2774,199.4796,693.8021,2387.9463,100.1226,2253.2925
2883.7,3681.2,419.6415,2.4057,0,521.8207,3.0377,102.1604,1997.3868,75.8491,1396.1698,643.8302,199.783,72.6792,3077.4717,140.6321,3873.9246
3024.9,3681.2,697.0598,7.0928,0.0206,421.4289,25.8351,34.8041,1921.433,87.3196,1023.0721,462.5526,188.9835,1012.5217,2665.8269,125.3381,3039.1855
2999.5,3681.4,997.635,25.1179,0.0951,472.8783,23.0608,36.7491,1965.1863,161.5741,949.0076,1437.4867,137.4943,80.6616,2356.5969,116.5399,2575.9126
2933.2,3681.7,755.9191,8.2453,0.0108,426.8841,6.6712,57.5876,1763.3235,85.5741,1092.5553,480.7358,260.3558,95.3504,2475.6226,114.8275,3371.7278
2992.8,3683.3,893.3671,13.686,0.0048,532.1063,11.2995,25.8889,2255.1885,106.0725,643.4009,447.1304,121.657,105.3575,2267.8115,110.2319,1890.0966
2895.1,3684.4,744.0125,11.2063,0.0125,504.9813,1119.1907,69.4281,1908.6438,153.0469,1204.5281,1372.7281,181.1438,240.7344,2515.7407,119.075,3409.3782
2970.2,3684.2,555.4495,2.6147,0,330.4679,8.2018,47.9358,1725.4587,71.9174,1012.2661,429.211,163.8807,432.9449,2232.1743,105.4587,2858.688
2839.1,3684.8,708.4563,4.2816,0.0194,744.0097,34.3398,54.7184,3859.7864,72.1845,238.8252,283.6699,26.0777,61.0971,3644.3496,767.8835,392.0971
2831.6,3684.7,443.2308,4.9077,0.0154,510.4615,4.6462,70.2154,1843.7693,48.1538,165.3846,206.7077,31.3538,60.3538,3443.123,206.3231,244.3539
3071.1,3685.1,1126.1442,24.2372,0.5946,687.7448,1686.6396,46.1862,4269.3784,161.8979,737.0931,2423.5134,150.7628,102.5766,2700.856,138.9069,1531.027
2942.3,3685.1,832.2512,9.0174,0.0373,468.4875,13.5821,53.398,2106.4827,96.2935,1050.8756,453.393,268.2836,1267.5374,3151.5796,144.0945,3196.5796
2850.6,3685.3,921.9265,7.5,0.0368,1204.9117,971.853,67.9191,12355.3828,147.2279,1189.7867,1525.7646,96.3529,54.3088,2597.0073,5369.647,3587.3308
2984.2,3685,705.3383,6.1618,0,376.7721,9.4412,37.2721,2002.9338,78.7353,812.4191,397.3603,222.9559,824.7867,2497.9631,127.2647,2583.397
3052.7,3685.6,1407.5568,46,1.6477,533.8295,3073.7273,40.0057,2638.1365,216.8352,756.5966,3069.3977,203.9091,241.3523,2911.6592,164.608,2052.6704
3061.4,3685.4,928.3118,12.6559,0.1538,483.3117,1813.5627,25.0324,2345.7529,131.7976,726.0769,1817.9393,157.5425,216.7692,2385.676,132.2591,1832.2834
2920.5,3684.6,714.7406,9.6125,0.0844,493.2906,11.7344,45.5875,1793.4219,92.7094,1141.0062,503.95,238.825,107.0656,2708.9656,99.2469,3223.4531
2845,3685.1,1032.7296,11.6226,0.1069,821.8616,606.5723,29.8994,4969.126,116.5472,410.7924,965.2767,58.2956,56.1006,2798.1509,1452.8553,1020.2767
3044.4,3685.9,792.6027,4.5364,0.1656,608.6755,657.8146,34.9073,2250.5496,140.2318,1063.2583,1038.8477,222.2583,998.9868,2935.6689,167.894,3493.6887
2908.1,3686.3,535.254,3.4974,0,403.5609,6.5503,74.1905,1636.0424,74.3333,1165.4286,488.4286,227.545,97.5556,2531.2805,105.1852,2973.4868
2880.4,3686.8,447.28,1.23,0.05,301.1,5.13,38.67,1353.15,55.04,1132.12,415.89,147.73,29.05,2139.3701,61.65,2583.8301
2950.3,3687.2,795.2674,11.8842,0.0526,917.5811,16.1158,34.7389,5159.623,94.4905,799.16,419.1263,122.2126,228.6737,2988.9263,127.8442,1738.6926
2988.7,3687.1,682.9286,6.4143,0,561.4286,16.2286,50.0857,2121.0857,89.2429,1118.6857,498.8429,222.2714,730.0428,2950.7429,136.4571,3056.2571
2872.7,3687.4,619.8078,4.7208,0.0137,430.5675,5.0366,77.8307,1714.1853,94.167,1362.8856,524.7986,245.3707,54.3341,2940.2974,116.7597,3417.2197
2963.3,3687.7,693.0443,6.9113,0,529.7783,18.3498,34.2217,2038.8817,92.3892,1169.0049,498.5813,178.3005,342.9557,2277.1824,127.4384,3678.7095
3006.8,3688.3,635.2342,10.1524,0.0074,411.9926,15.0669,48.7175,1877.0298,87.5279,1367.5985,569.6766,210.855,787.2974,2712.8252,138.1413,3957.658
2927.7,3690.3,738.4844,10.3405,0.0504,521.8969,7.2254,51.8969,1882.0912,90.4317,1039.6571,457.2734,214.6091,436.3261,2838.9233,122.4101,2906.2854
2843.4,3690.1,724.5191,3.5191,0.0076,748.1985,40.7252,51.229,7367.374,73.4122,220.4809,336.1603,41.8015,64.5115,3550.6106,2932.0459,353.5114
2860.7,3689.7,638.6807,4.1877,0,489.4818,21.1317,61.1401,2533.6582,75.3053,1361.9636,529.0056,130.8151,82.437,2458.8879,183.4454,4086.6106
3034.6,3690.3,1225.3064,32.743,0.0599,919.1162,1368.588,55.4789,5821.8945,188.3204,1100.0422,1391.4331,239.4155,677.8028,3306.074,2166.9084,2448.8767
3027.6,3690.4,829.3082,8.0063,0,456.8428,39.8679,33.9937,2547.1321,98.0189,977.044,512.0692,276.912,1162.3962,3112.0188,273.7233,2351.2454
2937.1,3690.5,476.8689,0.5574,0,626.7541,49.7377,145.3443,1809.0656,63.5574,1376.8032,587.7869,312.8033,139.9672,3178.7212,141.0164,4852.7539
2916.3,3691.7,611.4135,7.3133,0,428.2005,6.7719,74.7218,1776.426,84.807,1090.8998,448.2782,240.5865,1733.762,2948.802,114.9424,3249.2332
2852.7,3691.3,725.2041,4.2041,0,1026.7858,107.551,24.1531,8150.1123,49.1429,621.2449,564.3674,39.0408,27.6327,1984.8163,1713.9897,1873.5408
3049.2,3691.5,895.1954,10.2816,0.1149,442.3563,558.2299,39.8908,2319.1724,132.4425,1115.3219,901.9828,262.0919,1589.2701,3125.5,149.1782,3378.408
2834.9,3691.6,627.8191,4.5194,0.0801,714.1008,3.1395,60.3333,2926.9509,66.0336,176.3979,215.5375,32.1447,59.3385,3609.4548,552.9147,266.5349
2964.4,3692.7,687.6667,8.5048,0.2476,601.8953,144.4381,27.5905,2004.8762,83.1048,1130.3048,551.1429,216.9238,315.3429,2334.981,148.8476,3573.6096
2887.9,3691.9,479.3415,0.4098,0,410.4878,6.5024,65.0976,1632.9707,34.1512,1288.9366,415.5805,84.9122,53.0537,2372.0391,68.7122,4447.0098
2981.5,3692.2,795.949,8.1725,0.0078,510.3961,9.4824,15.2471,2835.4431,80.7726,535.6353,335.3451,117.302,111.651,2175.1765,121.5098,1369.4196
2824.1,3692.9,523.5273,2.9489,0.1376,466.6931,1.6949,47.9647,1755.3069,52.2028,166.3915,179.0811,25.9295,40.5838,2939.6367,130.2681,200.0882
3068.3,3692.6,831.1859,10.4248,0,409.8053,214.9734,46.5221,2409.1328,106.6549,1107.3982,653.9911,237.2124,1244.6018,2875.2744,145.6637,2883.2124
2997,3693.2,838.6412,14.6265,0.0853,421.1353,52.2941,28.0118,2111.7734,117.0676,1563.403,644.647,263.3588,306.7912,2468.0618,126.0206,3355.2854
2903.5,3693.3,642.746,1.8957,0.0635,432.6259,3.1451,84.6122,1831.9955,53.5147,1564.1066,560.8821,180.093,77.8889,3297.3992,96.356,3973.687
2974.7,3693.5,1091.7106,23.9386,0,524.443,17.4868,45.0439,2489.8728,134.7237,935.443,499.7325,253.8772,348.1184,3360.9736,165.2939,2693.4473
3062.1,3693.9,743.4106,10.5019,0.0646,393.4145,434.9088,29.4106,2298.3535,104.4106,712.1901,668.7263,249.6502,137.2433,2453.1104,121.5551,1990.3346
3016.9,3693.4,658.3043,8.1398,0.0576,552.0049,19.028,54.3339,1991.8734,90.3141,1177.8191,637.5329,224.3586,711.2007,2691.1086,134.1464,3315.2878
2990,3694.3,651.8057,1.7842,0,456.9352,32.1007,26.7842,1915.59,62.6547,1134.8058,473.036,151.5827,467.3741,2506.2734,112.7482,3448.2517
2871.6,3694.9,562.6533,3.7667,0,465.6667,8.86,122.2067,1912.4333,90.0933,1580.3467,573.5,293.98,60.1133,3277.98,157.68,4372.8799
3055,3695.7,1337.3149,46.5304,0.3536,517.8785,2378.989,45.5249,2387.6794,247.1768,1041.1603,2027.1271,191.1492,321.6353,2739.0828,153.3757,2765.4033
2856.6,3696,844.8733,8.2127,0,1152.9186,16.0317,34.0814,11702.2441,85.724,591.6018,436.7828,90.2624,48.1403,2587.095,1365.7285,1820.9141
3045.8,3696.1,862.0923,14.9385,0.4692,886.3538,705.4539,56.8308,2498.2615,203.8154,1577.6923,1155.4154,285.1769,239.6,3323.8076,169.0615,4122.0156
2958.1,3696.2,972.6317,19.4126,0.1818,569.979,1161.1515,41.4336,2273.4871,140.2657,923.7413,1516.1492,225.9627,180.8345,2620.0698,135,2601.1375
2845.9,3696.2,824.8713,4.8713,0.0389,518.1527,3.6198,44.7126,2495.9971,83.3234,213.9431,257.1617,49.8623,58.8263,3270.7156,222.0419,341.0958
2879.3,3696.1,623.2443,3.4655,0.0144,373.6092,2.658,58.3563,1636.6696,65.9425,1097.365,422.6983,179.3075,66.7644,2754.6265,84.5603,2995.0229
2893.7,3697,496.8421,2.2381,0.0476,461.6266,5.3308,60.4737,1721.7068,52.0025,1174.5214,447.7694,184.396,43.5263,2542.3533,81.6692,3500.0928
2970.5,3698.3,816.6855,12.8428,0.0818,548.1478,23.6352,56.6792,2387.5188,108.4969,1015.4277,490.088,156.5189,120.8616,2961.9561,137.739,2806.563
2911.7,3699.4,586.8039,6.0392,0.0056,450.2129,11.2325,94.9832,1652.3949,91.6891,1468.8291,565.521,271.1681,196.6162,2814.8516,111.8235,3746.0532
3007.8,3698.1,799.9472,7.7298,0.0031,588.0093,19.2671,25.3168,2218.0715,92.5745,1083.174,490.9565,269.472,1493.0062,3096.4597,139.8168,3161.1614
2943.8,3698.5,1048.1044,20.4019,0,594.5348,9.1582,77.0633,2324.3923,128.9462,1253.3702,530.0095,445.8861,1894.6741,4558.7817,217.1487,3667.0254
2863.1,3699.8,581.3973,3.0228,0.0411,410.3105,3.6073,39.4886,2316.5845,63.5616,763.0228,342.8174,108.0822,102.7169,2353.4885,141.8995,2692.5342
2950.8,3699.8,906.4149,4.8298,0.0851,422.7234,50.1489,55.7021,2120.9788,86.6064,1050.1063,463.8511,292.383,1278.4574,3370.468,142.1277,3174.9363
2933.2,3700.4,752.7527,7.1236,0.0243,396.0154,5.9338,60.3422,1815.9337,98.0044,1228.479,487.4592,249.6622,924.426,2931.7307,142.8124,3346.4702
2837,3700.9,712.0027,6.9836,0.1967,623.5629,4.2295,70.3607,2195.8032,80.724,182.6967,224.5874,45.6448,179.3798,3567.8525,203.5956,282.0437
2849.9,3701.6,629.1562,1.7812,0.3047,584.7891,1.8359,45.375,2767.875,62.2734,472.5547,274.5156,30.875,52.1719,3317.6328,357.3125,943.4844
3029.5,3701.6,1121.0688,23.4098,0.0092,1068.5016,38.3073,46.9541,5619.8486,165.341,1289.4037,647.4128,320.5015,1362.2018,4286.6714,1639.9984,2284.2188
2925.3,3701.9,806.1307,10.212,0.0318,540.7703,14.4134,84.7668,1835.0848,128.159,1850.6501,687.8339,289.3746,246.2438,2854.3674,137.1555,4482.8589
2939.9,3703.2,1111.9113,15.1361,0,469.5148,7.8757,50.7574,2231.1658,127.0473,1135.9941,509.4438,464.4201,1929.1775,3483.5798,153.213,3105.6687
3069.2,3702.7,950.3276,14.3064,0.0809,422.7872,1164.6171,50.4766,2521.1362,145.9915,1052.8383,1274.0085,232.7787,876.1234,2699.0127,135.0468,2706.6299
3048.6,3703.7,698,6.5361,0.0103,359.9278,38.134,47.433,2046.2783,97.4536,1238.6907,557.567,194.9381,278.3093,2311.6702,137.8557,3005.6804
2868.2,3703.9,502.9368,2.2526,0,389.2421,5.9158,43.8526,2968.0315,61.6737,1133.2632,421.0105,129.9474,51.0211,2538.2209,123.7158,2931.2
2873.2,3703.4,524.1024,3.1349,0.0326,526.8651,8.5023,70.2698,6399.5908,85.0977,1291.5953,492.7256,141.6419,125.4977,2862.4373,144.5954,3216.8047
2881.2,3704.5,568.8678,3.4518,0,536.7961,10.7328,52.3278,3639.2534,63.5758,1073.5372,416.1267,157.5482,660.9256,2770.1323,171.6584,2638.5564
2984.8,3704.5,599.4979,8.4119,0.0635,589.375,30.1557,74.6947,2204.7378,93.7377,1270.2172,538.0533,229.877,552.8484,3049.0491,140.0389,3678.1311
3015,3705.4,814.3196,15.8119,0.0103,484.2938,20.9794,42.2448,2146.6907,113.3711,1160.33,519.7242,328.6727,966.6882,3167.0027,169.8686,3450.4226
2921,3705.9,900.1411,10.254,0,472.0766,10.8347,60.7379,2082.8911,113.7177,1347.6532,568.1532,294.3105,1754.2822,3060.8872,139.129,3639.2056
2953.1,3706.2,824.3273,11.3996,0.0108,429.3056,27.868,64.2839,1945.2314,111.7125,1364.7938,570.7252,304.1248,775.9096,3322.4683,141.8752,3389.7197
3002.2,3705.8,562.083,6.1443,0.002,477.6541,15.5158,41.4545,1862.0613,92.6225,1572.577,593.5533,250.0494,109.2075,2692.6897,140.6403,4507.8359
2967.2,3705.6,785.7044,9.0031,0.0157,438.434,18.3742,68.7233,1809.9937,104.6447,1294.1321,569.8459,245.0409,842.2704,2666.085,136.3459,4075.5503
2830.8,3706.2,548.5351,1.2412,0.0439,479.2237,1.3421,57.8377,2163.1096,46.1009,161.9167,188.4386,29.364,54.8465,3238.408,145.3289,194.6842
2892.1,3706,451.4825,1.5245,0.1888,834.1259,49.3217,45.7203,3059.0071,67.4895,975.4895,436.5734,54.8951,48.7203,2425.1677,90.5664,2493.2727
2850.1,3706.3,576.9362,0.0957,0.0851,759.1915,0.4681,25.7979,7958.9043,17.3191,386.6702,232.617,11.1915,48.734,3031.6809,6842.3193,360.0532
2863.2,3707.4,597.2972,2.3632,0.0142,517.3302,5.6132,56.6509,2271.3491,79.2406,1409.9906,515.5377,128.9434,45.2264,2318.75,372.1085,4116.4766
2975.1,3707.1,935.5811,17.664,0,627.4822,24.1304,105.3202,2326.8459,152.3123,1641.7985,701.4031,335.166,684.4703,3676.2214,190.6364,4673.1938
3022.8,3706.9,942.9847,15.8893,0.0382,929.5725,19.3473,25.0534,3346.6719,125.5076,981.4351,482.8931,140.6641,264.5114,3107.5991,172.4008,2280.7214
2842.1,3708.4,714.8543,3.1954,0.1093,611.7186,2.702,64.1589,3123.3376,76.2483,246.5066,240.9834,37.5563,139.9338,3468.49,483.0066,258.3212
2916.3,3709.1,772.6519,7.837,0,555.5185,18.0741,170.7778,1908.7407,131.0222,1959.1482,710.5333,232.6222,466.0296,3067.4148,166.163,5582.126
3058.4,3708.4,775.4045,8.8764,0,531.5618,92.8315,54.3933,2244.6067,105.1236,1224.1686,658.0899,264.618,133.8202,2524.6292,120.236,3492.4495
2939.7,3709.3,828.5256,14.1496,0.0043,497.5,8.9487,97.2051,2070.0085,133.3248,1622.7607,638.9487,377.4102,908.094,4118.5,183.047,5202.1753
3066.9,3709,1415.5508,42.2899,0,854.1304,1963.6594,72.0435,3143.3623,223.4783,1008.5,2518.6812,201.8116,317.3188,2838.6304,166.529,2354.3696
2911.1,3711.1,385.4474,3.3684,0,306.2368,2.9868,36.2237,1514.7764,70.5789,1114.921,396.9605,125.3158,86.0132,1945.5264,88.0526,2667.3157
2895.2,3711.3,474.0129,1.3355,0.0645,640.6451,10.0194,53.9097,3786.7161,68.0323,1442.7549,536.9807,101.7613,44.7355,2785.9678,98.3742,4153.0903
2903.5,3711.4,528.994,4.5333,0,351.8485,4.4465,43.5556,1627.5798,66.7838,948.202,393.2929,179.4283,85.196,2165.9131,81.699,2278.8445
2853.2,3711.8,661.0189,3.3868,0.0896,767.316,1.5849,33.7854,5019.4624,51.8302,387.191,251.1722,27.9434,124.9505,3037.3325,2552.3254,498.7052
3020.3,3713.7,832.7203,10.2238,0,1136.028,26.5035,44.5035,3937.9719,120.1189,1267.3567,567.8531,147.7902,124.4615,2994.1609,157.7343,2778.3706
2950.6,3714.2,643.6855,8.434,0,441.7484,8.8302,76.6101,1998.1321,97.8994,1201.8553,505.1698,349.9434,381.9308,3438.7358,187.8679,3623.5786
3064.2,3714.1,1690.4957,60.6949,0.7627,1574.0043,976.3729,41.8178,2935.1653,271.0424,656.2924,2789.7288,264.5636,667.072,3975.7075,237.5085,1835.5551
3054.4,3714,856.7349,9.4591,0,484.2306,69.4806,67.6983,2293.416,110.931,1148.9978,659.4612,274.3254,1266.0344,2753.6638,135.834,2857.2822
2967.8,3715.3,992.5,25.2483,0.3576,1355.0961,22.0397,51.4536,2700.0398,138.8212,897.1391,1555.4669,151.7914,156.6424,2811.4668,155.6424,2544.5066
2977,3715.4,696.7035,29.347,20.4416,847.2902,16.6782,41.5237,3644.2966,96.4196,553.5205,432.3249,88.9874,99.0379,2752.5046,108.2871,1487.6688
2868.6,3715.3,689.3055,3.3308,0.0556,481.356,3.0253,28.7576,4206.9292,71.904,946.2449,424.4672,116.8788,85.3813,2354.7703,1802.1541,2788.0327
2922.8,3715.1,654.6968,8.3723,0.117,961.7979,53.4149,64.1862,8022.686,104.0638,1243.1277,543.1383,139.1117,84.6277,3842.6436,150.0745,2683.5479
2884.8,3715.5,532.0141,5.5907,0.0524,568.3992,80.7561,44.4879,3539.7742,78.0645,1151.9697,492.1068,216.8548,317.3891,2553.7922,158.5323,2386.5989
3069.8,3715.5,1333.1644,29.7534,0.0685,1157.2329,1208.6713,34.4384,4950.3423,211.6712,952.6439,1476.1506,311.5205,1666.0959,4215.6987,182.0822,2269.6165
2939.1,3715.8,849.7151,15.8034,0.0171,541.9202,10.5584,70.792,2214.6753,121.9687,1287.6525,530.5128,335.6781,651.416,4350.208,176.8177,3939.4587
2843.6,3716.4,736.4413,6.4846,0.1142,622.3796,3.9383,63.7531,2552.5308,78.0401,235.037,240.2963,43.1944,192.108,3422.4475,296.2037,266.3395
3002.6,3716.3,795.8519,9.5499,0.0427,529.3561,16.5328,66.7037,2645.9829,118.9373,1374.3704,571.0256,286.453,1416.6211,3527.7749,160.7464,3105.2366
3026.2,3717.7,982.0223,20.0447,0.0032,793.5432,83.8562,60.0671,3005.2781,149.5144,1502.4504,780.2172,390.2396,212.0895,3452.8977,305.361,3978.3418
2894.3,3718.5,440.3974,1.2692,0.0321,642.4199,5.9423,36.641,6423.0352,81.375,2048.7693,655.7147,66.3462,53.7917,2487.5962,76.1987,1974.7435
2987.5,3718.3,473.5191,2.9727,0.0219,472.3716,13.4699,74.6011,2104.3442,76.0929,1382.1803,534.5574,205.5738,760.5847,2600.2568,131.6339,4858.1968
3044.8,3718.2,533.1053,5.3275,0.0994,564.041,107.4854,27.5029,3421.6843,100.4211,1157.6783,620.7603,135.193,126.9474,3193.3215,150.5731,2841.4619
2858.2,3719.6,599.2585,3.2585,0.1108,455.9846,1.5446,37.5415,1987.72,51.4338,191.6615,188.3969,27.1815,57.4154,2789.52,158.3477,342.6339
3062.6,3721.2,1138.3085,20.5561,0.9626,1037.3691,159.1355,44.3084,4387.8413,405.6449,996.2944,4278.374,201.9112,168.9252,3483.1074,153.6262,2868.5842
3019.1,3720.4,1120.8931,27.9305,0,946.0107,49.4652,83.4599,3968.7539,164.1925,1556.2781,772.6952,363.2781,342.5027,3885.0107,218.5348,3786.6042
2996.5,3721.7,655.4691,6.5848,0.004,360.5988,40.0659,51.9062,1930.9921,79.7146,1063.4391,472.9341,223.6088,974.7885,2643.998,118.0978,2943.8103
3031.7,3721.3,994.7771,14.6306,0,1252.9236,284.4713,80.5541,3427.5479,163.7006,1733.8472,1458.4141,362.5541,815.4713,4063.688,382.8535,4666.7964
3070.4,3721.8,1219.3599,25.8037,0.0467,1671.6729,71.0607,33.7617,3310.6262,176.6028,894.9019,2204.9299,183.7523,260.6262,3543.0793,155.1262,2585.7803
2943.7,3722,579.7872,9.9331,0.3222,379.0608,10.0942,67.8571,1787.225,83.4347,1392.1642,518.1246,195.5866,117.3343,2660.7051,127.8936,4207.377
2917.6,3721.7,1031.6512,23.4916,0.084,509.8781,1000.126,32.7437,2761.979,156.2563,684.479,1064.8025,130.6639,88.8908,2501.3782,116.1681,1528.958
3039.7,3722.3,730.1369,10.256,0.0714,623.1905,82.628,57.7054,3406.7976,122.506,1446.3185,659.4405,290.4345,168.9286,3624.6489,281.494,3634.4792
2957.4,3722,698.4982,9.1857,0.1801,507.1875,8.6967,34.8621,2084.6692,81.5588,798.2739,378.5368,231.7371,794.432,2724.4229,118.5441,2910.1157
2851.3,3723.7,617.7621,2.8448,0.031,535.1414,1.9897,48.6793,2074.6863,57.2207,168.0483,206.8793,31.3931,278.9414,3129.4312,169.4966,249.2724
2924.9,3723.9,789.1797,8.0508,0.1017,385.0373,74.4305,37.7356,2129.1594,96.7797,1020.3085,513.1017,197.7593,108.678,2432.478,106.0475,2421.6372
2877,3723.9,590.2073,3.6501,0.0065,468.5853,2.8164,37.7775,2870.9785,79.0346,1218.1965,439.0281,173.4622,581.1252,2477.9353,116.0151,2942.6565
3053.5,3723.8,723.5975,9.0867,0,725.6501,55.1053,51.483,2959.3652,120.5975,1225.6842,848.1765,251.8545,185.4025,3081.5232,182.0031,3180.3438
2973.2,3724.3,724.1622,129.888,321.61,395.4479,3.3475,13.0425,2623.8225,26.668,275.1429,207.5328,15.4015,60.8147,2318.5327,48.6062,484.6564
2844.2,3725.2,542.1303,2.2465,0.0246,512.1338,1.6056,57.0246,2068.9226,49.4859,167.507,193.1268,25.662,84.3345,3362.2183,176.1831,213.3099
3013.1,3724.8,1154.1415,33.3586,0,612.7862,29.6184,110.8553,3072.5559,174.1645,1369.0361,644.6151,405.1283,784.5658,3991.3223,214.5066,4161.6055
3047.2,3727.1,621.2105,5.9605,0,623.8553,53.4342,62.7763,2793.092,110.8421,1411.9736,662.7632,286.6974,121,4015.6843,200.0658,3853.658
2904.9,3727.3,425.6807,4.5546,0,286.1429,3.7731,19.8992,1205.6638,55.437,672.521,283.0588,181.5882,38.6555,1409.8907,58.5714,1591.916
3028,3727.6,952.5263,14.1579,0,856.4211,270.0902,45.9398,4426.0527,174.6241,1843.609,1023.3534,424.9248,229.391,4245.7295,740.8271,4652.0376
3020.5,3729.5,933.3835,10.063,0,561.2302,25.9014,31.3014,2741.4768,111.2548,939.7205,576.937,278.8932,1971.8466,3357.6001,159.8466,2512.9973
2987,3728.4,507.129,4.7634,0,404.9677,33.2688,156.2151,2097.9355,80.9032,1175.5269,504.4409,197.5591,277.7849,3525.3225,134.8495,3694.1506
3007.5,3728.5,709.0242,11.4677,0.1774,623.8387,570.5242,15.2177,7395.3872,184.3226,3241.3225,1466.629,107.7984,114.7339,2298.5,143.7742,1315.0081
2863,3728.8,623.7391,4.6339,0.0206,392.8261,2.5744,31.3455,2042.9589,54.3043,193.0755,186.9039,32.1304,58.1053,2646.936,132.6247,358.1602
3064.5,3728.7,759.0087,11.3739,0.0087,583.7217,35.7478,28.2261,3407,117.6957,652.9652,624.9478,222.1044,92.3304,2566.0784,109.9478,2331.8435
2949.6,3729.7,475.0213,3.0851,0,382.1986,4.6525,49.3475,1881.922,66.9433,1171.6809,455.5461,164.4752,65.5603,2500.8228,124.1631,3505.7874
2914.5,3730.4,812.2479,12.9813,0.0051,478.4567,45.7318,50.1121,2214.6436,114.2954,897.4924,460.1545,215.1953,1079.9371,2789.0322,145.9321,2776.1426
3069.7,3730.6,1165.0277,31.2304,0.5806,651.8571,202.9954,41.5945,5165.2256,281.447,1133.8756,3208.7373,199,156.6037,3455.4009,169.682,3251.6589
2933.5,3731,611.0128,5.6667,0.0308,366.6154,6.1077,51.4103,1921.6615,81.4462,1200.8846,455.5128,178.941,362.1538,2578.3411,103.0538,2852.6052
3032.1,3732.3,688.7642,3.4151,0.0189,680.0377,111.4434,50.5472,3515.2642,116.2264,1540.0094,705.2358,226.3208,93.4057,3307.4341,276.2736,4308.6416
3056.5,3733.6,648.7917,8.9568,0,564.0463,44.0756,34.7423,3074.8286,113.4907,991.7269,519.6157,245.2948,917.6543,2934.4583,138.6574,2783.5493
2957.2,3733.4,583.8141,6.3794,0.0704,437.7764,7.397,78.1482,2067.4749,84.3895,1335.397,505.9146,213.7663,85.2412,2521.1458,121.196,3969.6985
2991.3,3733.7,725.7009,9.5047,0,415.8271,189.486,102.7103,2261.0701,136.4673,1168.6869,821.2383,295.5981,615.5093,2841.3972,137.9159,3152.2852
2945,3734.2,504.8286,3.3286,0.0286,365.0571,4.2286,53.2929,1781.9429,64.4,1274.6,467.0357,188.95,100.45,2573.55,121.8429,4624.6641
3008.4,3734.4,697.0193,5.1419,0.1613,744.8968,378.0645,21.2065,4103.7935,82.4581,881.4387,992.2903,73.7226,69.8903,2468.1162,119.2516,1565.1484
2854.8,3734.7,656.8824,6.8368,0.1544,514.8333,4.2298,56.6246,2046.7123,73.4018,175.7105,209.2386,39.3368,235.9912,3255.3877,170.4105,244.1175
2977.6,3733.5,860.39,15.8919,3.8031,556.5405,12.6834,25.7838,2756.4131,103.9344,442.6564,313.8301,105.0386,145.1853,2767.8262,111.1969,1036.9421
2884.4,3734.8,425.2598,3.7282,0.0359,437.3846,8.4872,75.1214,2251.2563,69.4991,1094.1436,418.1128,180.8838,34.1538,2157.5676,146.0085,3137.082
2984.9,3735.5,925.769,9.7069,0,395.969,41.9586,45.3793,2392.4724,110.9931,743.9276,466.0793,219.1931,547.869,2775.8447,119.8448,1984.8724
2926.8,3735.7,617.3409,5.6818,0,552.7443,16.8636,99.1705,3847.0967,105.6534,1733.4318,634.4432,295.5511,88.1193,3056.2615,124.0455,3210.4602
3037.2,3735.8,937.2703,17.7868,0.0661,538.7988,1083.6997,55.6637,3314.051,151.3183,1293.072,1712.3423,200.1081,127.7778,2999.3755,193.2372,3520.3213
2951.7,3737.7,742.8807,4.9541,0.2018,511.9725,12.8257,93.5321,2118.2661,88.578,1435.578,593.5137,294.6881,73.7339,2871.5964,120.0183,4568.6147
2920.2,3737.4,573.1548,8.2798,0.0417,439.125,4.4821,98.8869,2191.4226,90.375,1170.512,500.4881,296.9464,260.5774,2944.7917,142.3393,3051.1904
3016.1,3737.8,770.6691,8.6548,0.0142,501.8149,15.6335,26.1032,3341.8291,81.9288,818.5729,426.5302,102.9431,93.5196,2519.9714,120.7544,2261.9004
2937,3738.3,734.8474,12.9198,0.0076,459.8282,17.1336,81.0802,2365.7214,127.9695,1576.752,600.2672,261.958,307.9886,2877.6909,146.645,4164.4849
2972.7,3737.1,1034.7764,18.7439,0.3699,479.2439,12.9634,44.8333,2465.5771,127.5406,1004.3658,461.2968,253.874,1405.2195,3160.6748,148.1829,2836.2358
3069.2,3738.3,819.6175,12.735,0.0847,436.1066,124.4071,23.5355,2271.3306,115.8306,998.4645,860.2104,285.8798,1111.0847,2630.0491,133.8443,2772.3088
2967,3739.1,1189.7448,22.2842,0,642.8842,24.1158,82.4842,2968.8447,149.3605,1349.3422,601.821,322.6105,542.4948,3349.7158,176.5868,3610.4263
2913.5,3739.1,516.1522,2.0109,0.0326,383.6739,1.9239,46.1957,1920.7609,64.7935,1175.75,415.0109,180.5326,99.2717,2523.6414,113.5978,3241.4131
3006.9,3740.1,768.6184,4.5395,0,413.8947,14.1053,4.5658,3958.2896,52.8684,398.2895,367.2105,51.4868,57.4737,1011.0263,81.0658,660.4605
3023.2,3740.2,669.0204,6.0646,0,526.9048,12.6497,43.6395,6949.3706,90.7993,1314.5646,577.67,237.7755,133.0476,2900.8469,139.3844,3608.2822
2869.4,3740.5,747.9091,4.1322,0.0207,479.7521,1.2727,33.6364,3060.9009,65.8099,250.3884,237.1736,43.2975,62.3388,2585.5579,266.8223,316.8099
3043.6,3741,687.7031,7.1172,0,475.8086,237.25,71.5625,3212.8242,110.4922,1234.3906,793.6211,276.4727,817.6797,2855.8359,343.4688,3284.1641
2981,3742.1,944.3174,15.1174,0.0478,437.4435,14.6565,45.4348,2630.0566,122.3696,699.7696,390.013,158.3652,145.5043,3196.6218,135.5087,1936.3695
2944.9,3743.5,631.7378,5.6618,0.5154,406.9403,9.1284,43.6564,2124.1194,98.4376,1098.5769,451.4069,181.9313,63.7107,2847.3652,125.8626,3217.6692
2906.5,3742.2,613.5075,6.9125,0.045,543.005,7.9125,40.4275,2504.6799,97.28,927.925,396.2375,137.31,83.7975,2369.165,110.3875,2445.6399
2994.9,3742.4,999.6652,25.1697,0.0344,625.9748,752.6766,44.5344,3150.7751,136.8601,1032.0551,1135.2913,176.5596,302.0665,2827.2249,143.4106,2661.1492
2897.2,3742.5,480.5388,5.4207,0.0849,404.5166,20.1624,58.2989,1884.845,80.5166,1043.321,440.0627,162.7675,122.417,2247.4353,105.4686,2623.2952
2879.9,3743.6,650.1011,5.7678,0.4307,570.9251,3.618,26.1161,5821.0151,100.2697,1477.9775,507.764,63.7566,56.3071,1809.0525,1205.1686,1584.7229
2862.8,3744.1,871.4493,11.9534,0.1644,528.6932,75.9973,61.1534,2179.022,102.1808,193.052,240.6849,62.0959,350.0356,3390.5645,185.5753,245.9425
3038.7,3744.5,673.4379,6.2353,0,446.8039,99.2353,59.451,2682.4771,90.451,1177.1569,609.0261,279.5425,1081.2876,3121.4836,137.2157,2759.6929
2960.3,3743.1,736.1429,11.4974,0.0899,615.5079,9.1111,86.4921,2489.5081,111.7884,1613.9524,583.6826,260.3016,458.5767,3374.2698,167.3175,5080.1216
2973.7,3744.8,1112.7792,21.961,0.026,544.5455,29.7662,95.6623,2668.7793,173.5325,1331.3636,633.7662,398.3117,610.2338,3636.4675,167.2857,3189.6104
3066.1,3745.7,669.9587,7.9366,0.0441,528.3774,59.5289,35.9146,2658.551,115.1515,1132.5868,588.865,218.1598,101.9945,2669.146,131.1873,3569.4932
3026.7,3745.9,562.8989,1.5281,0,557,60.6629,56.4494,2824.1909,81.6742,1389.6067,652.2921,314.6068,254.5281,3250.7642,174.6629,4471.7529
3032.6,3746.7,860.2048,16.6361,0,630.2642,75.8248,71.7628,4280.5391,147.5445,1463.9192,679.7817,416.504,1618.2102,4367.7036,234.9084,3998.8652
2955.4,3747.5,650.677,4.9255,0,434.4472,6.5404,80.7826,2127.4722,100.3416,1746.118,631.7081,244.2298,806.3168,2902.3354,158.3665,5261.3477
3056.7,3746.9,574.1255,8.1538,0.0445,905.1255,387.3239,22.7692,6455.1782,141.749,655.1255,537.3279,99.6275,66.3846,2910.9514,100.2429,1863.4493
2986.5,3748.5,716.3765,7.0843,0.0151,386.9608,24.0452,37.6024,2773.4248,74.6777,860.503,412.9217,239.4247,730.3735,2386.5422,102.5994,2510.8704
3015.5,3748.8,773.4553,6.9187,0.0108,604.477,29.6829,40.8943,3162.5149,103.8238,1303.7208,818.9729,278.9241,339.6233,2911.5828,150.6667,3918.6558
3050.3,3747.6,926.7349,20.4933,0.2081,631.4631,1121.7584,29.8725,4167.4834,237.3691,689.745,1254.6779,139.4732,105.4765,2611.0737,158.1208,1902.0604
2916.2,3750.2,369.0168,4.1292,0.0554,317.4128,4.807,29.3423,1615.4279,64.099,591.7416,284.8742,114.6795,217.5805,1749.8289,69.1477,1510.4296
2882.4,3751.4,522.6628,2.9244,0.0465,398.5407,2.0581,37.8779,2977.0522,51.9244,539.1918,267.7558,49.6105,45.4128,2138.7966,123.7326,1449.5116
2972,3751.4,905.3912,10.9692,0.0396,522.1802,12.4945,64.5275,2947.5298,120.6835,1182.6791,523.4198,415.3165,1263.855,3445.6133,161.9121,2984.9583
2873,3750.8,703.7759,3.6207,0.0419,456.9483,3.2734,37.0591,2392.4211,61.8498,222.8596,207.4039,43.6798,57.8719,3134.0789,229.3916,397.5665
2891.8,3750.4,786.306,13.2802,0.0345,384.3233,8.2672,54.4095,1948.3793,99.8879,1019.5948,437.9871,236.4828,116.7241,2360.9871,110.5991,2589.4785
3063.4,3752.5,649.0216,6.5027,0.0162,411.0432,35.3946,48.3892,2537.4109,90.6,793.9892,423.1189,279.2,1048.0487,3098.2756,135.2649,2217.1028
2963.5,3752.9,1234.2283,24.6235,0,556.4541,13.9671,53.9812,3767.4377,160.7059,1089.0306,507.8871,360.3435,1785.6989,3717.24,179.5671,2696.1223
2898.7,3752.5,762.6523,10.0755,0.0054,538.1294,7.1348,74.7224,2541.8599,106.2615,1202.7762,481.1995,223.1402,72.9838,2914.1672,130.7359,3042.6038
2999.8,3751.8,701.1498,9.2357,0,391.652,204.3348,51.4912,2816.1609,90.7775,1146.6432,585.8524,218.7885,912.9207,2572.3921,127.5485,2869.9185
2934.6,3752.7,774.9898,9.9822,11.1399,434.3639,7.0483,43.9771,2783.2214,445.3155,598.7786,340.4758,387.3181,123.6539,2483.9136,140.5216,1530.5776
2927,3753.5,425.1364,1.7727,17.0303,426.9697,12.9545,142.8333,2459.394,350.3636,1782.1515,616.9849,223.3182,44.4697,2330,141.1818,5411.6665
3043.8,3753.2,732.881,10.9468,0.043,778.1544,116.3468,44.9595,2781.6001,120.8785,1025.6506,794.5417,166.5797,121.8557,2830.6406,186.3823,2507.0835
3241.2,3615.1,794.4343,27.1254,0.2049,691.9388,412.0153,21.3028,2523.269,138.3364,671.2355,704.4801,247.7798,68.4404,2259.5535,139.9755,1259.4098
3071.6,3616.6,1263.7174,33.8913,0.1304,750.3043,289.5145,25.7391,4136.8262,194.7899,459.7681,729.1884,214.6377,854.7464,3166.7102,238.3478,1133.8986
3106,3617.1,1187.1758,32.2305,0.1445,700.5078,1881.0859,42.1055,4022.0586,220.5742,761.7539,1596.4414,195.6797,89.3359,3394.1172,163.1016,2387.6367
3095.9,3617.4,722.2647,0.6029,0.1127,475.2696,16.402,7.7647,4612.7793,27.0882,399.4951,225.2451,31.549,59.4804,2173.4951,22.152,657.5196
3204.8,3619.2,648.6021,9.2959,0.2551,580.9388,134.4898,13.1633,5655.8672,122.102,508.8367,392.3979,46.5204,62.9592,1853.8062,85.6837,285.1939
3256.2,3619.4,898.5287,40.0492,15.2172,769.3566,790.6558,36.5656,8249.4756,160.5779,921.2213,1008.7992,189.7008,144.1967,3256.6064,1147.3279,1662.8606
3083.1,3621.4,1309.7789,20.5263,0,778.4,291.2632,24.6316,3598.4351,155.3298,848.5193,1085.1018,220.8491,1386.8632,3042.1262,179.7754,1694.1614
3265.2,3622.1,1284.5364,36.6409,0.6409,555.9818,1156.8228,55.1818,2867.9136,197.3773,1291.1182,1680.5,302.3,177.2364,2971.7637,149.8273,2210.0681
3092.6,3622.7,728.541,0.5902,0.2459,573.5328,1.3607,15.1803,4985.1968,39.1311,528.0901,366.6803,13.877,83.2541,2241.4263,57.4754,826.8033
3239.3,3623.4,875.7955,25.0422,0.0974,558.6461,1133.5454,22.8442,2056.7922,138.8994,707.1558,1309.7954,129.461,56.0422,1954.4708,104.6461,1334.6591
3109,3624.4,672.1081,8.1712,0.009,823.973,119.3333,18.5676,4889.874,144.2252,851.3694,583.6486,175.5315,74.4685,2603.8289,140.9009,3142.4504
3277.4,3624.3,736.3394,17.0091,0.0543,586.3484,324.3801,38.9231,3352.344,182.733,1103.4615,1702.9684,145.1041,52.1493,2611.5386,123.5339,2669.1946
3114.7,3624.5,610.6407,18.3495,0,588.6213,93.8738,39.1068,3258.835,145.068,1197.9224,630.2233,334.0486,817.0194,2775.3689,155.5243,2353.1846
3103.6,3625.2,641.1238,9.0762,0.0571,664.4667,67.3905,46.181,4107.9141,129.7905,942.9619,530.4476,95.9429,131.181,2459.6572,128.7524,3091.1333
3077.5,3626.6,1295.207,12.5754,0.0807,546.8842,84.5053,43.6421,3196.1895,111.4982,868.7649,638.1824,160.9684,609.0702,3949.5369,106.6561,1866.4562
3254.7,3627.2,1302.0575,49.4253,2.751,727.2835,1622.0077,47.7854,2765.9348,230.341,890.272,1775.5747,279.3103,120.2989,3368.272,186.5747,1751.3984
3264.8,3628.5,1091.8817,36.3645,0.0591,599.2315,243.8374,53,2571.7832,168.5419,1135.8621,794.9458,369.2512,468.8818,3202.4385,166.4581,2447.9656
3247.5,3629.9,786.2542,9.2708,0.1,501.4,147.925,30.1083,2345.8542,108.6375,926.2833,565.1334,228.9458,434.5,2402.7791,120.9375,1753.8
3099.3,3630.9,836.8,17.5451,0,494.0118,498.4588,28.2431,2406.0706,130.5177,610.4039,681.4196,241.1686,1925.8901,2780.1372,120.2941,1898.9608
3258.8,3631.9,1941.3578,90.0229,0.3349,1508.3669,625.1101,57.3624,3766.0505,291.9541,931.9266,2185.3623,413.5596,289.3211,4262.0415,207.8624,1966.8716
3217,3632.5,495.6959,19.6677,0.0815,323.7398,23.6865,6.7085,1863.9185,81.116,307.6082,253.9937,41.5737,40.0188,1940.8088,93.348,831.7712
3087.5,3633.6,861.6539,14.0061,0.002,598.3846,104.8826,74.8239,3516.4028,137.3785,1357.749,755.6458,353.0142,976.7794,3834.1174,178.6356,3195.4514
3238.9,3635.9,1105.304,36.9844,0.7948,968.7636,230.0546,33.2961,3040.2649,173.1169,1014.7221,734.3896,270.6,151.9662,2550.3975,279.1454,1833.9169
3072.2,3636.4,918.9603,16.2599,0.0673,489.1896,145.7859,30.1193,2964.1804,121.2875,636.3303,592.3242,131.8379,130.7003,3062.1865,144.1009,1073.6973
3105.7,3636.1,1171.7361,16.6597,0,976.8889,798.0486,23.7708,6322.729,133.8542,874.4722,1157.993,102.4583,117.3611,3011.3125,93.4167,1536.4722
3112.5,3636.5,758.902,5.6779,0.0924,570.8627,380.7255,22.9468,3167.1458,70.2269,622.4762,827.1512,55.8011,84.0224,2674.0757,68.2157,1175.8459
3121,3638.2,1001.3356,19.9625,0.1104,419.7064,197.5298,11.7196,2606.7041,122.5695,656.9956,583.5055,98.3753,64.7528,2080.8652,98.0684,611.3841
3274,3637.7,833.6276,12.8966,0.1,517.731,91.2241,25.7931,2799.0137,134.2414,762.3759,538.4759,128.6517,57.3793,2749.0759,100.7517,2041.5518
3247.6,3638.4,1654.699,71.6953,0.2473,719.9319,1234.4982,57.7312,2743.0322,274.6487,1309.871,1959.0968,459.3477,419.1362,3402.2725,194.6882,2027.2545
3264.2,3639.2,1086.4623,30.4088,0.0786,551.4591,601.8019,28.9843,3261.8491,181.5031,1280.3113,1089.8051,336.9811,1762.3019,3322.1006,177.956,3062.7673
3256.6,3639.2,1435.4037,55.289,0.0963,646.7798,1301.7247,53.2248,3610.2981,225.078,1081.6467,1692.7661,376.5551,365.7844,3498.2478,190.4587,1889.4082
3099.9,3639.7,1412.22,43.6058,0.0664,789.8838,1825.0125,41.9627,2717.6887,217.527,859.7137,2549.2034,246.5104,346.0125,2851.5642,145.6722,1821.5104
3228.4,3640.3,926.733,24.1562,0.0739,349.1704,33.5852,17.3665,1928.338,114.0767,651.9631,407.1222,230.4972,138.9205,1953.2046,92.5142,1492.0057
3094,3641.8,1201.385,35.531,0.1018,793.4469,726.1902,47.9292,2504.062,162.3628,816.5221,1763.5531,249.5531,253.7832,3879.469,142.1062,2191.2566
3083.6,3641.1,752.3557,3.7315,0.4497,549.2819,121.1275,22.5168,3778.188,67.0067,619.8255,711.6846,57.0738,90.9463,2717.6912,62.8322,1178.5436
3105.6,3643.1,1236.4221,48.4472,0.2563,709.8492,1679.5577,21.8342,3541.5527,179.7085,517.0201,1733.985,110.4724,79.8342,2197.7939,107.7035,823.4673
3240.9,3644,1248.9952,40.5598,3.6794,658.9808,1402.8804,32.8469,2322.7417,193.9187,795.5981,1561.2106,164.2919,766.2297,2367.7991,220.799,1370.5885
3253,3644.6,1134.7115,30.3798,0.0625,662.6923,225.3558,49.9327,2945.1299,178.4423,947.5289,968.0721,406.5481,1220.5913,4057.6587,219.7548,2189.2644
3223.2,3644.9,776.2617,10.3364,0.0093,422.6823,47.8037,15.4766,2543.4673,125.1402,698.3084,446.3084,133.8878,395.972,2573.0654,128.4206,1980.1776
3277.5,3645.5,805.809,10.2111,0.0302,551.4372,37.3467,27.2864,3311.8442,140.4724,842.8392,586.1206,135.0502,57.2362,2691.8643,113.4221,1836.8945
3073.2,3646.2,1188.9417,22.8405,0.6187,578.3035,1519.7821,39.6381,3576.7898,158.9805,713.3852,2399.7744,136.4591,134.3463,3270.8794,189.9222,1699.4203
3080.8,3647.3,1168.9772,15.9171,0.5629,994.2286,645.7543,33.1743,4365.9688,156.4886,789.8171,2303.7144,133.4314,369.7743,3200.98,115.92,1436.7114
3132.3,3647.5,918.3773,19.7117,0.0706,447.2914,346.3221,15.4141,3751.1841,123.635,284.3742,564.4049,71.2853,62.7945,2304.0459,96.4571,613.4019
3089.6,3648.2,800.9208,9.0208,0.0125,448.8875,81.9625,8.8167,2694.0667,84.8792,511.1042,429.3583,240.05,1832.775,2886.8667,91.2625,1362.0292
3257.3,3651.2,1096.8263,30.6059,0.0254,1354.5763,193.9661,28.7797,2871.644,165.6483,772.0042,1986.4534,161.017,87.9322,2954.8433,241.7712,1551.072
3271.3,3651.4,1254.3271,32.0327,0.1636,625.2617,145.4486,39.8645,3410.6121,170.9907,782.2196,706.7336,231.8785,99.7944,4149.5234,146.271,1736.2944
3105.8,3652.3,911.5311,20.0293,0.1648,1671.6044,164.3626,24.4579,3752.6045,123.6044,633.6703,1648.8718,101.7875,64.5971,3174.4248,103.63,1189.3407
3249.7,3653.6,986.3578,47.7923,1.8978,842.9489,713.0032,25.9553,3807.7954,138.3642,729.5623,1342.7987,131.8434,187.607,2378.3994,108.8978,1147.3994
3129.8,3654.7,1191.8604,19.5245,0.1736,917.4604,404.1094,16.7849,2495.6604,157.4906,427.9585,1659.4302,75.3132,81.3774,2535.7622,90.2566,523.3925
3121.8,3654.1,1006.2803,19.2678,0.3389,589.1171,1188.3054,10.6109,2653.4016,188.3347,398.3891,1803.8452,67.0209,541.3514,1942.5691,94.9833,457.9665
3239.6,3654.4,532.9124,1.4891,0,387.6277,18.7883,4.7226,1781.4525,33.1971,506.6058,350.8175,85.3942,242.0876,1869.708,40.1314,1158.5182
3264.4,3654.8,1169.6748,25.1911,0.0163,1738.996,265.8252,24.4797,2809.0081,154.0854,811.2927,2258.0244,177.3089,63.2154,2745.3901,221.8659,1701.9025
3274.9,3656.9,1156.2952,22.6421,0,662.6273,512.2878,32.2509,6924.9595,174.7823,953.1144,1265.0627,211.7712,625.9668,3456.2988,225.3838,2144.3025
3137,3656.4,1183.7473,43.5376,0.8871,741.5269,827.9032,17.8333,2431.3765,248.5753,320.1774,1816.6183,115.3064,74.828,2385.0269,112.6398,511.7796
3087.9,3657.1,993.9218,18.381,0.4796,669.6122,1050.1156,13.6735,4450.9321,102.7075,397.1905,1194.7041,77.2857,98.2075,2396.0781,82.1156,790.7551
3077.6,3657.9,1159.5437,16.7094,0.2375,765.1531,589.6125,25.8813,5696.1343,144.5437,1028.2906,941.6844,113.2031,358.2781,2890.1875,144.6781,1521.4343
3260.4,3660.3,756.2661,13.371,0.0806,805.9435,54.5726,37.2903,2546.3708,109.879,842.25,823.6451,251.5968,66.6855,3214.8953,135.4516,2192.1775
3071.1,3661.6,1047.59,15.3237,0.2158,660.7986,946.3453,24.7698,4770.1582,157.4245,1459.5179,1525.1798,151.6763,111.741,2728.0791,1717.0719,1553.2734
3139.3,3661.7,874.6465,28.1111,0.4899,457.2778,714.1161,9.4495,1754.2424,144.2273,310.0303,1144.0909,92.9293,60.7121,1578.8535,105.7727,571.4647
3122.2,3661.5,647.1,12.7571,0.1714,784.4572,136.7,10.1,2645.6001,106.2143,353.6286,780.7857,87.4429,66.4571,1725.0571,72.8143,689.1857
3244.3,3663.5,999.0288,45.2387,5.7942,425.1729,1791.6584,11.284,2031.2675,132.8642,505.1029,1487.5391,106.1687,57.6996,1959.3416,95.3292,1136.7983
3082.7,3664,812.8541,21.4764,0.03,861.7039,171.4421,24.8584,9717.6133,161.3476,1083.8326,735.03,110.9785,80.588,2745.1375,140.0987,940.5107
3128,3664,664.7826,15.0048,0.0097,561.0096,68.6377,10.6812,2588.1062,94.8019,427.5604,505.3623,134.942,54.1836,1922.6715,95.1932,798.5507
3267.3,3664,1114.798,29.2417,0.1391,1270.7848,270.0861,26.298,4491.4009,151.4139,909.1821,1234.4139,190.2417,62.298,3064.8743,138.2682,1486.4669
3111.8,3664.1,775.2638,24.7433,1.574,909.7023,759.3244,18.2424,3890.7468,113.0873,629.4278,1345.4279,70.2121,219.9875,2143.3066,93.5829,1356.8378
3104.2,3665.4,568.9619,295.313,557.855,399.5038,47.626,5.6641,2428.8701,39.8244,188.2519,315.7252,17.5878,45.5038,1590.542,60.5496,313.0229
3273.1,3667.8,928.5447,20.572,0.0195,731.7938,1375.5137,29.6304,2701.0388,134.5642,760.8365,1584.0233,198.642,64.6654,3117.2373,129.7315,2137.4124
3256.4,3667.9,732.97,128.4232,50.3573,653.8623,21.1497,13.7824,3691.1077,90.9241,593.8962,383.4211,119.7685,58.477,2037.5309,261.2555,1037.5289
3095.1,3669.6,568.2715,585.884,382.5847,338.5151,14.7146,14.9258,2762.7285,21.42,184.4432,250.5754,19.181,50.8492,1776.6775,49.1972,371.1949
3134.6,3670,831.7827,21.6323,0.1281,1100.741,179.6184,20.3538,2708.3091,157.7716,962.454,1491.585,119.8969,55.9526,2162.5459,226.2953,1637.3621
3141.3,3673.3,957.2795,21.7957,0.129,1373.7957,423.8387,9.7634,2394.9463,159.5699,464.0753,1626.8387,106.8925,865.1398,1896.2151,109.4731,970.5269
3154.3,3673.5,573.7643,9.1552,0.0345,947.7299,45.6092,6.454,4119.4023,69.5632,247.2471,316.1149,35.8908,40.1207,1904.1609,91.5862,206.7644
3265.9,3674,580.9359,10.4911,0.1139,368.8968,52.2135,15.3096,2032.6193,75.3061,783.4448,433.5551,198.8434,275.2811,2137.8469,99.153,2015.4307
3079,3674.3,717.9279,5.732,0.2268,600.1237,506.7113,37.0206,3665.8145,117.3814,712.5361,793.6288,65,77.567,2511.7834,183.7938,1603.6907
3248.4,3675.9,499,517.5204,229.7551,291.9388,23.5204,5.9796,1654.5817,40.4082,127.6531,198.7551,39.3163,26.5204,1327.2653,50.4592,214.3775
3163,3676.7,829.1932,22.875,0,525.6193,376.4943,4.8693,2121.5283,93.017,245.6989,563.108,70.6477,51.6932,1458.2273,61.1193,174.9886
3120.4,3676.7,866.3922,8.6431,0.3961,947.9373,193.0275,12.851,4632.7568,97.1333,487.651,541.8431,43.0824,53.6588,2411.7568,145.9569,645.353
3101.8,3677.1,651.98,463.5086,408.5914,318.4771,46.0657,11.1771,2548.7085,27.1629,175.1371,263.2,23.0314,46.5571,1664.7,43.9,291.6286
3075,3678.1,1439.3182,37.6923,0.0035,1348.2133,446.4301,28.4825,4372.584,184.6014,553.9581,1842.0874,175.972,97.6643,2993.3286,320.7063,848.7623
3275.6,3677.8,735.9105,13.9737,0.1368,407.0974,48.2868,18.6237,2094.929,123.6789,1848.9843,735.8421,287.1816,182.3421,2204.8816,98.9211,1853.0763
3137.2,3678.5,1023.3466,29.988,0.1633,1266.5179,533.3586,10.506,2205.4224,145.6295,241.0518,1449.9442,78.0717,83.1594,2193.6135,100.5896,339.1076
3113.5,3678.4,1125.9087,26.6468,2.2738,787.5,1596.4127,13.6865,5624.6787,119.0714,384.5198,1604.119,43.9484,67.3095,2213.4563,87.1508,599.4088
3150.4,3681.2,983.7317,32.2613,0.1115,446.4077,1095.9025,10.2091,2082.8677,114.2648,326.3728,936.0314,67.3624,65.3275,1570.3345,75.1429,472.115
3253.1,3681.2,603.173,530.0717,438.924,354.1603,31.9156,9.2827,1965.9493,59.827,141.865,226.4557,40.4979,34.0802,1592.3671,67.4641,199.0928
3127.5,3681.5,811.6345,3.6645,0.0498,610.5249,155.2027,12.3023,2788.4119,50.6811,447.7675,596.2392,25.6944,56.6279,2095.5881,46.4186,446.2325
3262.6,3682.6,606.2545,6.4,0.4545,360.3455,1449.2181,8.8909,1841.9091,111.4727,484.3455,1271.509,32.4,39.2,1724.4,66.9636,1201.9636
3165.3,3684.2,996.3265,25.6259,0.1156,293.6122,494.2449,5.619,1566.3265,103.381,470.9524,734.0068,67.4626,53.7279,1280.932,56.483,160.8435
3106.6,3684.4,703.447,748.4277,482.1704,404.5434,55.6881,15.3408,2931.0483,61.1479,201.9003,303.0064,44.7813,58.3794,2016.9357,79.7942,267.0322
3145.4,3684.1,756.0602,19.1278,0.0752,299.8722,198.9323,7.8421,1707.9098,103.6466,167.2331,353.3985,55.7744,47.4361,1464.0452,70.1278,336.7444
3118.2,3685.3,1205.6078,34.5294,2.2353,1749.0834,439.6029,14.348,6786.5195,162.5441,342.0392,1792.4265,76.9951,68.7598,2574.554,115.4118,795.7157
3094.7,3685.1,799.1938,131.7439,115.09,412.3945,34.2111,10.0761,3229.9792,61.2595,288.6159,332.6401,45.8443,111.3979,2117.7888,101.8547,824.519
3138.2,3686,1436.7233,36.068,1.233,705.6893,1240.0486,15.0049,2817.4612,177.6068,302.5388,1216.801,93.1262,74.4369,1926.8544,310.2961,357.2184
3275.7,3686.2,581.1901,10.1533,0.0238,316.7257,34.6566,8.1145,1703.7322,84.7365,728.1231,385.5421,134.3931,758.8812,1723.6976,81.3305,1360.1923
3081.3,3685.6,1174.7258,22.9614,0.6255,728.6293,1987.8147,36.4749,3542.9036,158.2548,545.4556,2106.6333,115.4595,130.5753,2650.5984,150.9189,1527.3784
3172.3,3687.8,953.9801,16.2384,0,267.6689,21.2583,4.1192,1528.1193,78.3377,435.4172,364.0861,51.3377,55.3974,1715.5961,43.649,163.2053
3143.5,3689,1398.3472,46.3056,0.5764,467.3333,915.1111,15.625,2172.4861,180.4306,332.4305,1141.6945,119.8472,100.9931,1922.4791,114.8819,585.7083
3085.1,3690.9,1015.5302,29.5172,0.0474,751.0043,542.0819,46.9612,3279.6379,145.6465,764.8491,1100.4181,208.431,1303.0906,2846.0303,167.2328,2364.3965
3133,3690.8,1086.5841,27.9248,2.5354,606.9203,2309.2036,17.708,2946.7832,170.6283,296.5133,1957.7522,98.646,68.3363,2165.1504,142.708,396.1637
3074.2,3691.1,774.3117,10.1558,0.2727,567.9481,335.7792,45.3636,3510.0649,120.961,1140.8831,1180.1948,227.6753,107.8312,3028.104,142.1429,2981.2598
3100.8,3692.4,989.4794,166.3184,58.3034,399.8539,343.7453,12.6142,3404.1611,51.7453,216.2472,881.1611,55.5768,70.1199,2354.5093,64.9775,465.1124
3148.4,3693.4,547.1224,6.0204,0,468.7245,89.7449,17.1531,2288.5,95.102,607.5204,395.9898,126.9082,211.2653,2016.5408,155.6531,1547.8368
3109.4,3694.3,712.3467,579.2521,345.8969,395.2665,48.4298,13.0458,2767.043,59.553,193.9685,289.5788,48.235,56.6791,2032.9026,73.9398,257.2493
3156.9,3694.5,883.253,18.5301,0.3855,719.4759,1734.3976,14.8434,2419.7229,121.988,565.4277,1374.476,62.9759,56.0723,2108.2471,89.506,512.6325
3088.4,3694.8,723.9375,9.2031,0,532.8594,45.9219,39.4062,2753.7812,100.25,728.2969,513.7031,208.9688,698.0938,2357.5156,142.8594,1745.4062
3127,3696.4,820.015,26.985,2.3393,499.4445,565.4415,16.4474,3034.8318,114.7477,320.5165,703.4565,142.5045,49.6366,1689.0691,82.033,755.4234
3072.7,3696.6,1415.5082,41.2568,0.0492,562.6066,1996.3115,54.7486,3075.7651,207.1257,1210.6011,2546.1531,257.2623,527.5027,3202.0383,187.071,3237.5083
3151.4,3699,494.5714,7.3736,0.1538,417.6593,130.6483,14.8571,2321.3516,70.5275,338.1319,332.3517,61.5604,38.6593,1921.4176,80.1758,947.8132
3097.5,3698.4,940.0822,10.5251,0.1005,642.4384,39.4886,20.3105,9770.3701,110.6941,881.3653,508.4155,135.7397,79.5114,2321.1736,107.4566,2452.7854
3169.6,3702.7,569.301,7.2039,0.1165,508.6602,38.2913,4.8835,1381.4369,68.1262,197.6116,477.2913,41.8738,37.835,999.4563,41.0388,278.8058
3110.1,3702.9,840.064,124.2916,54.0614,619.7903,105.1637,9.2174,4819.4146,69.734,424.1637,416.266,49.2302,109.9028,1990.0103,163.1841,506.5985
3092.8,3702.8,699.2976,5.7857,0,666.6031,41.3294,25.4563,6799.6191,100.9365,678.6588,445.4722,87.254,93.2341,2614.8691,115.377,1736.1984
3264.5,3702.7,956.3958,23.8177,0.026,693.5261,42.474,25.599,2126.3176,116.8073,577.6719,683.8177,188.75,52.0573,3542.8176,91.776,1026.8541
3132.1,3703.3,644.6377,20.2971,1.0362,528.616,67.7029,8.4638,3978.6377,72.2174,546.4493,381.3188,59.2681,46.5072,1432.5072,310.029,518.5217
3185.9,3704.4,591.4062,16.4297,0.0703,592.7891,56.8984,8.3984,3868.5,115.3516,396.0234,352.2578,47.6797,46.0703,1990.5781,64.0547,465.6953
3084.2,3704.2,1069.0836,40.9488,0,654.7305,50.2399,30.8086,6418.0405,184.4124,1353.9893,789.3936,212.6415,151.3288,2304.8545,134.8598,1833.8275
3153.3,3704.9,892.7795,23.9169,0.1597,687.4345,136.9776,11.2652,4226.6133,143.2013,362.8722,512.2652,65.1246,58.9521,2070.2078,91.3163,603.0096
3101.1,3705.5,971.3401,12.802,0.2132,730.6345,109.4822,26.2335,15956.8066,114.1624,672.9036,515.3198,92.4772,133.0812,2814.7461,117.3198,1749.9847
3177.9,3705.9,905.4498,18.9689,1.0519,419.5294,455.9204,10.3979,1552.4636,117.0796,456.8616,874.6401,73.609,50.5017,1543.0796,60.09,799.2214
3123.1,3706.6,867.6467,543.3333,350.44,403.9267,860.35,13.2833,2500.5867,96.2667,227.4033,1276.7866,71.3167,56.5967,2256.3601,81.3033,243.1467
3133.4,3707.3,596.5192,19.5577,6.0192,453.2115,241.9038,33.3846,2844.1345,69.5385,388.8269,434.8462,129.6923,61.5385,2253.4038,194.8846,896.5961
3074.8,3706.7,974.9677,16.8674,0.0968,816.6308,1379.8961,43.6308,7100.2651,174.172,1229.5699,1254.0753,194.5448,462.5663,3173.7705,156.4409,2692.3979
3144.6,3708.5,819.4532,7.5421,13.2523,396.5748,833.9019,13.6963,3024.1121,47.2336,320.8878,903.715,28.0327,50.986,2089.2898,49.0935,662.6636
3169.5,3709.4,1123.0928,33.5206,0.1443,1229.4021,494.1392,24.7423,2435.9021,176.2371,672.3712,1670.8505,127.6753,210.8557,2408.8247,105.2784,1533.8763
3162,3710.1,684.6,11.3652,0.1,575.9261,119,16.4435,3059.3958,98.813,491.5043,608.8217,133.3044,720.4087,2219.0957,96.3652,1360.5479
3270.7,3710.8,578.5688,8.9368,0.0186,417.5911,43.6766,18.368,1865.5762,76.5316,534.8104,382.29,198.9405,377.5613,2150.2043,81.7249,1151.9702
3115.5,3712,960.8156,25.8865,0.7801,730.5319,67.4113,11.3404,9075.376,93.0071,556.2553,500.922,61.766,65.2482,2246.2412,127.4043,1073.6809
3180.4,3713,1000.0773,18.5,0.2577,453.8144,1049.6753,20.4691,2317.1753,132.5309,497.3557,1033.5155,174.5979,65.2113,3167.4846,85.1443,836.5051
3150.5,3713.8,1161.5964,19.4342,8.5526,602.6228,1554.3114,15.4386,3198.1008,107.1316,401.1404,1806.2632,57.1535,59.8289,2349.7676,55.5,838.3684
3133.8,3714.4,661.4108,414.0446,315.3606,313.474,267.6338,12.4498,2141.7473,68.8513,214.8364,430.5743,64.8792,44.9331,1503.5278,72.9294,387.5093
3174.2,3714.2,1553.6942,56.5287,0.4013,651.7579,2535.6116,39.293,2665.0574,246.9491,920.4777,2048.8982,190.8853,85.4968,2645.4968,162.4076,1515.4586
3196.3,3714.8,518.2727,9.3636,0,682.5637,140.0636,6.5364,6575.3911,93.6273,467.4455,387.5727,41.2636,39.8455,1714.509,79.8636,402.4182
3076.5,3715.8,914.3,10.2763,0.0342,521.9,357.2395,26.7684,2950.0552,126.6237,1054.0421,807.6605,202.1553,1177.6526,2813.4946,136.9395,2981.5237
3167.8,3716.7,1481.0872,62.8667,1.5897,1086.682,1961.5436,35.0718,3693.8667,242.9538,548.3026,2310.636,170.2564,174.7128,3195.5181,185.8,1129.2565
3096,3715.4,1180.5254,21.5725,0.1087,659.308,873.837,30.0616,3459.5217,139.8188,755.8587,1429.6377,190.5688,273.8188,2844.116,173.0254,1955.2463
3083.6,3715.6,780.0742,8.6523,0,455.5664,77.6406,41.8594,2514.082,97.5859,1006.6953,553.9297,252.7383,207.7656,2935.5625,137.1055,2505.3008
3109.8,3715.7,1526.2972,61.7751,0.2129,1480.0803,106.1727,46.4337,4047.988,224.5502,955.7952,1573.731,214.4297,234.7309,3791.2007,170.8835,2435.2971
3116.7,3717.8,1001.1047,20.2558,0.5814,655.1512,70.6977,13.093,4597.5117,103.8488,502.6279,523.9883,63.1744,77.7209,2333.3604,101.7791,984.3837
3187.8,3717.6,701.0833,14.25,0.4236,515.5903,262.7917,10.1597,3350.5557,107.5903,291.3125,411.5417,64.6736,44.9306,1681.6945,72.9792,463.493
3145,3717.8,1048.3745,307.0038,439.3783,503.4607,392.2547,16.824,3363.1611,73.1648,336.7341,922.9401,39.3109,61.7004,2306.1536,70.161,578.1124
3275,3717.7,997.3287,31.5927,0.1152,1148.5309,67.264,16.191,2069.3286,129.1657,446.132,1145.8005,171.0112,768.5477,2459.2051,109.4494,1123.986
3251.4,3718.1,599.5872,11.2416,0.1804,441.9847,50.7187,18.945,2143.783,105.682,526.2263,388.685,163.3578,44.4098,1976.7798,102.052,1518.1406
3175,3720.1,1358.0118,55.8521,0.8935,533.1243,2811.9822,27.497,2449.7751,232.3254,644.7219,2164.3491,160.0355,83.3136,2380.355,285.0355,1643.7041
3266.7,3721,835.7638,17.1142,0.1811,721.2402,49.1299,9.4134,2291.8503,109.9843,450.4843,477.6693,76.5512,90.9606,1411.3188,314.3189,799.2559
3159,3721.7,571.2941,6.1471,0.3971,584.647,58.75,12.0735,2477.353,84.9853,632.647,418.6618,116.4265,195.5588,1891.4559,76.4265,1513.9854
3182.3,3721.6,1288.5907,47.692,0.789,748.2363,2682.5232,18.3291,3197.675,288.2068,454.1603,2591.1772,142.038,91.8143,1974.9916,160.5612,808.8987
3088.8,3722.1,1241.9924,34.073,0.0151,583.1108,407.6977,46.6524,2899.3601,173.2746,1192.073,1142.194,336.6398,1927.3477,3673.2922,192.4408,2783.0327
3198.7,3722,757.6645,16.6513,0.1579,373.7961,644.3355,14.5197,3112.9604,130.9868,417.3553,1326.3486,97.1842,82.0526,1702.1448,93.6974,861.6513
3231.4,3722.5,535.1562,16.2812,0.3438,335.2188,28.7396,4.3958,2224.802,44.0104,218.125,284.7708,33.0312,32.9583,1245.7604,170.4375,353.2812
3110.3,3722.9,1321.625,37.7321,0.0536,1194.5929,260.1214,63.8179,6023.6001,221.9571,1254.1,1033.0892,324.7786,494.8357,5155.457,226.4714,2879.7285
3280,3723.7,580.9249,7.2832,0.0925,552.2833,54.0289,16.3642,4037.0752,107.0405,541.4682,425.1965,135.8324,543.2601,1995.63,88.948,1322.3411
3242.3,3723.5,636.6947,12.7199,0.0532,407.1569,84.7703,20.2997,1891.5378,109.972,653.5518,427.1148,127.7535,48.084,1574.6863,193.3698,1664.6582
3097.9,3724.3,1100.6611,27.7807,0.0731,667.2625,1451.5515,55.887,3627.6909,172.3887,974.0498,2007.9469,212.4219,530.887,3085.3987,159.2226,2035.3522
3125.2,3724.3,1141.0245,41.0686,0.5833,943.6814,1096.3971,22.2353,3610.0588,220.1029,634.0833,2106.353,99.7598,67.7157,2367.407,122.3774,1286.7598
3165.3,3725.2,1145.598,35.66,0.129,1113.1787,1087.9132,20.2531,2750.603,185.0769,532.2134,1806.5161,134.5906,540.9578,2559.2805,177.6377,1005.5037
3152.5,3724.7,847.059,242.6254,234.5723,511.3097,174.2212,14.1858,3262.7729,85.7699,262.7198,428.1328,53.413,63.0295,2016.1741,95.4602,391.5162
3222.8,3724.7,523.6677,7.622,0.2226,322.3811,186.7957,5.0976,1440.3567,70.5305,281.0335,395.1128,50.9207,31.8963,1257.1067,68,513.4573
3075,3725.8,885.0101,14.0808,1.2828,873.0505,144.7879,36.9697,2448.1716,242.5859,939.0909,2623.303,135.8283,100.7778,3191.6768,136.6768,2813.1616
3132.2,3726.1,998.8509,45.0088,3.2105,830.9474,802.4123,23.7763,2777.9912,160.2061,557.3026,1199.8508,126.2939,68.8553,2199.3904,117.7325,1132.0308
3265,3727,864.9681,19.3885,0.0955,676.207,63.6561,28.5669,4491.105,137.6974,764.2643,530.2548,203.7739,746.6337,2406.2483,211.5127,1511.7039
3177.7,3728,566.1778,6.2593,0.0148,637.8074,210.6593,16.1704,1896.4889,100.6741,609.8963,687.4963,195.3556,1365.5703,1984.3259,109.3333,1765.6888
3256.3,3727.7,961.5118,25.0748,0.3425,1114.9685,208.7559,22.9252,3048.1851,225.0118,698.1457,1326.4528,126.8425,150.189,1931.2401,102.2205,1744.6456
3111.9,3728.6,861.8148,21.5556,0.0926,898.1667,231.6667,19.6296,7450.8706,143.7593,1071.5741,721.8148,223.3519,1066.3148,2948.574,218.1667,2412.426
3183.3,3728.8,707.2414,11.1172,0.2138,772.0828,333.7379,11.8414,3653.4966,140.2621,548.0759,864.9931,79.9517,117.5448,2033.469,157.5517,1185.2827
3082.1,3728.7,655.812,6.5342,0.094,386.9915,78.9829,29.0855,1677.8035,111.5513,778.6068,1080.2435,237.2692,122.7393,2046.3889,91.3675,1794.9231
3236.2,3729.9,958.9799,20.5729,0.2739,485.1683,124.8844,20.3442,2387.2136,142.8568,580.9296,545.6508,134.2663,83.0628,1535.1985,1855.3141,1077.4423
3276,3730.3,822.4636,16.5364,0.1137,551.0962,40.3149,42.9446,2452.7842,137.1866,875.5306,568.8163,270.6589,284.4227,2651.3062,116.6764,2083.3528
3074.9,3730.8,828.3594,8.7188,0.625,1103.7188,1280.9375,27.0312,2954.2188,220.4688,804.25,3404.25,155.4062,98.7031,3387.2812,114.4219,2428.1875
3147.4,3731,640.5808,268.3326,194.5152,372.9695,178.8525,6.3864,2980.3794,41.7377,176.7026,377.993,23.7869,52.9344,1779.5808,77.7447,277.3607
3090.9,3730.7,875.6149,8.8446,0.0068,399.1284,229.4797,43.9392,2225.1555,99.0541,813.0676,775.7635,242.4595,1654.3513,2931.6487,116.0068,2033.973
3248.9,3731.8,1073.9451,24.5288,8.5628,686.2487,62.2199,33.2801,2494.3743,302.0262,446.034,726.1178,418.0367,131.0785,2983.1309,135.8351,1018.9214
3136.3,3731.8,692.3567,14.5541,0.2357,610.6688,881.2421,41.4522,2691.5032,118.1529,899.0319,1139.8917,144.9809,73.8408,2532.8916,130.707,2310.6433
3157.9,3732,1061.1847,121.3815,149.3213,624.9598,621.2089,11.1004,2895.8513,111.2169,315.3615,1152.2531,72.3534,66.245,2056.6545,85.6546,753.0361
3199.5,3731,1015.8113,27.6312,0.0446,647.247,322.578,19.0069,2717.4133,147.9897,489.3791,958.3516,188.2213,573.6552,2144.2126,137.5009,1107.1046
3103.3,3731.7,891.0417,7.8241,0.0093,491.6574,140.6019,34.0648,2687.9167,100.4861,796.8519,596.8611,104.7315,323.588,2498.6204,97.0093,1761.7177
3128.4,3733,1225.2667,39.2311,0.3822,1401.6178,620.3422,31.9511,3470.5112,185.1778,781.8,2159.6843,154.1733,104.3689,3399.2622,129.0222,1466.7422
3170.7,3734.3,955.2322,22.1273,0.1311,1009.6517,61.1573,6.9588,1665.4082,118.1685,284.5131,1095.5281,98.2884,69.9438,1987.5842,74.0075,655.8052
3255.9,3734.4,1196.6931,26.1386,6.6238,1731.7228,138.2277,42.0693,2502.0298,315.6337,594.7327,2157.3169,357.297,75.7921,3447.1484,142.9406,1749.1881
3096.7,3734.9,851.8758,8.1013,0,445.0784,150.5588,54.268,2197.3921,123.4804,1061.1666,717.8987,206.902,642.8595,2638.6079,111.1961,2441.8203
3269.8,3735.1,563.6528,1.4093,0.0259,492.627,22.4352,12.2539,2205.2539,42.7617,541.7772,367.2539,89.8342,349.8031,1828.4871,46.6321,1428
3228.3,3735,937.7544,22.5579,0.1158,543.4667,102.9088,13.9719,1839.3087,189.0632,729.393,2407.572,83.8561,58.9439,1795.8877,162.786,844.4105
3087.5,3736,1123.5679,39.6337,0.251,575.0576,1426.9424,45.6461,2153.5391,176.5226,904.7819,2402.2798,211.8477,517.6008,2573.033,121.3045,2064.4197
3121.2,3735.6,876.8621,31.8069,0.3655,760.1552,1218.431,21,5320.3999,181.0034,709.8311,1314.5276,117.4241,80.6517,2311.4656,132.6414,1245.0931
3079,3735.6,1205.6824,24.9871,0.1845,1205.5065,525.5708,32.3519,2093.9355,204.1803,987.97,3399.0901,249.1202,144.0773,2641.4077,119.4635,2239.5322
3241.3,3737.2,817.8495,15.5737,2.1129,592.8182,317.8777,31.8401,2233.7273,182.2163,979.9185,962.5235,144.4796,80.6113,1959.442,155.2257,2086.3855
3262.3,3736.6,893.8853,9,0.0656,1094.2787,1040.459,26.082,3154.9468,161.0082,478.3893,1861.1968,80.5738,63.4795,2667.0532,117.5861,1224.2664
3108.4,3737.1,1494.7108,41.7843,0.0245,665.0343,725.5441,54.4951,3564.2107,220.1716,886.7304,1435.3529,151.0539,111.049,3226.1912,150.9118,1986.7892
3213.2,3737.9,580.5282,13.2606,0.007,936.5211,98.5,6.5634,1786.1971,90.7606,356.0282,915.7606,70.5704,40.5141,1801.6056,75.5986,727.2535
3196.8,3737.8,1054.3969,25.0794,0.0556,803.5714,296.1587,27.2857,2032.8651,143.1667,562.2381,1165.5079,162.2778,56.6905,2142.8491,104.7064,1277.5635
3178.5,3738.5,647.4676,13.2454,0.125,1050.7222,98.2755,14.7477,2349.2339,104.5625,408.7107,873.4028,79.4028,162.7685,1899.0486,115.838,855.706
3142,3738.7,886.2194,27.8934,0.0721,717.4263,1226.1693,29.6959,4181.7241,141.6897,585.3229,1874.8872,128.5455,74.373,2725.373,154,1413.5925
3102.8,3739.8,1142.5186,12.2519,0.4296,965.4518,864.7111,29.4593,2234.6074,281.1333,885.2889,1170.2,156.3259,277.3926,2412.5852,106.2296,2031.2963
3164,3739.5,710.1923,5.2372,0.5513,521.9615,31.641,9.3013,2312.5706,52.3526,334.0128,463.5192,117.2564,223.5064,1693.7051,65.1603,944.9808
3114.9,3739.8,1487.8909,41.0909,0.0455,818.1318,1499.4681,39.2682,4342.5684,228.3636,879.7,2110.8181,168.0364,101.1864,3252.6863,164.7818,1768.7637
3254.4,3741,920.8514,16.9814,1.0155,1464.1362,164.0588,39.8947,2851.5635,239.9412,558.9288,1631.4891,293.7957,235.582,3200.0061,138.2322,1324.4025
3133.9,3741.4,878.7982,19.7609,0.705,448.0341,85.1832,26.5186,2111.3914,167.1429,750.1553,2392.0125,124.8665,62.8851,2201.3262,98.1677,1775.2609
3203.4,3741.2,1100.6505,34.5437,0.1845,885.1942,228.3398,32.1327,3095.2944,178.0453,719.7961,1265.8706,149.6278,76.1942,2469.9644,119.0874,1682.343
3186.9,3742.2,607.1685,14.9213,0.0337,1001.5618,61.8708,10.8764,4117.5674,113.3146,752.0112,734.5562,84.2584,49.9045,2047.2303,262.9832,1149.0505
3093.2,3742.7,1039.8801,18.0075,0.5318,531.6068,367.3071,61.5843,2321.1873,235.7004,1555.6255,1593.1311,311.3596,919.0637,3553.5205,167.0075,3553.8877
3078.6,3744.1,690.2899,7.8599,0.0338,406.9686,43.401,28.0266,1992.2125,91.5411,1048.2657,584.1812,334.4227,319.6183,2560.075,113.1473,2772.7922
3194.6,3743.9,1100.5228,32.3485,0.0332,1420.9502,251.527,18.083,5547.3237,211.5768,918.4938,2251.9045,109.7469,72.473,2418.7053,364.1577,916.805
3110.3,3745.4,1337.1086,41.6358,0.0256,660.7029,1434.837,36.0543,3101.2429,228.0958,886.6709,1763.5527,221.6869,170.3131,2940.1694,176.8339,2710.1343
3263.7,3745.3,1069.8834,33.3238,0.0699,1902.4896,877.0596,32.0959,2838.9663,165.2306,561.3757,2724.4714,149.2435,73.3549,3388.1501,118.8186,1352.8601
3272.8,3745.1,778.9036,5.5622,0.1566,797.5582,1227.6145,13.5221,3125.0723,81.7269,496.4538,1669.6385,68.4859,50.9237,2077.9678,83.2289,1170.5623
3158.5,3744.6,1028.8245,19.5053,2.7606,454.4521,1085.7712,15.75,3120.8831,109.1277,475.0319,1125.2606,123.5745,640.7872,2562.4893,116.0213,1342.0266
3228.6,3745.5,556.4012,8.2357,0.0478,518.9681,214.0096,26.8535,2318.2292,101.2611,973.4681,696.2739,110.6879,94.0796,2034.5063,103.2643,1672.1306
3144.1,3746.6,564.9707,8.4293,0.0976,323.4195,393.7512,19.6488,1947.5269,76.5122,483.9219,638.1951,157.2829,428.678,2139.2976,88.9463,1231.7415
3167.3,3747.1,602.8041,5.7265,0.3592,548.5266,421.4898,19.8245,2079.2817,75.6,505.702,965.8123,117.1225,116.7347,2128.7346,120.902,1228
3248.1,3746.9,948.078,17.5106,0.0177,767.8475,431.0035,34.2482,3253.1418,171.0887,1283.4752,1039.1241,219.2021,59.4007,2300.8582,244.3794,2275.3723
3182.5,3747.6,765.2771,16.9679,0.0442,356.5703,88.253,8.2209,1939.6547,93.8635,403.2972,380.2932,173.261,50.751,1910.3173,79.9719,1119.261
3086,3747.7,714.6434,8.6025,0,370.291,225.2623,39.2869,1929.3811,113.418,1385.5123,692.0738,260.4385,1499.0164,2809.0288,131.4221,3297.5369
3100.1,3748,1184.4231,29.3731,2.7154,510.2039,723.7846,31.4385,2193.0078,264.0154,780.3346,2286.623,181.9192,334.9539,2907.0962,113.0846,1854.0116
3212.9,3748.2,839.0497,21,0.1271,1038.4088,134.8121,10.6796,2668.6741,158.337,533.4088,1166.3978,91.0553,162.8729,1764.2375,94.5691,800.3591
3092.3,3750.1,857.6313,14.2258,0.0507,378.3871,196.2949,23.6498,2024.5852,110.3134,770.0599,554.3963,274.4193,1062.1106,2539.3411,107.4839,1843.8387
3127.8,3749.4,1020.91,28.9325,0.925,625.2225,71.4725,14.755,3221.2124,171.07,697.9525,1286.625,100.565,68.6075,2106.6826,124.3775,1372.0625
3151.8,3750.3,662.7759,8.4222,0.0283,589.1698,92.7571,33.658,2406.8279,87.6132,782.3726,582.066,165.8467,1029.783,2660.0259,115.1038,2327.927
3161,3750.9,801.201,14.4278,0,441.732,266.1392,19.9072,2361.8247,97.1031,534.2371,557.8402,237.7165,1536.5773,2819.4021,127.4381,1468.6289
3230.9,3750.6,644.5814,11.4186,0,851.407,45.4535,26.686,1997.4419,92.9767,539.1279,683.4535,120.0698,181.5698,1913.8605,103.1512,1149.0698
3202.2,3751.6,587.8491,8.5425,0.0377,575.6957,509.316,12.441,2390.1816,109.1439,373.3137,758.2194,77.9269,46.684,2111.1133,80.6863,618.3066
3241.6,3751.3,938.6295,8.8623,0.0525,495.0033,749.0656,26.059,2495.6787,81.0885,599.3967,1948.3279,81.3705,48.8426,3687.6885,65.8262,1385.5475
3138,3751.3,709.5,1.2755,0.1224,223,13.2857,28.2551,2330.9592,25.9082,778.4796,373.6735,101.0306,396.6429,2633.6633,32.1633,2133.6736
3107.3,3751.7,984.8274,13.2944,0.0812,440.2639,2015.6853,28.9442,2553.5989,151.9086,669.8477,1761.2589,131.934,221.6599,2595.3147,118.797,1843.873
3078.4,3752.4,499.6356,3.7966,0.0847,516.9322,187.2966,18.5763,1757.9153,81.3136,1124.5509,635.5424,266.7712,183.6949,2339.8645,123.5847,3984.6694
3113.4,3752.7,807.8889,9.2716,0.1111,440.2099,766.3827,40.0123,2602.0247,106.9753,998.0247,1394.2222,122.2469,90.321,2548.2839,116.1481,3236.395
3273,3754.9,742.4523,13.5967,0.0954,429.0109,398.8801,22.6076,2569.2998,97.4578,679.7847,667.6158,167.5014,51.5232,3252.5396,100.7956,1676.5967
3254.3,3755.6,1064.4156,19.8861,0.0591,657.9008,343.4515,26.7616,3111.4705,152.192,774.3629,817.9346,184.8544,101.2363,2351.0569,131.9768,1476.403
3231.2,3756.4,1131.0702,27.4587,0,1355.7356,53.0248,23.8636,2438.9875,146.5207,578.8967,1296.6322,127.2727,73.938,2747.1199,105.9959,1338.3389
3165.1,3756.3,810.2912,15.3681,0.0495,747.4121,60.4835,31.1154,2134.9285,105.3242,863.6319,791.6978,265.4835,588.1374,2520.989,123.9835,2030.9341
3072.1,3756.9,738.7378,12.3801,0.0671,777.2947,58.5976,26.5813,2524.4614,122.9919,628.2541,840.6179,116.6463,84.3781,3114.0386,121.7602,1852.3781
3196.3,3757.8,564.825,21.8368,4.3175,450.5608,205.6676,10.816,2186.4866,81.9436,370.9199,451.6825,56.368,48.9881,1939.7775,88.9377,613.2671
3099.9,3757.2,946.2471,14.5255,0.1255,421.3451,747.5451,37.8471,2335,128.5726,848.2745,874.9177,300.5176,892.1765,2909.2903,138.1255,2250.9451
3244.6,3758.5,780.8428,8.5643,0.0357,885.2714,378.2643,26.7214,4334.293,140.2857,1017.7,885.1929,185.6071,73.6857,2782.8071,123.2786,1998.3715
3135.2,3758.8,896.3185,22.1958,0.0496,475.8094,1102.4465,18.107,2578.5769,117.1723,858.2872,1328.4308,141.2193,68.2507,2269.1436,148.0366,1426.7728
3184.6,3758,1102.5077,89.8012,16.156,412.5688,1081.075,11.5902,2475.9724,157.0291,480.4832,1286.1331,121.3349,79.9419,1842.0122,106.0933,528.2018
3264,3759.5,653.1483,5.6886,0.0763,724.6271,267.9788,19.928,2487.9832,86.6123,661.3729,971.8962,142.5763,474.6038,1923.053,107.6356,1595.4576
3218.7,3759.8,577.76,14.42,0.04,671.08,38.9667,5.5333,3742.3733,85.6333,513.56,365.2267,57.7267,42.1667,1711.2866,176.16,431.7333
3170.6,3760.5,876.2272,9.7784,0,670.5568,324.1108,14.8144,2224.2271,99.4681,800.5789,871.8837,201.1274,1334.0388,2525.7866,115.2161,1623.9308
3158.7,3760.1,1020.8088,31.745,0.1235,1713.9722,415.8167,33.4622,2545.4622,155.7769,646.8446,1748.9402,148.4622,98.3187,2675.6294,128.3386,1505.0956
3106.4,3761.5,673.0135,7.8022,0.0027,380.3686,77.645,42.7073,1834.0298,83.0352,818.5718,454.3984,271.7046,999.4499,2366.2385,101.7615,1914.0135
3234.7,3761.3,999.2778,1.4048,0,973.6349,25.373,30.5952,2879.4207,35.8889,771.1826,837.7222,72.1429,87.8651,2719.3254,32.254,1866.0555
3091.5,3760.5,815.4872,9.8236,0.0764,385.1982,469.5836,34.6145,2053.3945,117.14,818.5145,796.3418,261.4418,1088.2255,2658.991,131.7291,2632.5891
3276.5,3763.6,648.9954,4.484,0.2146,460.6028,168.4292,30.9772,2779.1963,98.0365,820.9908,643.8265,213.9817,99.516,2792.7397,104.379,2057.4385
3251.9,3764.8,1178.2189,36.3895,0.1554,1193.1226,1198.1641,49.2888,3233.7332,187.291,873.7308,2247.9846,191.0678,73.2932,2885.2429,133.9716,2001.8096
3149.1,3764.5,980.3212,17.4305,0.9007,522.7914,486.1755,22.6987,3995.6787,142.1755,615.6457,2353.1094,107.9073,75.7517,2424.884,103.3675,1415.0894
3114.2,3765.2,740.6573,10.2331,0.008,420.1076,313.7151,60.4861,1905.5977,104.9382,918.9462,749.6653,215.6932,854.4402,2306.6594,115.994,2130.3865
3075.2,3766.1,727.5696,12.0158,0,589.1551,37.0981,84.7215,2219.5381,114.6962,1299.8544,679.8671,258.7342,152.2373,2974.7278,148.2437,3132.136
3214.1,3766.4,445.0063,7.325,0.0375,365.3062,41.4813,8.4875,1937.175,66.7188,402.6875,293.4875,159.925,52.0312,1458.3812,110.9062,725.9625
3239.4,3766.3,1013.1108,5.3815,0.0862,515.0123,30.2369,27.8062,2864.9846,48.5169,567.1908,459.6739,96.9446,54.08,2918.8584,31.8677,1579.4215
3084.3,3767,688.1044,8.6587,0.0783,433.1174,58.7957,59.9957,2003.7609,96.6109,1049.0609,530.9717,238.3826,574.9457,2813.0522,143.587,2722.863
3157.5,3767.3,1597.3125,25.4519,2.0385,876.2644,2150.2356,27.726,3008.9614,213.5337,438.4952,2852.0864,110.4471,99.9904,3156.8462,90.8894,718.6971
3179.2,3767.5,717.5631,9.4403,0.0273,335.7167,160.8464,12.686,1933.1809,94.8089,810.9318,546.4335,117.0478,87.5427,1955.0034,90.3788,1379.3687
3164.9,3767.1,766.5471,1.4647,0.0059,365.8353,36.0294,11.5529,2719.8999,12.1471,519.9177,548.1353,12.9765,103.1353,2279.3999,15.7588,1477.2235
3100,3767.8,740,8.2128,0,378.4681,32.734,30.2128,1834.0851,87.0532,1124.5212,508.5107,215.4468,235.7553,2198.2874,107.2447,2997.5
3185.7,3767.7,935.8095,14.1667,0.3016,340.4762,608.1508,11.5714,2045.9127,115.4921,391.3968,651.9603,174.2857,1541.0159,2326.2461,114.5952,1229.3889
3140.2,3770.5,722.9423,2.3237,0.0064,568.782,9.7821,11.2564,7331.3848,35.3173,906.7275,464.407,22.7532,68.984,2158.1794,754.0833,1147.7372
3119.4,3769.8,1199.181,32.7149,0.3756,510.9774,614.095,53.4344,2264.3574,178.3032,773.4751,1935.4344,172.7828,343.0815,2257.3982,160.1991,1644.0905
3198.8,3770.2,836.3063,15.25,0.0063,544.475,292.4375,17.7062,3366.0688,160.3813,1883.8375,882.5312,240.3813,835.3375,2455.7063,445.8937,1658.2688
3152.8,3771.2,1344.4451,26.4913,5.5434,527.052,468.1387,34.1272,2729.7747,208.3815,677.6127,2802.3989,188.8497,586.7803,2703.1619,111.8728,1908.2428
3191.6,3769.9,1151.4884,37.1914,0.1617,484.4818,1228.2871,21.8383,2426.6567,186.3696,902.6139,1342.165,191.1782,953.3895,2367.7295,176.1914,1429.2046
3094.2,3771.9,888,7.866,0,393.0619,31.0825,34.7869,2047.0894,100.921,1081.8281,502.1821,256.0275,1076.6049,2668.835,125.1237,3538.543
3243.5,3771.8,755.6613,0,0,411.129,26.0806,15.3871,2117.9678,7.1129,500.6452,322.629,21.5323,194.6935,2168.2419,4.7097,992.0806
3103.5,3773.4,832.816,9.8333,0,400.6215,58.9722,60.8507,2114.4722,109.191,1196.5139,554.9688,281.7882,1548.6528,2723.4619,137.0938,3605.8298
3163.7,3773.8,999.3113,16.3553,0.3396,405.4371,690.4245,13.8176,2419.5881,174.7264,531.6855,2140.3743,90.066,80.978,2371.1951,91.0346,1016.3994
3240.5,3774.3,1020.0956,2.7426,0.0294,491.5735,497.3529,13.8897,2143.478,114.2574,490.125,1089.5367,43.1838,94.5956,1930.3088,43.6544,862
3127.2,3774,702.6284,8.3028,0,368.4817,61.4862,9.8945,1710.5825,81.7615,647.9725,396.8394,147.3486,1388.5642,1867.078,99.422,981.7339
3216,3774.7,896.3618,25.3823,0.0239,517.3038,461.5734,24.7816,3344.3379,144.471,624.4027,971.2014,172.2764,56.6689,2042.6621,1732.8907,1225.9658
3272.2,3775.4,601.0703,5.5391,0,466.7969,72.4297,15.3438,2953.9062,72.4766,857.5234,508.3125,161.8672,53.2188,1772.7109,79.2578,2038.2188
3202.2,3776,632.0435,8.087,0.1304,697.471,356.5507,20.8261,7242.4927,137.471,909.1304,756.9276,92.5145,109.2681,2221.0508,249.2754,1593.5942
3115.4,3776.1,1499.8152,44.2717,0.3804,661.913,2320.7173,79.8478,2419.4565,211.6033,847.788,2421.0762,206.2174,286.6467,2710.2065,145.8587,1869.3369
3234.3,3776.2,1145.2521,18.4006,0.0308,1285.2325,408.1821,17.549,2773.6582,173.6134,382.6499,1632.5826,71.3613,62.4762,2316.2129,88.3754,542.3754
3186,3776.3,1011.8237,28.0153,0.908,437.6552,919.046,26.3985,2295.1035,197.2682,641.5632,1082.6897,176.7203,391,2285.8083,134.0843,1990.3678
3179.1,3776.5,770.6579,13.9737,0.6711,421.7939,589.5526,31.4737,2299.5615,189.1009,2029.0614,1209.171,239.3421,71.5307,2764.2061,149.3728,4875.9209
3225.5,3777,757.9643,13.0429,0.1,454.4714,387.25,13.0952,2470.8547,99.5357,354.6405,649.8167,74.8619,72.0119,1945.6809,92.169,711.9072
3147.1,3777,1000.8632,12.7137,0.3547,462.8718,72.2778,17.9509,2919.1389,119.5962,675.4957,663.7906,157.5983,405.6047,2645.2371,182.9338,1768.562
3132.9,3777.5,804.8025,8.1481,0,371.4753,72.9877,14.5679,3309.3765,99.8025,875.1975,479.3827,180.0926,1193.7407,2236.5308,574.8457,1961.7037
3195.2,3777.8,1128.6886,34.114,2.6053,621.5965,1913.1184,19.8246,2753.5789,284.7193,637.6623,1660.6404,140.5,161.4956,2342.3684,242.7895,1464.9692
3091.6,3777.5,649.6342,5.4024,0.4878,426.7805,34.8537,30,2006.1586,81.5976,1147.4634,506.7683,182.7805,160.939,2484.2927,126.7073,4472.6221
3209.3,3778.3,780.6667,14.2807,0.3158,548.8129,102.6608,52.9298,3350.9065,193.1637,788.8011,2188.5381,162.5556,60.655,2282.4678,1796.924,1905.807
3077.1,3778.6,783.3074,13.9711,0.0472,383.0578,27.9863,69.1507,2301.0229,97.3135,979.21,459.9422,288.3303,980.7488,2677.3987,127.0959,2538.8918
3107.3,3779,772.1619,8.2762,0,429.5619,71.2762,45.3333,2152.1619,98.4,1191.0667,673.0476,338.9143,1031.9048,2713.5811,123.4,2711.7715
3165.1,3779.7,603.9048,3.6349,0,410.1587,1081.8254,20.1587,2603.6509,117.3968,1987.4286,1492.3492,263.4603,61.1429,2307.365,101.8413,2475.873
3174.3,3780.1,1068.3983,42.7718,0.0124,765.8796,337.2905,57.4274,3132.3071,195.5311,1669.0747,1584.9128,288.3071,72.6805,3899.7883,160.3278,3746.6555
3121.2,3780.5,1602.2698,48.267,1.3243,507.6403,1370.6077,31.1335,2300.9592,172.0273,584.9946,1634.9755,211.8174,383.1907,2701.0054,123.8311,1323.6185
3100.6,3783.6,1100.5436,11.5052,0.0244,442.5993,100.6864,53.1882,2230.094,126.4216,1338.8397,846.7526,219.5366,217.3868,2778.6865,145.6376,3664.425
3166.8,3783.6,757.1739,0,0.7174,138.587,14.4565,8.6522,1698,0,1484.2826,434.9131,0,36.5652,2041.9348,1.8478,2442.3044
3274.3,3783.7,642.1802,5.0552,0.061,532.0668,348.7936,18.0407,3686.0203,89.0058,1028.4884,776.4332,210.9012,661.7471,2465.6077,376.9012,2671.1396
3154.3,3784.1,812.0546,15.1399,0.041,777.6621,64.0102,32.6928,2574.8191,111.2662,886.0819,876.488,141.2833,259.6655,2886.686,121.5904,1795.5563
3109.1,3784.6,918.3135,16.5085,0.0254,421.089,166.8475,55.4025,2578.678,120.8305,845.0975,571.9322,242.9746,1205.3687,2589.2415,126.161,2032.5127
3189.6,3785.4,745.589,13.3559,0.1454,468.3759,201.7368,11.386,2474.1604,113.0251,524.9173,526.5088,200.4511,1123.8496,2126.1177,150.4662,1382.4336
3088.9,3785.2,602.2625,8.3392,0.0678,355.4159,23.9115,31.9646,1990.2419,81.3009,995.0295,454.7699,190.6814,558.3452,2137.1357,105.174,2745.9883
3144.3,3785.2,732.6492,9.2557,0.0557,380.5738,68.341,20.9213,2336.459,86.9475,620.7082,408.0656,160.7639,946.4262,2498.7441,189.341,1799.5934
3198.6,3784.9,827.0441,16.1324,0.2206,711.2941,581.7206,15.6471,3768.2354,130.3235,802.0147,708.6177,90.1176,78.3824,2002.5441,803.0441,1181.4265
3211.6,3786.2,702.0972,11.8495,0.0764,394.9352,234.8681,26.6204,2288.0278,98.7755,592.8125,619.2384,99.5718,50.2014,1804.0787,138.6829,1393.5232
3125.3,3786.8,1379.0458,50.5882,1.6078,672.1046,1148.5164,30.6209,2359.8301,189.1242,534.5883,1565.7059,169.732,102.3203,2668.647,134.1634,985.0261
3172,3787.8,988.5926,12.7259,0.3,1258.0555,145.2704,25.9963,3849.7185,116.2444,774.6296,1972.8296,107.463,62.6111,2501.3518,244.9815,1819.0222
3259.9,3788.5,932.6409,14.5973,0.0034,1042.3423,111.9832,13.7685,3846.0671,126.8121,694.7986,1562.547,136.698,68.0738,2404.4128,104.057,988.0839
3133.5,3788.6,1161.6885,36.7295,0.8975,722.8893,1830.6803,26.8279,2382.6147,146.3279,750.2705,1536.0615,132.5943,81.4631,2487.3237,162.8525,1144.2705
3118.4,3789.4,1243.0815,36.3519,0.2361,1398.6353,821.1931,45.9528,2261.8499,169.9742,760.9957,2081.0515,163.9056,160.0215,2675.6052,143.073,1646.2274
3204,3789.8,826.5021,18.4935,0.5022,533.7792,379.5195,13.1818,2874.9871,131.3463,479.4069,621.0952,143.2554,61.9134,1846.9611,288.2121,771.0779
3162.6,3790,1080.4077,19.4764,0.4721,946.3219,1122.9957,14.7339,4875.9741,173.1159,475.2017,1300.7682,70.1931,66.8369,2168.4763,227.8069,540.9142
3231.5,3790.2,1354.9237,11.5318,0.1094,571.8041,512.4631,17.8295,3074.7456,78.1807,364.43,979.2239,58.1527,75.4784,2789.6514,49.9517,797.0509
3143.3,3791.3,686.4133,8.8469,0,343.6122,81.0204,18.8163,2069.0562,87.1429,754.4133,438.2245,196.0051,132.3673,2177.9949,109.1786,1713.6021
3198,3791.4,1114.8577,35.4269,0.8654,591.8231,1377.3577,20.8,2885.5154,183.8961,646.7654,1467.8231,142.9154,125.6769,2362.2385,200.1077,1261.3462
3222.1,3791,1030.8588,20.0663,0.0202,777.4553,963.5187,34.8559,3371.5879,142.5735,847.3919,1286.4438,180.7637,299.049,2520.6082,149.0317,1894.6283
3243.2,3791.2,1175.4714,32.1023,0.8138,941.3272,1642.448,19.4883,4106.4629,197.0503,544.5151,2320.114,103.8607,64.9883,2438.0386,135.3272,960.1694
3109.4,3791.5,1458.3538,40.4585,0.7293,488.8646,1480.2664,45.0393,2512.0437,207.9738,654.4236,1601.0175,212.0131,609.9388,2589.3406,125.821,1407.655
3080.1,3791.8,734.341,11.0128,0.0231,1264.7487,36.4308,39.3615,13183.7227,120.2359,951.3231,489.5308,108.8,95.3462,3224.3845,130.7769,1664.5461
3102.8,3793.4,1169.1345,33.0269,0.1928,485.5516,1398.2152,48.3363,2547.6501,201.9731,828.0986,2324.9148,177.4933,301.13,2689.3857,139.1614,1971.5695
3124.5,3793.7,1174.5898,32.0369,1.129,843.7788,1795.9723,28.4562,2697.47,164.0323,450.0461,2060.0322,122.5484,84.6452,2865.4148,263.8571,995.9908
3096,3793.7,748.6761,11.5352,0.0634,413.9261,67.3204,41.081,2410.4473,90.9225,962.5669,530.743,217.4331,774.5317,2576.0176,122.8873,2402.1267
3193.7,3794,751.2632,10.4511,0.1203,565.4662,127.9474,12.2105,2953.7593,87.203,545.5564,463.2331,66,122.7143,2148.812,103.4662,973.2932
3166.7,3794.4,1522.3314,29.8876,0.0355,535.4615,1106.1598,16.6864,2968.3196,137.787,493.6035,1454.0414,109.8876,97.6982,2416.5681,102.355,1368.9053
3130.6,3795.7,778.25,16.8021,0.9792,600.8073,127.3229,18.7656,2670.3125,112.2604,426.151,460.0625,123.7448,84.4323,2073.7292,477.3906,839.7604
3152.9,3796.4,569.4167,3.6667,0,996.9583,311.4167,15.375,4077.4583,97.5625,536.375,830.2292,65.3125,87.4583,1994.6666,85.2917,1033.5625
3255.3,3796.1,946.5433,15.2356,0,772.2211,192.2163,18.7596,7777.375,168.6683,2316.553,983.1635,117.5337,79.1298,2614.3845,102.0673,1084.1154
3261.6,3796.5,719.981,11.6667,0,640.4286,131.8762,13.819,3554.9905,111.4952,567.3333,566.2095,167.819,57.8571,2177.762,108.6667,1308.8857
3216.1,3797,620.9375,5.6125,0.0156,396.8438,261.6719,12.1125,3248.375,69.7906,420.1875,629.9031,55.6594,43.2406,1945.1125,64.8469,1010.3156
3171,3797.3,1449.7991,34.6422,0.0441,558.0196,489.9412,36.7549,3284.7354,165.6667,832.0637,878.4314,245.0588,107.0294,3414.8677,118.1373,2096.7646
3111.4,3797.7,733.551,7.7177,0.4694,490.8708,909.1531,45.0714,2647.3979,116.483,798.3945,1009.051,198.6293,1047.3673,2479.2654,201.1633,1952.7142
3142.7,3797.5,557.0206,4.1753,0.1856,643.3196,178.3711,19.1649,5259.7837,65.9175,749.4742,483.7835,71.9278,96.4124,2180.7629,100.866,1677.8866
3184.8,3798.7,811.6815,391.4226,218.5595,291.628,15.6429,8.6637,2590.2083,30.3065,211.1667,248.878,23.8482,47.9583,1489.7976,34.131,366.8185
3248.8,3799.1,1279.7637,43.879,0.0202,640.4467,973.0692,21.1153,4894.1987,206.6254,821.8415,1214.1066,166.3977,95.7695,2847.6946,134.0865,1193.8213
3258,3801.7,825.2733,19.6533,0,760.4133,329.78,26.6733,5791.02,157.46,1258.8267,846.94,194.1467,86.0667,2674.9734,109.5067,1988.7933
3085.8,3801.6,637.3259,7.8403,0.1022,514.2428,155.9393,32.4185,2581.8179,104.2332,1143.3546,605.0319,227.7444,275.8371,2407.5654,117.7444,2776.23
3276.7,3801.8,699.7385,5.1632,0.0502,557.341,33.8033,11.1632,5909.3726,72.4393,654.9351,424.1715,49.5795,49.2992,2123.4917,98.5648,1385.7218
3149.7,3802.4,677.188,8.4883,0.1671,607.5718,242.2846,10.4648,2474.7102,145.0574,488.8642,1559.2976,68.4073,393.3812,1932.9504,70.0627,1033.6031
3078.6,3802.3,790.7431,6.7982,0,444.8716,37.6972,34.6605,4573.7705,104.6147,1506.2936,628.0917,225.0367,582.0367,2767.3945,234.9725,3295.4863
3114.1,3802.4,531.1304,6.6739,0.1957,612.3043,68.0652,30.7174,3872.5,87.4783,812.2826,443.6087,117.7174,130.8044,2722.0869,507.9565,1730.5652
3197.4,3801.5,948.8154,15.0129,2.5536,629.9142,1009.7725,21.2747,2920.7083,194.8627,689.6953,1327.3262,101.6738,73.4206,2602.2102,115.515,1540.1846
3203.9,3803.1,1108.1864,32.178,34.9492,637.4449,329.5805,15.6059,2620.3093,210.75,584.1144,669.0255,130.839,69.3602,3731.7332,123.3644,1305.1737
3238.4,3802.7,1105.5515,33.3555,0.01,491.299,576.1229,22.5482,3142.4087,149.8538,524.6611,1546.7142,163.4751,90.9302,3014.0432,107.1163,1366.8007
3136.5,3803.7,561.0685,6.2612,0.0493,384.3083,28.4325,17.0535,1910.1456,70.137,568.1178,340.5053,186.4797,999.8672,2236.0278,112.2034,1562.6724
3267.7,3803.8,1070.1646,25.0909,0.0952,892.8398,1130.5454,29.2121,3971.0259,174.1602,787.2944,1746.0433,158.5022,77.9221,2700.0391,133.0217,1597.1559
3174.7,3804.2,1088.4546,19.2273,0.0727,732.0637,48.1545,16.7818,7389.918,148.1636,716.5909,474.5545,151.6364,91.7727,2363.6909,129.8545,1567.3
3166.6,3805.3,967.4363,18.3253,0.0626,586.5555,67.4081,29.5212,3344.3677,139.6828,930.7293,556.5555,250.1535,451.9111,2750.8484,136.6121,2200.4666
3181.3,3805.7,795.1918,10.8767,0.8973,561.0753,17.1575,7.9041,5138.623,95.0274,646.3219,396.5274,51.5479,67.1164,1847.8014,112.2808,1025.6301
3101,3806.1,1224.4921,32.873,0.9312,753.8466,2985.4602,41.5556,3612.9683,223.8677,949.4709,2561.6667,188.5926,95.0635,3623.9365,178.5873,2796.3015
3194.8,3808.8,763.5729,7.5678,22.804,527.5527,886.7789,9.8693,2528.3315,95.5829,400.6332,1188.9749,38.4322,54.3518,2310.9045,58.6332,793.0502
3119.7,3807.5,682.8328,8.3141,0.0836,401.7637,300.4121,39.5014,2188.7522,106.611,962.7551,644.6254,253.9078,774.8991,2609.7983,158.3372,3029.0374
3211.2,3808.4,975.1144,19.209,0.8955,1043.7263,259.0846,15.4677,2544.8059,217.2736,459.7164,2220.1343,85.3085,57.3383,2345.9104,82.5323,1141.6119
3260.5,3809.3,1098.6005,31.8767,0.0205,982.532,117.9817,36.2808,4197.8608,192.895,1141.6804,1106.2739,249.7283,123.0274,3122.509,158.6301,2396.8494
3249.5,3809.4,1143.2356,39.1799,0.0278,601.666,148.1606,26.9893,4291.6294,195.9315,1211.4839,742.4668,375.4069,1374.4946,3400.8523,182.3726,2459.4519
3107.4,3809,1118,34.6838,2.6368,606.282,2439.9146,41.235,3274.2009,177.3376,970.2051,2239.3247,196.235,115.3333,3349.782,214.6838,2417.2351
3175.7,3810,920.2048,13.6286,0.0952,428.7429,23.5524,12.6524,3114.1667,86.4,573.2238,387.2,116.5238,510.3619,2186.7239,92.3429,1162.0048
3234,3810,828.7857,20.1319,0.0962,432.8214,73.9451,36.8709,3046.1484,120.6511,539.0522,452.7747,206.239,66.022,2982.8489,114.0275,1632.8983
3157.2,3810.2,1091.0831,35.0223,0.7221,661.1927,1604.6125,26.783,3125.1338,221.3895,594.7018,1389.5273,135.6207,114.4746,2492.136,153.4929,1267.9656
3085.2,3810.3,1093.6621,29.5708,0.1324,876.3196,100.2968,55.2922,3933.2556,202.3425,1443.5115,758.3105,473.5205,186.1187,3894.6074,175.8584,3473.7168
3094.8,3810.4,1178.6964,42.7976,0.9555,906.7449,1865.2307,100.3117,3774.9919,246.3482,1729.4493,2504.4534,293.3684,96.2389,4261.5303,218.7611,4762.3281
3184.2,3810.4,607.7964,0,0.3186,237.8319,0.292,6.4602,2467.053,1.3894,320.0885,134.8142,6.354,30.6903,2078.1504,8.2035,694.4779
3205.1,3811.6,1073.6597,24.0252,6.1345,708.853,1495.5463,16.5042,3165.0715,165.4034,604.7815,1984.3362,83.6723,58.1975,2628.8276,332.2815,1158.4958
3276.9,3811.6,607.4138,2.9655,0,548.2759,13.7701,16.5172,5230.3906,62.9195,826.4598,461.7931,83.7126,84.7241,2489.2644,75.9425,1054.6437
3077.9,3811.9,1727.1129,56.235,0.0207,959.0784,128.5829,67.6152,6670.417,251.0161,1668.7581,1049.0599,479.3825,880.1682,5621.3984,305.553,3734.9377
3126.5,3812.6,774.6344,10.0887,0.0753,401.9382,203.0242,21.0134,2183.2124,125.2903,762.3737,800.9623,212.9167,1180.4301,2251.4866,107.1613,1659.0376
3270.5,3813.3,1051.1971,17.4444,0.0143,684.2688,148.0036,18.6559,4609.1436,148.1613,1108.8173,745.362,361.0036,1178.8136,3174.3906,163.5125,2339.1792
3186,3815.6,753.4061,8.4788,0.1455,582.2849,25.097,20.6121,3492.2363,87.5697,567.1636,365.7515,101.6788,75.1152,2050.491,579.6243,987.8
3138,3814.6,528.4196,4.9107,0,299.0982,38.0714,18.3571,1623.4553,72.4018,955.4286,460.9911,195.5982,665.4196,1968.9911,94.125,2689.5535
3167.1,3816.1,582.9247,7.5137,0.1507,321.9795,33.6507,19.5068,2306.4177,78.1301,825.1849,409.0411,130.089,103.7329,1886.5068,95.2466,1839.3219
3132.1,3816.3,794.4892,15.1223,0.0719,384.8777,37.5396,18.6403,2779.554,161.1942,815.1151,1642.9496,178.446,512.4892,2333.0647,102.8705,1783.0288
3264.7,3816.9,838.8972,6.2897,0.0935,402.6449,62.215,34.3458,2655.4766,103.0187,966.2056,574.8785,183.7196,286.1682,2127.4766,274.8037,3186.3364
3117.5,3816.9,708.9016,13.0295,0.0525,438.5705,302.8885,26.8197,2159.2097,121.9672,777.1672,597.7705,159.5082,777.4557,2114.2559,102.6787,1840.1509
3147.7,3816.8,636.0532,4.8904,0.0299,361.4186,194.8106,28.2724,2529.1462,88.1595,879.9369,492.804,262.0897,572.2491,2209.4187,106.309,2045.5316
3174.5,3817.6,728.0142,10.8551,0.0909,658.321,51.5625,18.679,3175.8921,91.2699,622.4346,392.2727,82.9233,79.8352,2125.2556,96.7983,1580.4091
3218.9,3817.7,805.9049,13.5153,0.1595,431.0307,37.0399,12.8129,3306.6042,110.1288,367.7761,348.2577,73.8589,68.5491,1862.3895,90.7423,843.0123
3224.4,3818.5,989.7613,13.3548,0.0065,535.9097,74.1742,18.4581,5693.3809,153.4968,831.6,491.7742,197.3419,950.071,2475.7678,135.9807,2174.8967
3104.9,3819,755.2158,10.4522,0,511.9456,65.9568,26.4822,4397.3867,102.3283,1100.1576,519.788,282.0525,1514.0919,2534.9568,197.0901,1681.0789
3138.4,3820.1,624.9319,5.2565,0.0314,320.89,45.8115,15.445,1836.5078,76.1571,653.2042,397.3194,259.1518,1055.2985,2145.5288,97.2984,1800.2775
3231.1,3819.4,1117.3035,41.5019,0.0817,555.7004,93.0039,32.3346,4874.9375,183.6732,711.6926,511.0584,263.1595,80.5409,2943.646,119.7315,1645.7316
3091.3,3820.1,633.7801,7.1013,0.0287,477.3652,84.0096,50.5966,2823.5737,97.7495,1159.4169,626.5545,246.478,445.0421,2901.4512,153.1893,3013.4915
3126.5,3820.9,610.8055,10.6389,0.2431,744.243,506.4861,11.7222,4698.9585,154.125,705.2986,920.4861,79.6736,189.2778,2220.1875,147.9306,712.8958
3270.4,3820.7,1564.2205,49.8718,1.2974,715.241,1824.8154,19.0974,5030.3281,224.1026,832.9949,2785.5334,294.0872,244.8923,2847.1743,551.8821,1760.9436
3215.3,3822.1,902.4468,13.766,0.1915,840.5958,43.5745,17.8511,8361.1064,160,566.8936,427.3192,69.8511,55.0851,2194.7234,157.7021,1068.3405
3198.7,3822.1,497.4392,7.6636,0.0187,333.9813,28.6262,10.6636,1858.2336,69.7757,414.6635,292.7664,174.8972,249.4579,1537.7009,94.8692,953.0561
3206.4,3822.7,627.975,4.415,0.21,522.085,24.2,11.08,2992.49,76.93,452.25,411.995,85.185,194.07,1710.5699,182.075,943.82
3078.8,3822.8,1245.6991,25.0258,0.0573,588.51,133.6361,38.1433,4455.6274,170.8539,1069.0315,696.0286,444.5473,695.6476,3885.1577,201.2006,2680.6248
3115.1,3823.3,765.4596,10.9404,0,348.9745,74.0511,37.383,2071.5618,111.1702,626.4808,452.2638,198.5957,644.4979,2177.4043,98.8638,1369.766
3132.5,3823.8,696.4384,6.069,0.0345,603.8375,35.3251,17.7143,3010.1282,215.1675,1032.4581,563.5517,135,109.8079,2075.3005,195.8522,1940.6404
3145.8,3824.7,985.3605,25.2857,0.1769,543.551,1976.7347,41.7483,2478.7178,149.2177,863.9184,1567.8096,210.5578,169.466,2810.9116,152.9558,2564.2822
3228.1,3825.4,717.8519,9.7143,0.0265,374.0476,260.5926,15.4656,2515.9895,98.4868,478.2857,497.1852,135.9418,66.0317,2079.9683,94.7249,975.5344
3173.9,3825.8,740.8523,10.3333,0.0042,383.5612,59.0422,15.654,2328.886,87.8143,573.6456,379.5907,194.5021,721.962,2089.8691,129.9747,1373.2448
3246.3,3825.8,959.8277,21.0131,0.0078,519.3107,350.6057,37.0052,3336.5327,158.0627,1045.5378,946.7128,212.9974,122.2428,2607.8877,269.8303,2652.376
3273.7,3826.6,1176.8392,31.4777,11.1161,629.0134,396.058,29.0312,3078.6294,195.0357,793.9018,2297.8259,157.1518,203.7455,2859.6653,131.5357,1882.1295
3214.9,3826.6,746.7156,3.1789,0.0459,714.2064,12.7798,15.2982,8057.0688,71.6101,536.8532,368.6651,34.6239,53.289,2336.1331,97.5046,1193.4817
3200,3827.2,657.5867,4.64,0.0267,323.52,24.9933,13.9133,2169.2068,49.38,553.2333,315.0133,131.3733,387.92,1922.0533,53.34,1567.9
3181.4,3827,1019.1643,15.7587,0.3217,427.2028,1234.6014,24.3706,2594.9614,91.6923,504.2622,1146.2098,127.9825,187.2378,2103.2693,80.0804,1203.6154
3154.9,3826.4,815.7942,11.066,0.0252,534.2272,228.0699,28.833,3258.2913,93.268,720.3767,514.4466,228.6388,765.2679,2801.2737,138.0951,2657.9573
3122.1,3827.7,972.343,31.9025,0.8556,805.231,296.5993,32.5848,2161.3718,414.5957,641.0758,2447.2852,232.296,159.9819,2248.6028,123.5126,1574.3069
3264.9,3827.8,1187.7985,29.3004,0.2586,1295.9543,226.3802,37.4563,3220.1672,160.8327,825.4829,2276.7263,164.4943,125.0798,3859.1064,165.3308,2245.4866
3072.2,3828.4,1423.0925,41.6035,0.0441,767.6035,1024.3127,70.6123,7875.5596,240.5903,1553.326,1871.5771,418.2291,305.141,4408.5464,319.9868,3441.5728
3163.3,3828.7,721.3666,3.5467,0.1,569.94,1310.72,17.7,4356.8066,79.0333,562.0467,1115.1866,111.5,115.8867,2187.3533,146.14,1637.3467
3255.9,3828.8,834.8132,14.4217,0.0301,438.3012,83.753,27.4157,2879.1145,111.2169,729.6506,533.8976,238.494,709.3976,2826.012,123.3614,2140.6387
3111.9,3829.9,1040.3658,25.3589,0.0314,458.5749,457.1498,58.885,3371.094,248.9303,1114.6028,1006.5192,231.3902,200.2962,2540.4878,130.4286,2522.3518
3095.1,3829.5,1039.783,20.4109,0,983.4341,1117.1744,43.6473,3226.2712,155.8566,1239.0891,1472.9264,181.0969,98.7364,2605.8643,197.1977,2786.6396
3210.5,3830.1,619.2675,0,0.1744,255.4419,0.0465,4.7791,1855.2675,0,291.9767,105.3023,5.1279,20.8372,1882.3605,0.0233,828.0465
3133.8,3831.1,803.4062,12.0844,0.1219,453.8219,65.7438,43.2344,2587.4688,347.3031,626.4719,436.9188,739.4906,87.0062,2490.3843,222.6594,1827.4313
3204.8,3830.9,585.7733,0.4267,0.0267,258.9,0,5.4067,1963.1267,0.2733,335.3667,109.56,6.1667,28.5667,1775.1267,1.16,1059.2733
3238.3,3831.2,937.9783,11.5435,0.0761,1054.7826,59.2174,22.2826,5227.4131,133.0978,824,603.8478,79.8043,62.3152,2554.739,108.9022,2033.6957
3194.9,3831.6,564.903,2.6045,0,674.4776,14.0075,21.0746,3726.4553,73.4254,660.2836,540.3731,38.4104,46.6642,2090.1641,90.5373,1618.0374
3188.1,3831.6,523.3693,4.6989,0.0284,377.7727,25.8977,36.875,2537.7329,57.3182,599.392,358.4432,106.2557,50.1307,1834.4489,79.125,1541.9716
3103.3,3831.4,633.715,4.6589,0.0794,679.285,326.0841,20.986,2764.6963,119.8458,798.5934,653.8411,216.5607,1049.743,2602.3738,262.5421,1664.3505
3142.9,3832.6,591.3473,5.6077,0.0129,390.1576,94.5563,16.0064,1932.0868,87.8875,752.2444,443.2476,218.2154,56.5788,2122.0129,94.6945,2311.0933
3126.9,3834.3,520.7208,3.539,0.0714,362.6753,384.6234,21.3896,1898.5779,207.013,763.0455,682.8312,240.1818,121.3312,1857.8636,107.3636,2751.8118
3270,3835.2,1280.5468,41.038,0.7164,951.2339,955.614,50.962,5015.9971,224.7953,1240.5176,2329.5,246.4561,582.6608,4196.8101,251.2719,2915.7808
3252.8,3834.7,1598.8782,53.9283,0.3154,687.7133,1421.2258,44.6487,3689.0286,289.0824,950.3513,1961.5807,299.8961,1190.0537,3452.6667,201.8996,2345.1792
3077.5,3835.3,1062.4833,12.4583,0,738.325,265.1875,39.8208,12537.1875,165.8667,1649.4458,985.3375,344.5625,114.0958,4133.875,3596.9541,3091.7417
3159.3,3835.8,1030.2933,27.1033,1.7333,425.0633,1227.3633,28.2433,2677.5334,122.72,565.0733,1208.4734,174.56,407.2567,2673.2534,123.7867,1737.1533
3211.4,3835.5,480.1071,2.75,0,270.125,16.2321,19.3929,2164.9644,26.6071,270.6429,248.7143,63.5714,38.3393,1659.1428,34.0536,606.875
3234,3835.6,896.9091,3.375,0.1307,431.3352,108.608,10.9375,2842.4829,35.9773,719.2159,678.3636,50.1989,99.0852,2468.824,21.6477,1583.1193
3247.7,3837.8,1175.3939,31.3333,0.0788,626.7879,208.8121,36.9515,4875.1636,232.4364,988,1198.9152,234.2242,201.0546,2994.1091,144.2727,2001.0243
3099,3838.6,1061.6189,31.4811,0.1973,1439.8947,56.0135,47.1838,3184.3379,312.3865,943.1757,1247.3729,262.0946,212.327,2857.3647,307.6135,2178.6353
3150.6,3838.9,661.4589,7.2419,0.0075,380.0573,55.7407,24.4763,2413.9924,67.9127,650.5735,392.5985,112.7556,359.4888,2416.1746,113.1322,2124.0623
3195.2,3838.2,692.0112,3.8539,0.0112,474.3932,150.9663,7.3258,4019.8315,57.236,256.8539,425.764,23.8989,41.8427,1722.5393,73.2247,426.955
3138.5,3839,599.1464,6.2195,0,362.8781,418.7561,17.5488,1874.3292,124.7805,1075.5975,892.6342,182.4634,198.0732,2122.2195,143.8537,3554.6099
3200.9,3839.7,822.3682,7.1095,0.0249,727.403,113.3333,6.8159,4602.7812,61.796,304.2985,538.6119,31.1393,52.9403,2022.6119,57.7114,454.6468
3242.1,3840,927.6111,15.8497,0,680.8398,172.4216,31.9902,3473.5261,145.6144,1088.2026,800.8398,253.7222,730.5883,2947.2974,168.5033,2657.1111
3116.2,3840.1,606.9556,5.9333,0.2957,408.7573,153.465,21.5402,3214.2273,301.2598,663.8975,476.4855,239.1521,740.3214,2260.5693,114.8,2281.2153
3219.7,3840.3,641.1195,10.6976,0.0146,353.1,32.0171,19.3683,2747.3245,93.7659,867.0585,448.8268,116.5195,64.1049,1921.1195,90.2829,1787.861
3262,3841.1,1124.5685,31.1741,0.0407,737.1796,279.787,32.7593,3446.6184,166.4556,1019.7074,893.0352,325.1796,698.6907,2625.1926,160.4482,2745.2092
3234.9,3842.8,1176.3923,32.1846,0,612.8423,520.5692,43.4385,3481.2693,168.4615,1126.5116,1784.6077,253.4962,181.9692,4549.2075,144.4115,2587.7886
3186.5,3842.3,650.5822,6.4097,0.0674,363.3801,44.3369,15.1509,2558.116,79.3342,395.0216,332.8275,77.2156,47.7817,1986.5391,90.0377,1061.4097
3204.5,3844.1,630.395,0.4034,0,260.2353,0.7227,6.1345,2121.7815,0.1008,326.5294,83.0252,1.6387,18.9328,2129.9412,0.5042,569.8907
3274.9,3844.1,793.2579,17.0263,0.0789,721.0105,796.4684,51.3263,3722.1211,154.4737,1347.3789,1216.3842,152.2895,68.8579,2345.3474,121.6211,3286.0579
3193.5,3845,977.9051,13.0881,0.0508,490.4678,751.7762,13.2847,3306.8406,128.4915,358.0135,1262.722,68.6746,67.7525,1813.3695,97.8814,594.6068
3143.1,3844.4,1153.1625,34.9603,0.7798,476.0541,1191.1047,22.9675,2461.3755,155.4404,694.4476,1497.3466,177.361,313.3321,2849.7798,152.9458,1811.4296
3178.5,3844.5,645.8165,7.9937,0.0506,406.7215,118.4873,24.4557,2742.0127,98.2785,963.1519,526.019,216.9367,195.2532,2379.595,117.9873,2697.481
3227.9,3844.7,787.011,12.8118,0.0185,550.3099,46.9815,31.4465,3927.5312,147.4317,1206.9741,599.2805,206.9742,266.6125,2550.1328,123.6605,3364.1587
3101,3845,655.5347,5.0594,0,812.4059,98.604,23.396,3472.6238,501.3564,990.9703,650.9703,268.1287,566.9109,2945.406,176.8515,2520.3069
3247.4,3845.4,758.8871,11.9839,0.0645,841.9032,136.0645,40.9032,5162.8306,158.3145,1538.0807,946.8629,207.3952,837.6129,2689.5645,138.5161,3259.1775
3131.2,3845.2,560.6406,9.375,0,257.4375,42.875,5.4062,1518.6875,71.4062,354.1875,264.7188,161.5625,807.6094,1574.1094,81.2031,947.9219
3083.4,3845.7,591.3857,2.5964,0.0893,643.8143,93.5714,26.4179,5721.793,80.8071,613.0536,415.6714,65.1571,64.4179,2498.875,332.0179,1552.9036
3170.4,3846.7,546.5,5.5192,0.0096,570.9583,69.8878,26.4968,2486.0225,69.7821,856.468,546.2211,196.4167,588.8045,2228.9358,117.9551,2192.9294
3136.6,3847,892.9387,15.8491,0.8396,529.4387,356.4151,17.8868,2778.6746,137.5943,620.4717,675.5095,110.1415,217.8538,1985.6273,290.6745,1327.1746
3213.3,3847.5,834.3802,11.3653,0.024,398.8832,20.018,18.979,4044.4072,70.8713,545.9641,367.506,113.2605,45.7365,2236.6826,54.2275,1001.8862
3206.4,3849.4,616.1842,1.7895,0.1579,435.9211,17.7895,10.9474,6230.5,37.0263,325.6842,311.3158,20.7895,43.8158,1465.079,37.1579,444.0526
3120.9,3849.9,534.4724,3.9606,0.0866,499.9764,16.4173,17.4173,3269.189,88.3071,579.9685,320.4961,69.3307,92.063,2156.0078,102.1969,1426.1497
3199.3,3849.8,749.1497,5.6463,0.1156,803.3538,224.551,11.4354,5933.7822,83.5646,360.2449,447.6871,32.6531,49.102,1998.5918,85.6599,408.9932
3253.9,3850.5,1376.7773,48.3288,0.1918,810.7123,1565.6678,45.3562,4005.0959,236.161,1029.9657,2074.9109,262.5342,335.8391,2975.3972,235.1712,2582.1438
3235.8,3851.4,968.7098,19.4113,0,552.9493,95.6873,37.7268,3780.4395,173.369,1229.8281,702.076,310.9211,1321.0084,3125.0535,165.3437,2853.8281
3223.3,3851.4,644.7994,2.1221,0.0407,356.5814,10.1395,16.3314,2970.9941,35.5901,695.1773,361.8663,82.5669,157.0378,1903.8226,42.5581,1791.093
3264.6,3851.5,1007.5617,23.9903,0.0909,1626.0227,276.8571,47.5032,4323.3638,229.289,1340.0422,2134.1721,223.1331,96.8994,2904.6006,184.5422,3086.1948
3179.3,3852.1,531.4865,7.5473,0.0169,312.6047,24.4662,11.9797,1822.9865,76.1791,844.9459,408.848,173.0946,108.2635,1704.3345,89.652,2384.5
3128.1,3852.4,645.757,8.1846,0.0047,326.1986,50.5,10.1005,2128.8457,81.9603,605.5047,357.8341,165.2079,806.1098,1858.1986,84.6308,1615.1309
3113.6,3852.4,933.6799,24.2194,0.3309,761.9641,35.7518,18.4245,4371.4243,212.4856,583.9784,435.6727,99.7518,73.4065,2827.6978,112.7518,920.4568
3146.5,3853,804.7838,14.7939,0.5304,430.3007,1393.9595,25.2838,2121.9629,131.0777,952.8108,1241.2905,116.6419,86.7804,2046.7399,101.1318,2275.4832
3076.3,3853,797.78,10.58,0,580.94,52.7,53.98,4165.02,166.98,1563.5601,857.52,280.54,132.5,2969.6201,179.6,3707.78
3243.8,3854.9,852.5829,18.8945,0.0754,651.8693,55.8744,44.8442,4659.9248,166.5628,1262.6533,672.6884,206.6482,148.2965,2781.0352,165.4774,2877.8845
3195.8,3853.8,919.3581,16.9595,0.1216,1039.2703,34.1351,14.7095,5147.939,144.3108,790.6351,471.3378,84.5946,189.6419,2178.1284,208.3649,720.8716
3136.8,3854.8,977.2713,33.0271,0.2171,528.5155,1780.3024,22.3643,4538.5234,234.1822,758.376,2096.3293,129.1667,121.562,2084.4341,132.2674,1943.717
3106.9,3855.3,685.4528,14.9094,0.1245,1200.5886,45.0113,17.0302,3004.0906,149.4528,1080.9471,1011.6604,86.2604,198.1245,2310.4565,113.3623,1548.9924
3204.8,3856.3,577.7765,4.697,0.053,543.4735,80.5795,11.4318,6073.9434,64.6705,615.3939,475.0114,95.8674,39.4659,1653.1023,87.4318,1358.7651
3155.7,3856,610.5529,9.2461,0.1716,439.5061,103.4142,27.7036,2437.8145,104.1906,1143.4454,538.2028,193.773,188.8215,2261.416,118.364,2783.6465
3250.8,3857.1,1286.8943,53.351,0.0673,1975.4135,296.9327,54.0481,5797.2163,245.6971,1182.476,2223.8606,180.524,77.7019,3683.2644,198.3029,2713.3076
3088.3,3856.8,770.4638,14.1574,0.0851,655.6553,265.8723,19.7106,4861.5703,209.9745,2942.3872,1057.0851,152.183,129.9362,2382.5916,318.2766,1790.5021
3257.7,3857,994.3273,24.5455,0,1412.7394,277.2849,41.3212,9044.7939,214.4,1139.9454,1554.303,183.297,61.3152,3262.7031,662.1394,2957.0122
3120.3,3857.5,598.32,6.9289,0.0933,589.5289,27.4444,12.9333,4153.7378,110.5156,867.36,405.4622,76.4133,64.4222,1906.8622,127.6622,1413.1244
3165.2,3858.2,638.3871,5.0323,0,474.9355,1473.5376,35.1936,7816.2041,145.4839,1025.2258,1871.3226,113.5269,55.5269,2259.5483,98.2366,2974.5698
3215.2,3858.4,673.0052,8.8455,0.0707,475.4241,54.6099,9.8717,3202.2617,98.2618,409.8167,389.3115,66.7461,41.6675,1824.1832,92.8979,882.377
3195.1,3859.7,928.4454,22.9214,0.0437,633.9083,71.9956,11.7773,4012.6375,137.1965,738.1965,466.6114,85.3144,63.1266,2139.2053,105.9258,839.9258
3226.3,3858.9,771.8495,8.8589,0.0345,389.373,35.2978,20.7712,2864.5234,44.1536,393.3292,303.0784,46.5831,65.9875,2151.7993,35.5455,876.2884
3188.6,3859.6,839.4891,13.5255,0.1022,671.0949,88.6642,11.708,3103.1533,128.1314,762.7153,484.6131,53.1241,55.3942,2030.7153,90.3723,1665.5475
3277.2,3858.8,888.4576,0.2712,0,457.4633,67.1243,10.7571,3261.322,18.2825,748.3672,989.1299,47.0226,42.6949,2610.4971,30.2938,1960.8588
3100.3,3860.4,614.5714,8.1039,0,490.2532,829.6234,44.7143,2779.9871,108.3636,897.5065,845.4805,95.6104,81.7987,2714.4805,157.7208,3065.8635
3133.7,3862.6,501.7548,5.5747,0.023,300.9349,63.6437,14.7356,1740.9004,82.3142,1088.295,496.0613,203.4368,212.6552,1815.4407,94.7778,2738.7893
3077.9,3862.4,860.1631,10.7167,0.1974,852.3304,39.8197,39.4249,12238.8926,141.2361,1054.5065,549.4206,191.4464,103.3004,3024.9441,181.6309,2398.3262
3178,3862.7,644.6583,7.8719,0.0452,452.4548,34.7186,16.49,3301.4573,84.2111,664.0452,379.1332,135.5729,609.6834,2012.387,107.1206,1560.3768
3145.1,3863,592.9196,6.6437,0.0345,370.0805,113.1466,40.5086,2271.6121,102.6437,1296.6034,579.3678,150.1695,542.8592,2233.9482,125.1724,3421.9597
3259.2,3863.4,866.0128,20.7261,0,1445.4841,106.8535,32.1783,5667.8726,171.879,1239.8535,1345.0192,151.7261,70.9299,3361.637,158.8089,2350.1912
3118.4,3863.6,534.2275,3.6407,0.0599,581.2934,21.8263,21.3952,6867.1377,94.7066,764.3293,396.479,102.4311,61.994,2086.6768,103.1796,1388.4132
3273.9,3864.4,768.9797,1.1757,0,402.9595,14.277,3.3784,2725.6216,10.0878,675.0473,648.3041,16.6419,27.6014,2176.7905,12.5338,1698.1892
3235.3,3863.2,827.1743,13.8651,0.1382,516.3224,98.0197,22.0822,5079.0493,158.3257,530.2401,430.6086,110.0658,82.7993,2082.3848,97.3651,1335.5625
3201.1,3864.1,727.3726,10.434,0.1651,554.9387,811.816,8.533,6787.354,114.1792,534.5849,942.1415,59.967,43.0708,1569.0566,89.2264,870.4434
3208.7,3864.6,979.1783,27.8217,0.124,634.6822,846.8488,14.2016,4605.3564,148.0271,525.969,987.4225,115.2636,53.6163,1974.4264,109.4264,826.2985
3221.8,3865.8,863.1218,24.9543,0.0102,531.6447,807.6447,13.4467,4161.2285,148.868,411.9239,824.401,86.3756,55.8325,1874.934,178.1574,645.6802
3229.6,3866.4,799.7344,16.0625,0,335.9688,34.5781,20.5469,2768.4062,101.2812,454.1719,332.6406,132.75,153.2969,1744.4375,81.2656,1436.6094
3109.4,3866.5,588.494,7.6788,0,584.203,47.297,21.7424,3190.6787,89.8727,1164.5485,502.5606,229.3515,439.2636,2571.3455,135.7182,3443.8516
3097.1,3866.9,1166.3658,38.8496,1.187,552.4675,3677.9431,46.122,3379.1748,192.1545,936.9675,2578.0935,223.0366,114.2886,4162.3008,154.9187,2787.5732
3086.2,3867,889.9272,13.5364,0.0189,449.6388,52.6253,31.0027,3960.709,107.593,856.3719,462.3882,306.1563,637.097,2678.8921,116.6253,2035.0107
3190.1,3867.1,847.1061,15.0559,0.0112,413.1508,68.0223,23.1453,2690.6704,120.2402,1260.7988,586.7039,172.3687,63.1006,2049.0725,124.5419,2266.676
3166.6,3867.5,784.9328,82.8775,77.1423,355.9684,36.5692,8.1542,2518.3677,72.166,238.8024,279.2332,55.419,50.7075,1386.1937,112.0316,558.4545
3152.7,3868,536.6213,3.4615,0.2959,394.9704,24.2899,24.7988,2667.5088,71.1538,806.3964,383.1834,60.8047,63.8106,2117.5444,101.2663,2102.8225
3115.9,3869.4,547.3275,4.3009,0,486.0797,24.885,12.3628,5190,72.5841,560.0974,332.6637,154.0177,182.9469,1846.0885,83.3451,1250.9469
3142,3868.6,654.9039,5.2692,0,349.9808,19.4615,26.2981,2045.2307,93.1731,1377.9519,548.75,168.9423,722.2596,2151.9905,123.8654,4309.4712
3236.9,3869.4,747.4124,12.4407,0.0678,426.4124,45.0339,31.4463,4021.8135,122.3503,740.8531,443.0283,181.4407,197.548,2300.1414,104.017,2159.0227
3128.9,3869.3,508.9509,8.3374,0.1656,390.7577,32.2209,14.135,2504.457,81.5337,709.8221,361.5276,190.3865,868.5767,2169.408,124.9877,1534.8252
3183.6,3868.9,1247.9957,37.0169,0.1392,688.827,1524.9198,34.654,2880.6877,160.8059,666.8397,1471.8439,136.1857,79.6245,2368.8481,174.5485,1671.9536
3227,3869.8,662.0227,13.9015,0.1212,381.9091,102.8864,11.303,3008.1819,88.8636,363.2727,346.2576,62.8712,47.6061,2062.5757,82.0227,1130.3561
3254.2,3870.1,1384.3027,56.0595,0.0189,1801.681,194.8081,66.7,6277.4893,260.7892,1503.673,2383.3215,243.1297,105.1216,3806.3242,180.127,2577.4866
3268.5,3869.6,609.0396,7.1186,0.0028,514.4068,55.7119,15.8277,3289.8503,94.1017,662.9266,466.4774,160.1751,459.9124,2327.4041,120.613,1733.1328
3080.3,3870.6,683.5988,10.5291,0.2384,985.843,42.2209,39.7674,15155.041,135.8256,1347.2675,651.6512,163.907,94.5581,2874.8489,193.8779,2650.7383
3199.8,3870.4,847.7742,22.2473,0.172,805.215,223.5269,13.8495,3464.5698,180.7527,609.2366,536.1505,98.1075,56.7634,1868.699,84.3656,670.9785
3162.5,3872.4,655.2316,535.4011,193.5989,316.4011,115.7175,14.6554,3393.678,43.9153,150.5537,292.9096,43.8305,101.7288,1868.5254,91.5763,253.6667
3192.6,3871.9,899.9305,14.4028,0,412.3889,56.9028,18.3333,2286.9861,108.0417,876.2222,534.5695,241.1528,57.4028,1831,92.0417,1563.4861
3156.9,3872.5,631.7081,229.2727,79.2297,281.0622,118.4641,7.1579,2763.8613,45.9234,166.4019,454.4976,36.6986,195.8612,1199.0095,112.5311,292.11
3278.1,3872.4,686.8502,7.0879,0.0293,532.5016,55.5505,11.0619,3670.0032,132.1335,565.8567,495.873,151.1922,1308.5732,2615.2476,104.4886,1586.342
3138.3,3872.7,785.2346,15.0503,0.1676,412.5028,19.8994,16.1397,2103.905,121.9218,1006.3743,454.6592,147.1899,433.1732,1977.8213,102.2402,2266.1509
3093.7,3873,828.125,8.5529,0.0577,607.3221,249.7644,33.7356,3680.0625,118.0625,1114.6731,651.2981,301.6779,100.2548,2707.6682,130.024,3168.9761
3220,3873.6,1023.7765,22.1059,0.0588,1302.9569,72.549,16.3529,9749.2979,156.7961,508.898,1757.3647,89.4941,57.6784,2464.6157,187.7765,885.1137
3147.2,3875.4,744.9425,14.515,0.005,392.595,22.6975,15.09,2703.9026,97.29,708.0575,418.4475,205.305,1088.4275,2260.8674,129.8175,1871.92
3102.9,3875.1,956.0862,14.9517,0.0483,549.4276,1805.3724,21.0828,3461.5137,108.5897,635.7586,1542.1069,76.4724,63.0655,2323.1277,110.1069,1757.0242
3261.7,3875.3,1135.5471,35.2792,0.1132,594.3057,1092.5585,37.9774,4112.7432,171.5057,733.2679,1581.7887,168.717,169.1358,2737.4565,129.2491,1758.9358
3189.5,3876.3,1331.6483,47.089,0.0085,632.0255,1117.894,26.8263,3587.3982,182.6186,1028.3263,1599.75,219.5085,75.7627,2411.1526,458.9237,1227.4153
3075.9,3875.8,624.6585,6.0488,0.1463,763.0244,17.8293,15.8049,4409.5366,110.9512,729.9634,499.9146,51.0976,49.5854,2145,103.7439,1035.3414
3496.1,3759.4,571.2082,0.2271,0.0032,480.7476,1.8107,16.5331,3030.0852,4.8991,836.2492,407.7161,5.1451,23.776,2009.5615,18.5489,1766.9747
3372.8,3759.6,961.7138,17.9069,0.0483,927.4414,34.9345,18.0759,2548.7517,145.2379,743.5828,812.1172,98.5276,126.5552,2703.8999,125.9483,1686.0896
3363.2,3759.9,727.4067,9.9105,0.1483,457.5806,31.7187,14.3913,2851.9412,90.1714,526.9156,423.867,65.4936,104.3018,2215.9976,95.4399,999.3376
3322.5,3760.8,781.5488,12.1111,0,526.5185,32.6599,36.9495,4701.3638,124.0404,1087.2761,532.9461,134.67,215.8653,2545.1819,173.1448,2453.7844
3347.6,3760.9,888.4471,16.538,0.167,776.2542,419.3377,12.1076,3788.1169,118.7254,503.2189,902.1522,74.4675,72.3321,1941.2487,254.6197,698.3265
3588.8,3761.3,958.2665,20.2372,0.1516,641.9829,139.1932,19.9535,4339.3252,154.4694,856.0709,775.2347,102.7751,60.7408,2331.2642,119.8362,1516.5502
3480.8,3760.9,862.6465,14.3017,0.1293,453.2328,81.5345,17.2888,3266.2974,103.2241,706.6854,600.4181,202.7241,81.9095,1986.6853,115.8491,1917.7629
3502.6,3760.4,768.0839,0.1538,0.007,535.993,0.5105,17.4755,5423.5874,16.4545,863.2518,507.5385,30.4755,41.7133,2382.042,16.1538,1589.4895
3513.6,3761.4,662.07,0.45,0,668.32,34.15,8.26,3912.73,21.68,878.36,481.99,11.07,43.22,2090.54,16.89,1397.92
3382.9,3761.5,847.4545,10.3434,0.1212,570.399,31.2071,17.4293,2918.5354,124.5707,624.899,443.3687,152.1515,39.3586,2717.8132,98.9747,1369.5
3286.5,3761.8,1141.0128,29.8875,0.0836,558.1833,1585.1543,24.1961,2360.4148,166.7974,932.2251,1784.2379,185.2797,503.3505,2180.8906,116.2508,1905.9711
3550.3,3762.2,948.1245,8.7766,0.4103,551.3993,292.5238,12.0147,5822.4761,65.1392,519.0366,707.7473,52.9927,57.2125,2473.502,54.1062,826.4323
3391.9,3762.4,634.8557,11.5141,0.0106,665.3697,62.0106,15.3697,4223.2393,115.3169,591.6725,433.2782,118.0739,42.169,2232.8909,80.3451,886.1197
3468.3,3762.6,645.7672,12.5205,0,486.1918,32.2192,39.2192,2919.5068,121.3562,795.2055,475.3151,156.1233,34.6575,2193.4658,170.6986,2436.3835
3521.1,3762.8,849.7796,13.4571,0.0408,468.2204,643.1143,24.1469,3290.4897,100.4816,805.0408,1355.7551,131.7469,56.4,2785.2979,91.0367,1988.449
3640.7,3763.4,544.2248,0.8062,0.0233,570.8915,24.1783,12.7054,8622.9307,41.6279,1001.876,532.8605,23.124,27.8915,1464.5736,601.0465,1824.2404
3300.2,3764.4,656.8469,8.1837,0.1361,562.0782,154.2245,14.0986,2523.4285,93.8095,533.5442,467.7551,67.3027,50.0272,2049.8469,106.3912,999.6122
3572.4,3763.8,712.1111,1.4236,0.0764,581.9514,33.8264,16.4444,3083.6182,35.1111,448.8264,773.3611,8.6181,55.4931,1652.0903,24.8819,954.7917
3578.9,3765.2,1059.5564,18.3386,0.7743,640.4803,1498.0682,24.6063,5323.1812,145.7192,810.79,2135.9502,92.4147,60.9659,2423.3542,89.7953,1779.4934
3557.2,3764.9,918.5165,0,0.1538,477.4835,1301.011,32.978,3516.7913,26.6703,667.1649,1736.5604,9.4176,62.6813,2193.6155,15.5055,955.1319
3539.3,3765.4,596.9494,11.965,7.2568,678.5097,143.6304,22.5331,4685.9609,124.1751,1033.2218,585.4241,130.2802,242.5953,2355.7004,159.3813,2220.4941
3562.7,3766,677.2992,0,0.0866,327.7086,37.5197,37.1575,2520.4016,2.0394,724.7953,730.3307,1.4173,56.6142,1542.4882,6.7953,1218.1339
3505.7,3766.4,751.6728,0.8613,0.0471,394.9476,2.3743,13.0157,3571.8167,20.4791,560.788,316.0131,14.644,39.6414,2037.6519,23.2382,1132.1571
3310.8,3766.5,996.7725,16.673,0.0616,618.1138,890.7867,23.2796,3878.8958,154.4645,472.4882,1746.9099,92.5308,57.4313,3039.6445,121.3365,1026.1611
3376.1,3766.8,1070.6464,27.3194,0.0152,1718.6388,182.327,28.6426,3994.5171,189.0912,1347.9315,2059.9924,128.308,80.7909,3093.4524,141.0723,1897.2357
3485,3767.3,1244.2261,46.0308,0.0377,1207.4384,144.7431,44.2226,5797.4966,223.3116,1103.3322,1715.4966,304.2842,80.7295,3431.9556,260.387,2550.7056
3569.1,3768.2,587.3357,0,0.0909,448.5454,0,36.6084,2618.7903,0.3147,701.7832,819.8461,0,29.4406,1713.2168,4.1329,951.2377
3514,3767.9,979.467,0.2967,0,336.8242,33.7143,14.6538,3349.0659,4.8681,562.3956,386.2527,3.989,56.1813,1883.0879,15.1593,1370.1373
3282.9,3768.9,859.5625,20.5729,2.7604,657.5729,328.2969,27.7656,2469.5989,177.9896,921.8021,1824.7656,177.7865,80.5521,2748.7239,120.9792,1982.6094
3602.9,3768.4,823.4717,14.2264,0,504.3773,444.3773,60.5283,3751.0942,159.7924,1468.7736,922.8868,291.3207,1137.5283,2390.8113,140.0566,4081.5283
3356.6,3768,925.1201,21.3145,0.0495,607.9187,45.3357,41.9611,2976.3181,114.2686,402.53,579.8127,154.8198,48.8092,2853.2014,117.9293,1151.6891
3527.3,3768.3,573.0826,1.5321,0,455.8807,129.3211,18.3486,3783.1467,62.055,1453.101,698.4404,108.5963,495.8165,2219.6606,62.4587,2698.3762
3387.2,3769.4,607.0153,7.1015,0.0711,416.1015,79.0457,14.6548,2274.4976,88.132,460.3198,357.198,188.9239,66.4416,1948.6498,88.5431,1211.2133
3364.5,3769.1,666.3876,6.0574,0.1053,639.2871,32.3254,18.11,5004.8374,80.6172,639.4689,558.5024,76.9809,57.4498,2114.2393,97.6268,1272.3971
3291.4,3769.1,792.3401,11.9651,0.0814,444.1512,402.0204,16.9738,1975.6075,114.1163,701.4709,808.0058,209.1105,250.2355,1800.9186,97.4302,1439.5349
3622.6,3770.4,857.6193,18.9391,0.0761,777.4974,1285.9442,53.9086,9142.4521,218.0508,1471.8325,2164.2742,130.0761,57.1371,2272.8782,310.8579,2933.7666
3521.4,3769.9,893.2988,1.2805,0,459.3903,64.5915,15.4512,3868.4207,15.1524,763.4756,546.5732,24.3049,499.2317,2108.4634,21.8293,2086.7927
3393.9,3771.2,709.1829,12.3029,0.0714,422.1143,33.2286,15.9229,2451.1943,97.2857,688.7314,410.6028,171.6229,73.5657,2163.5972,89.3714,1656.1085
3629.2,3770.4,617.5635,8.4286,0.1429,903.4524,105.8651,40.2619,15125.3809,146.7857,1426.7937,691.9683,114.4127,47.9683,2344.8096,144.4127,2495.6985
3348.2,3770.9,580.4912,8.8947,0.2763,544.6491,36.4474,22.0658,3114.6799,97.9298,571.8421,379.6447,121.4825,52.8026,1719.4868,100.2412,1340.1096
3655.5,3771.4,1055.1698,6.1107,0,713.428,1633.5682,20.5424,3488.823,102.8782,730.0148,2203.738,67.8635,88.3764,2000.5978,67.6458,1809.6678
3551.4,3771.8,736.0857,12.4643,4.5214,721.4024,167.1667,19.0405,4168.6094,130.9714,924.3786,699.181,133.7262,409.7833,2204.8999,169.481,1972.6809
3598.3,3772.1,879.9556,20.6533,0.1867,660.9067,389.2133,56.1467,5418.4487,201.12,1182.1823,931.2711,171.1644,113.1156,3211.5066,159.9911,2864.5066
3456,3771.7,1001.4095,25.8095,0.2571,538.5119,1339.6904,13.5262,3697.3667,172.381,443.9095,1473.1952,114.8595,52.7429,2125.8691,109.7024,907.4286
3326.4,3771.8,524.6011,5.6862,0.0397,342.2552,31.7316,35.6749,2284.1606,65.4556,610.0189,360.8544,180.2571,373.8563,2058.7903,120.7921,2063.4783
3359.8,3774,753.5091,19.2273,0.0909,818.5455,36.0091,15.7,2538.8364,117.1545,434.1454,648.4,96.9091,40.8364,2128.2637,91.5909,575.4272
3341.6,3772.8,637.747,8.8795,0.4337,395.2289,37.4819,9.4819,2107.6506,94.6988,332.6627,1018.9398,66.6506,42.4819,1816.5421,85.8675,663.4819
3377.9,3773.6,940.125,20.2464,0.4714,708.2107,1461.1143,10.275,4702.3179,168.8464,1108.0143,1618.9,111.8643,68.7607,2024.9036,90.8036,1034.0822
3532.6,3773.8,698.9805,6.8636,0.0519,498.513,84.039,25.1331,3246.3215,88.9091,969.7792,512.2208,77.3701,74.1136,2464.7207,91.0325,2053.8831
3307.5,3774.4,620.7959,7.872,0.0909,517.1094,305.9295,18.5826,2821.8181,99.8646,647.9462,695.5881,89.6957,88.0835,2057.3042,189.82,1451.115
3489.1,3774.4,842.3813,19.3846,0,703.4381,65.9498,32.1137,7855.0068,146.0602,1026.6923,885.8461,198.2007,52.6555,3251.709,214.2141,1884
3477.9,3773.1,807.745,1.3154,0.1678,987.2014,6.4564,8.302,3308.1006,37.3758,506.3691,1509.651,32.7383,42.5101,2230.1274,50.6309,1171.2483
3513.1,3774.4,964.7285,10.0756,0.0481,519.6357,83.5223,23.4948,3643.3438,101.7904,741.7079,527.2062,193.4674,1124.2062,2639.9417,107.5086,1959.6736
3633,3774.8,617.344,12.032,0.064,764.096,151.104,46.376,6149.936,172.2,1099.176,685.008,169.096,291.392,2050.728,175.16,2689.7759
3505.6,3773.9,697.6355,12.6729,0.0654,397.9066,43.4393,16.3084,3557.3179,84.6262,589.8505,441.4112,126.7477,372.1869,1881.0094,108.8972,1346.3271
3336.5,3774.9,459.3377,6.3831,0.2013,456.987,87.5,39.2273,2651.2144,84.3571,656.6883,601.6234,146.7273,311.4481,2254.0259,114.039,1709.8312
3369.9,3776.1,621.644,6.887,0.0056,608.1525,59.4068,12.7853,4780.085,111.3277,1279.4407,629.8701,59.3277,49.548,2009.4633,77.452,972.1017
3590.5,3775.9,753.1875,2.625,0,392.025,26.8125,16.2875,3497.5,52.025,799,555.3875,69.125,85.075,2240.6125,77.6875,2381.55
3670.5,3776.3,986.9123,4.1754,0,415.2164,16.3216,2.9298,6262.1113,26.3392,585.2632,849.6024,10.1696,30.5848,1220.4971,17.4971,1035.421
3474.3,3777.2,879.3235,4.7353,0.0196,780.0441,19.2206,7.3725,3115.9265,66.6912,391.1618,1191.3774,31.8088,45.2451,1882.4069,88.9167,815.598
3663.3,3777,1045.6312,6.3743,0.0782,947.5615,94.2207,9.7821,3304.2625,63.7598,427.6397,1207.3994,34.7961,50.9693,1440.1984,41.229,951.6676
3645.2,3777.3,470.5934,6.6484,0.022,447.1538,93.2308,47.1319,3152.5166,121.7692,1030.6044,572.6703,127.1868,84.022,1771.7913,110.9451,2517.9011
3523.4,3777.3,1151.5156,32.6725,0,594.6202,86.7387,31.7282,3659.3555,160.6655,963.115,617.8432,245.6481,341.4739,3798.8572,117.8467,2229.8711
3564.6,3778,781.3931,20.4942,0.2052,526.474,329.6633,31.2153,2972.2861,171.7861,1077.9205,993.5881,125.7775,68.2254,2544.4177,117.1835,1496.6228
3287.5,3778.6,1090.5432,31.429,0.1337,970.298,235.6462,25.8217,3624.6436,168.8858,923.5181,1477.1476,210.1365,89.0474,3089.9136,154.6824,1995.3064
3628,3778.6,543.7941,6.2794,0,618.4706,129.8088,41.1618,3804.6619,153.5147,1686.0883,822.5883,136.8676,251.1029,1912.9117,144.8529,3356.3677
3498.9,3778.7,923.1237,36.5086,1.1718,766.1924,255.7526,43.756,5737.4468,199.5223,1379.4227,1045.7423,274.8557,61.8351,3183.9724,161.2131,2725.835
3587.1,3779.3,1089.1608,24.3452,0,650.2381,86.6488,51.9464,4459.1846,209.4226,1302.9108,1070.7858,262.2619,180.9702,2537.9583,183.8452,2646.363
3609.7,3779,903.4107,11.3839,0.0089,394.4062,112.5223,14.2098,3609.1965,86.2946,485.9598,454,55.308,38.7589,1776.1428,94.625,854.2768
3456.9,3780.1,762.5805,5.0805,0.572,464.9026,877.7839,9.1864,5829.0381,79.6398,343.8347,996.7245,44.0466,38.8941,1861.3093,107.0339,602.5635
3396.5,3779.9,679.4429,2.7517,0,661.953,19.1544,46,2417.7786,72.2148,632.4295,894.0403,140.1879,29.8792,2277.3757,58.8926,2096.8726
3638.4,3780.6,591.646,10.354,0.2212,608.2301,213.2212,45.6018,3814.9116,153.8938,1541.4159,858.0354,279.7876,471.5841,2551.053,182.1858,3426.3008
3356.6,3781,689.7256,10.1416,0.0973,463.7743,62.8053,17.6195,2862.5752,98.8053,705.3275,496.823,97.8186,58.9027,1925.031,1073.4336,940.2478
3513.8,3781.6,1190.1809,34.7072,0.0132,711.5987,184.2039,29.2072,3282.1316,202.1151,1043.5526,861.1382,282.8355,407.227,2717.9146,149.4243,2275.8059
3377.7,3781.8,1030.6536,29.8346,0.5472,509.3268,572.0709,21.6811,3011.2126,175.5748,574.7717,1992.3268,119.1654,56.126,2746.5828,118.937,994.5276
3315.2,3782,809.0779,10.8253,0.4211,508.2147,1127.5369,19.9979,3948.6316,127.12,832.4127,1535.8905,81.56,59.4716,2030.5453,1559.2126,1534.8506
3676.1,3782.1,576.45,2.65,0,615.51,440.98,2.75,7425.6001,109.57,570.55,699.33,30.97,19.93,1406.04,59.26,912.32
3545.8,3781,791.1924,14.5107,1.1425,570.8741,55.9905,27.5297,3454.3728,143.0974,1158.905,613.4133,239.0926,125.6199,2086.9001,163.9454,2693.7434
3533.5,3782.1,1349.0796,44.586,0.1242,689.7325,850.949,24.5924,5034.0127,213.6752,762.6146,1184.1528,160.5159,89.1338,2298.5574,139.0414,1577.0605
3553,3781.6,1225.2778,47.594,0.047,1339.2949,107.547,44.9915,4169.7393,227.7692,1598.1752,1668.4487,220.4103,180.688,3312.4744,207.9615,3120.9658
3297.3,3782.1,1013.341,29.59,0.0536,486.5172,180.4751,25.4866,2520.9312,171.3908,722.9732,610.4713,318.3257,58.387,2273.3831,123.1686,1924.6475
3577.6,3782.4,606.478,9.0478,0.8272,579.3125,45.4118,26.0919,4259.4414,162.7279,1303.0662,1355.0515,150.7794,256.5551,1984.8271,96.3897,2303.8198
3386.4,3782.6,689.0521,11.6032,0.0476,433.1837,79.3492,10.7234,2953.9185,103.9184,759.415,523.136,82.9478,49.6848,1987.0341,81.2585,801.229
3333.4,3782.6,832.3098,16.9513,0.0509,505.8053,543.4911,57.354,2831.9182,145.0111,1073.0177,881.2787,223.0708,1162.9358,2825.8872,139.6195,2832.6504
3633.1,3783.6,1036.4615,37.1978,0.1209,667.5201,1465.8975,63.3626,4726.5566,231.5604,1996.0549,2202.6082,184.9304,171.2234,3140.9377,207.3517,2753.6484
3644.7,3784.1,529.9202,7.816,0,596.1963,68.4295,60.9939,9239.54,140.3865,1884.6503,802.6013,133.8528,193.9202,2054.6074,116.773,2649.27
3282.6,3784,731.7754,13.4493,0.1884,628.2971,690.4493,30.4855,3104.1304,146.2029,1047.0217,979.5942,146.2609,56.2899,2479.8623,130.587,2402.4709
3523.5,3783.8,767.6667,0.4896,0.0208,349.9688,66.375,8.9479,2653.1562,26.0521,684.4271,510.9479,43.0312,453.2708,1992.2291,35.0625,1571.4688
3368.3,3783.8,1100.8132,24.2299,0.1839,463.4167,193.2241,19.0891,3951.5806,177.2442,957.9885,1940.2816,136.1724,62.2184,2250.2415,115.9425,1122.7615
3485.7,3783.6,700.9184,0,0,238.1378,6.8214,12.9337,2369.5051,0.7245,589.5408,358.1837,0.9031,13.2398,1784.8469,3.352,1874.0817
3506.9,3783.9,606.4658,3.1233,0.1735,558.4886,110.8904,23.9452,4029.2739,66.1781,1029.2694,640.3425,67.9772,53.4475,2212.4109,65.5799,2049.6165
3541.3,3785.3,1043.2512,22.6184,0.0048,838.3913,60.8406,24.2995,5384.5605,166.3285,953.0773,566.6135,149.1159,87.256,2347.1016,137.6473,1866.2029
3596.2,3785.3,827.6756,15.8843,0.0207,838.0496,193.4277,38.1446,10696.8613,156.126,1200.8223,807.0392,157.8512,306.6756,2527.8987,148.9277,2461.376
3654.9,3785.1,522.291,4.7761,0,607.2761,110.5,60.6642,3341.373,117.291,970.8955,697.209,140.0224,24.2761,1602.1418,94.194,3163.8806
3323.4,3785.3,944.8285,25.4124,0.1788,493.0657,1394.7007,33.0438,2255.2737,132.8613,647.8832,1455.5328,139.5329,55.9453,1979.2482,118.854,1644.2957
3610.6,3786.7,1366.0979,46.8427,0.4718,550.0297,839.7864,23.6024,4410.5967,235.3976,500.3887,1512.7003,137.8902,76.6439,2406.4065,145.9466,979.3264
3587,3787,970.126,3.9528,0.0577,574.7507,118.0026,47.979,4226.2388,68.7087,1159.8608,1036.1392,57.2598,131.6614,2105.9421,58.811,2221.5513
3412.8,3786.9,874.3297,26.7692,0.1978,1102.5824,268.6813,29.6374,2988.8682,184.8681,774.1649,1289.6483,95.2527,37.6703,2476.8462,114.2967,2211.0549
3395.6,3786.7,1363.7622,37.0432,0.0649,2079.4812,631.0324,25.1892,3398.9893,246.6973,593.2703,3864.9783,144.5838,64.2486,3051.5244,118.5784,1589.3892
3305.5,3786.7,747.9677,12.2823,0.1371,539.5726,768.3629,29.4113,2497.9839,128.4919,1012.3387,1147.1532,131.1694,209.2016,2157.3547,150.5806,2704.9517
3402.2,3787,1083.5958,28.8362,0.0767,735.6446,117.676,20.4181,5174.209,168.3449,761.8467,669.4704,233.3275,56.8188,3263.3518,95.0314,1523.8258
3479,3787.4,1054.6158,30.0099,0.1589,438.2649,422.3742,11.5,4713.7915,124.9801,380.2119,919.2914,83.8675,39.1556,2261.957,85.7583,740.7417
3537,3788.1,775.4034,15.9832,0.2605,859.6639,149.8067,28.2353,3500.2942,169.4202,1329.7563,685.0252,210.8655,225.6134,2360.4958,201.042,2364.2017
3518.4,3788.4,982.5172,28.7854,0.0038,611.2529,92.0958,27.5632,4133.563,181.2107,1056.1915,679.5249,189.1801,433.4828,2680.8965,162.7701,2375.3525
3663.1,3788,888.772,17.1954,0.0163,659.0065,768.2183,46.8632,4289.3159,183.4463,1161.4984,1339.6938,183.329,124.0033,2079.7134,130.57,2637.4072
3451.9,3788.4,883.3184,5.6151,0.3122,546.493,105.6816,22.1592,3880.6631,77.5116,410.2519,460.8532,54.8779,47.6832,2294.6445,157.8315,802.813
3688.2,3788.4,951.0833,23.2857,0,574.2619,1187.6428,30.1548,4062.1428,181.1429,776.619,1421.6548,130.5833,52.9524,1935.0952,171.9048,2138.5
3524.2,3789.2,844.6042,16.6458,0,818.0625,58.8125,13.5833,3936.6667,148.9375,1147.6459,626.9583,245.5,911.9583,2721.8125,150.3958,2758.3125
3363.5,3789.7,938.0061,20.37,0.211,462.5535,1025.526,22.1254,3109.7188,156.7768,421.8593,2065.1987,88.4128,54.0673,2115.7278,115.0673,924.1346
3345,3789,859.9005,11.4716,0.0071,373.1848,177.0521,13.6493,2098.4028,98.0332,723.2914,519.8057,186.4858,1337.955,2121.429,100.0308,1810.5332
3553.1,3790.1,776.6553,15.9064,0.4723,967.4553,41.7872,25.8426,6943.7998,149.5957,1014.8979,606.1532,137.4383,354.8723,2441.5405,109.1489,1718.7703
3575.3,3789.5,753.6828,17.4317,0.7357,731.1365,47.0044,24.1278,4385.8237,173.2819,1127.6564,959.9868,95.5991,67.5507,2001.3348,106.5815,1862.9031
3628.9,3790.7,736.6338,0.3239,0.0915,379.9366,376.9225,7.507,3050.4365,20.9014,701.6901,799.2042,6.0423,35.6127,1438.6478,23.9718,1084.8944
3337,3790.8,1204.4427,34.3781,0.3632,541.3085,1916.0547,26.0547,2820.1492,213.1692,779.5423,1904.7114,241.8209,656.2388,3154.5374,129.6965,1912.7214
3486.6,3791.9,1069.2737,21.9489,0.0146,492.7956,612.6788,16.573,6769.1494,117.6423,698.0146,1017.9635,55.5474,50.5803,1976.7445,68.2591,1220.303
3646.6,3792.2,833.9807,18.2839,0,672.8774,975.9613,40.8839,5036.1743,204.7226,1339.8258,1347.4,168.4645,62.9871,2113.6064,152.9742,2509.5354
3353,3792.2,1096.0962,28.6234,0.2008,490.1883,1564.3975,26.4017,2818.2258,155.1925,676.2385,1687.5691,153.1255,109.0126,2357.9958,115.887,1408.1172
3469.1,3791.3,897.9901,17.437,0.2198,469.9012,1358.7284,14.0469,4124.084,120.4247,386.3457,1165.6149,68.4099,40.9235,1989.7556,69.121,557.3408
3510,3792.3,803.0172,16.7845,0.158,549.0143,77.5259,19.3276,4047.5115,123.0862,654.4943,497.5977,103.9569,50.7299,2212.9885,117.342,1304.3448
3617.4,3792.4,1164.9537,11.4335,0.1156,461.2948,37.7399,10.289,4192.9478,105.2717,384.3642,687.6301,51.5202,56.341,1952.1156,59.763,798.3584
3309.9,3793.1,1210.1482,38.5741,0.2315,711.4846,405.8858,54.9321,4091.0957,212.4259,1260.0927,1626.9506,277.7161,94.5,4299.8765,260.3271,3392.7593
3321.4,3793.5,1039.3043,19.0761,0.0543,1565.424,331.9493,15.4275,3313.3877,123.471,432.7717,1565.6957,96.9167,56.2101,2216.2935,121.1123,1081.5037
3563.6,3793.3,833.2675,32.3745,0.0329,703.9753,107.9959,15.8765,6188.3496,176.1235,1184.6378,646.4156,146.8724,66.1111,2545.074,145.2181,1827.6008
3327.7,3792.9,864.459,11.6066,0.1066,1063.0082,324.4262,35.9918,2810.9343,92.7377,703.0492,1413.3606,91.5328,46.8115,2443.7458,86.3771,2285.2048
3407.3,3793.4,696.4171,12.4076,0.1422,852.8152,65.7583,16.1469,6315.687,148.7062,597.6208,470.0569,83.4929,56.8673,2409.3318,84.8104,956.2133
3295.4,3792.8,1275.5026,44.8384,0.0606,705.4899,860.2677,33.3788,3681.1135,218.8561,902.5707,2082.5378,195.149,388.9647,2848.8635,232.8283,2128.4673
3388.2,3794,759.1544,13.7047,0.2718,418.1141,459.2215,14.4732,3519.1443,131.745,658.5906,724.9664,231.3121,50.7919,1913.5771,101.0134,1691.5906
3583,3793.9,682.164,9.592,0,651.744,49.068,38.224,3884.8921,129.02,1234.976,587.684,139.908,94.556,2106.4961,104.2,2314.636
3395.5,3794.2,1159.3118,33.1541,0.3441,624.6237,1759.9857,28.9642,2879.1541,186.595,620.3405,2276.4443,176.3692,91.2867,2226.448,110.9857,1822.1649
3499.1,3793.7,878.4796,25.674,1.1097,801.4483,206.3166,27.5455,4314.9434,170.1505,1038.652,813.7712,102.4326,63.8213,2507.5674,488.0627,1302.6082
3571.8,3795.1,835.1047,21.9372,0.0052,856.1937,45.2042,23.3403,7659.7905,177.0576,1430.6492,792.3875,142.6754,635.911,2722.8167,142.2775,2332.7539
3424,3795.2,674.1309,20.1376,0.1208,961.8826,65.594,18.4027,9124.4092,153.9732,809.9463,957.6946,66.7584,43.3221,2625.1812,84.8758,1049.255
3333.2,3796.3,1257.6968,32.9231,0.1719,764.9955,1935.3756,35.8688,5149.5566,179.2217,829.724,2215.7917,163.733,72.3032,3420.0408,123.3575,1986.4027
3612.7,3796.1,741.1576,0,0,294.1794,73.1413,21.4565,4164.4893,0.0054,457.3587,270.2337,0,30.6359,1268.1086,9.7228,1030.5055
3438.2,3795.6,696.1218,18.3205,0.4712,765.625,811.3301,20.2212,3741.7725,214.8141,816.0289,1247.6891,119.1218,49.9808,2012.2212,95.359,1499.625
3358.4,3796.7,1065.3453,24.8251,0.0942,524.4484,891.7847,26.3991,2742.7668,155.9148,983.1076,1049.3049,282.1076,158.6278,2644.4978,122.3274,1942.3363
3667,3796.7,1045.3087,30.3387,0.0023,1291.2627,235.9124,47.6267,7395.6499,204.5737,1139.447,1409.8549,163.4217,320.8618,2928.3872,156.7189,2837.0669
3622.4,3796.7,1194.8282,7.8712,3.0675,1665.7914,137.6319,11.3436,6406.4297,66.9448,446.5828,1725.4172,41.5644,42.227,2266.8406,41.0429,950.0981
3301.7,3797.1,940.8972,15.757,0,778.2056,170.7664,22.0093,3624.9253,146.1495,694.7196,733.4486,181,1054.1028,2718.2336,173.9346,2273.2429
3594.8,3797.3,606.541,0.2459,0.082,449.0492,0.377,33.1148,4275.7051,3.7213,763.7049,373.3443,0,26.2787,2251.5901,13.8197,817.2459
3535.8,3797.4,830.9798,14.6431,0.1111,629.2256,167.7542,7.9024,4004.2053,138.1145,708.3232,707.7407,184.6768,1693.0977,2124.8755,209.2054,1865.8788
3452.2,3798,764.6436,20.2686,0.0824,470.8245,845.4575,14.6941,2776.9602,140.9282,634.5186,1013.2341,131.7899,156.5718,2234.6382,104.3537,1609.0957
3402,3797.5,806.2838,13.6757,0,562.5811,413,20.0541,2822.946,154.7838,687.2297,893.5811,154.446,393.4865,2209.1758,97.3243,1997.2567
3281.9,3797.6,534.8458,3.3375,0.0125,810.3666,43.7,24.4792,7235.9541,121.1917,1177.625,582.7125,91.575,45.7625,2744.875,148.5875,2748.4084
3523.4,3798.1,1055.6781,41.8623,0.0567,691.2025,690.1316,24.7611,3468.9495,196.8239,661.2085,1460.079,149.834,68.4534,3028.666,157.1721,1531.2996
3476.3,3797.8,987.7725,17.4218,0.1943,421.2038,1822.8009,20.5024,4291.3223,117.3412,480.0569,1482.2369,103.1374,72.2275,2494.7297,72.8389,800.199
3382.5,3798.5,570.6912,10.5789,0.0667,692.8456,132.8526,11.0702,11045.6562,138.7474,1527.8667,863.9228,60.5649,49.7298,2302.6982,140.8561,768.9649
3689,3798.1,992.0474,19.8458,0.0455,499.5533,526.3538,19.1858,3648.8657,131.8123,530.6364,776.0059,83.004,53.7431,1921.5533,98.8399,1241.4249
3327.9,3799.2,819.402,3.1176,0.0294,646.5196,475.1274,27.8922,4718.9512,81.1274,602.2549,944.8726,90.5392,46.3824,3095.1667,88.3431,1561.8628
3466,3799,657.3288,0.9014,0.074,400.7671,112.7014,21.0274,3067.4685,26.0685,392.4247,406.1178,5.3562,34.7452,2062.8357,27.9288,622.7014
3649.3,3799,1175.2313,45.3416,0.2633,913.9786,139.3559,54.669,8045.0747,314.669,1319.2349,870,188.121,84.6797,2904.3381,256.6512,2741.9539
3489.6,3799.1,590.8033,2.4426,0.0246,358.0574,174.8197,20.7459,3104.9016,37.7623,1509.9426,704.6066,64.7951,46.082,1735.8279,38.582,2088.623
3550.3,3799.2,573.6047,20.9477,0.093,883.8488,278.6454,13.3023,4747.7734,159.5291,889.1279,639.6686,119.1047,207.3546,2042.8198,97.1744,1579.5349
3510.3,3799.3,1241.4,41.0739,0.0957,1138.4696,433.2696,32.1435,3149.5652,211.9913,822.8739,1327.7565,265.0217,65.9217,2132.5347,123.0696,1724.813
3339.9,3799.9,647.2593,7.2112,0.0401,398.8021,243.7086,14.9118,2837.9731,84.4679,821.361,641.3289,193.9064,108.0642,1830.5695,74.7807,1858.516
3296.5,3800.2,1175.2114,42.3415,0.6585,716.5772,743.0732,25.878,3581.813,222.3984,576.3333,2029.1544,167.0813,162.439,2502.187,163.1707,1680.4309
3707.3,3800.6,871.1243,23.9482,0.0415,763.8239,151.3316,20.9275,6971.5234,149.4249,328.1503,483.772,80.7047,55.2176,2107.5493,118.3731,377.6425
3504,3800.4,1044.7716,25.1654,0.1654,1334.6693,1207.252,45.378,3456.9055,185.3386,874.5748,1828.9685,251.8661,64.0551,2742.5747,163,1871.7559
3700.3,3800.5,628.309,4.5225,0.0674,890.8596,85.8764,22.1854,5267.1123,78.5393,608.5056,963.9382,102.4157,42.4944,1944.9214,69.236,1550.8765
3628.5,3800,1204.5217,23.0237,0.0395,832.7945,304.668,23.3715,5052.9326,138.2174,517.2727,826.0316,95.8617,62.7233,2380.2925,105.9447,803.5811
3496.8,3801.5,1018.6537,27.0389,0.3619,627.2957,955.4163,20.5409,3146.8171,150.3463,761.0701,1271.5564,107.3891,65.8016,2220.3657,141.3113,1321.9689
3608.6,3801.2,938.4931,18.0693,0.2105,494.4183,45.8753,27.8781,3939.7119,121.2798,495.7368,402.0859,81.036,90.8199,2243.1108,99.1828,999.8809
3364,3801.8,799.7249,21.4201,0.2041,1240.3462,308.3462,24.142,2382.4202,190.5651,601.5681,1081.6627,105.5621,59.9941,2495.8579,101.2515,1638.5177
3398.8,3802.5,1110.7142,29.4101,0.3733,644.3041,1761.917,22.4055,2547.8987,174.2765,479.871,1891.3595,154.6728,176.4516,2081.7419,111.8802,1369.6544
3582.1,3802,921.6532,34.3702,0.0638,939.7936,307.4681,34.6489,7319.0361,211.8404,1064.2489,729.3511,156.7596,64.6766,2401.166,134.7021,1849.7405
3405.9,3803.1,908.2781,19.6488,0.239,1530.8927,984.1707,17.1024,2603.2878,171.4537,611.5805,2044,120.8878,67.4732,2558.6487,97.7268,1918.3756
3622.2,3803.5,1127.411,2.8562,0,1025.6233,20.6575,12.4726,9896.2461,34.0685,581.137,635.8288,20.2123,53.1233,2227.7739,37.8767,902.8082
3352.4,3803.5,705.4564,15.3266,0.0629,1040.4949,86.9554,25.0162,3089.2495,113.7911,850.996,925.2718,140.1014,618.8702,2183.9553,128.7444,2267.3936
3685.3,3804,855.6432,19.0324,0.173,632.4324,122.8054,19.0054,2975.8811,127.4162,479.3946,668.3297,93.1351,81.8108,1536.8757,82,1192.5837
3542.3,3803.6,607.9837,8.9772,0.0326,635.6873,591.9153,10.8893,3896.658,139.1368,847.7948,837.9511,124.1792,467.4886,1922.3909,112.6156,1668.5016
3320.2,3803.5,905.3408,24.8471,0.2166,701.7771,1351.6083,24.8758,4480.7388,158.9682,507.0732,1376.8535,90.9586,56.1815,2043.0382,200.7038,964.8726
3572.7,3803.9,503.619,0,0,268.5079,1.2698,7.8254,3778.5081,0,590.6667,234.9841,1.0952,23.6032,1288.7142,6.1905,1247.4286
3482,3804,692.4954,9.7647,0.1548,385.2167,224.161,21.3251,6965.709,79.7307,751.0031,569.647,142.548,588.2167,2192.4272,72.5511,1396.8762
3429,3803.6,555.7383,10.4128,0.125,384.6425,46.7849,22.7616,2502.7791,103.3285,702.6279,418.9738,183.718,553.1337,2122.6018,101.6163,1867.6309
3439.2,3803.4,656.6385,14.9488,0.1988,378.7259,177.9307,25.1687,2518.012,122.1416,1121.7892,660.1687,170.3072,83.8675,2102.2981,92.9127,1914.9036
3672.7,3804.7,747.811,12.4878,0.1829,555.0305,72.0427,16.8537,3206.4451,105.2378,406.1158,519.0488,81.7195,55.9085,2031.6219,102.6098,875.8597
3460.9,3805.3,939.6448,28.0241,0.9138,776.3,1608.1621,25.2586,3344.2275,221.3655,789.0276,1861.3828,106.5621,54.3241,2154.5759,162.9,1307.7103
3489.5,3805.1,571.2455,5.0091,0.2818,323.2455,122.3636,17.8909,3892.6091,49.1,903.9272,512.4545,76.9455,319.9455,1879.7545,50.8364,1631.7819
3511.2,3805.6,950.3182,21.5629,0.0385,699.6923,621.1993,32.7552,4207.563,164.5559,1037.042,1151.8672,175.3846,61.2797,1994.8636,119.1434,2252.6714
3616.2,3805.3,686.3415,10.7642,0.0732,574.1057,67.1789,25.1626,4461.6748,150.5447,547.3903,387.5691,74.187,57.3008,2556.0894,149.3821,1157.1708
3627.9,3806.3,1108.7021,23.6489,0.0745,655.2766,111,53.9574,5333.5317,192.617,1080.7021,768.883,255.1808,172.2766,2476.8086,541.4894,2720.468
3652.1,3806.2,785.26,13.3067,0.2,909.6866,68.0333,36.0267,11776.0801,193.66,1003.6533,611.6866,95.18,50.1667,2246.2866,257.5667,2087.98
3679.3,3805.8,652.3517,9.8483,0,461.0483,534.6758,21.0138,3011.5725,102.2,652.0828,768.4,129.7034,90.9931,1810.8896,170.2345,1615.1655
3666.2,3807.2,715.6332,14.7143,0.1467,820.7645,87.0965,24.8726,3389.5212,147.0811,965.166,732.5908,147.7568,451.5676,2112.8687,124.9614,2133.2742
3298.7,3806.5,1281.1296,41.4352,0.2407,1558.4537,167.9444,21.0185,3178.6575,206.8796,468.5833,2739.1807,154.7546,71.9306,2544.7361,142.5139,1463.3195
3600.3,3806.6,927.9396,32.0117,0.0409,850.8207,152.8811,29.2807,5937.8677,185.5302,987.1989,914.1033,124.6004,74.8772,2322.7388,233.8655,1467.6569
3588.2,3808.1,658.2472,18.7079,0.0225,646.2753,893.6348,43.1517,3824.2922,154.3876,1082.1405,698.7079,181.9719,53.4551,1812.1517,121.0393,2342.6741
3420.2,3807.2,430.8283,4.1717,0.2929,295.5959,38.5455,7.0404,1930.697,84.3131,417.7071,851.6161,106.8081,88.6364,1455.6162,59.697,1102.9697
3290.4,3807.2,712.5103,10.1209,0.413,574.2448,83.4159,15.4484,3556.9438,112.4012,501.4307,613.7286,98.2743,49.7257,2118.0237,212.2802,1228.3215
3554.7,3807.5,862.1655,24.8592,0.2465,685.0845,1032.4331,25.4366,3430.7324,181.4014,1075.8522,1658.8451,140.3838,68.7042,2078.9543,141.7077,2406.5105
3329.8,3807.9,653.5553,5.5052,0.1879,478.3841,167.3862,14.8518,3355.9478,67.1148,399.8977,491.1399,45.0981,40.5532,2133.2986,58.4635,945.5595
3632.9,3808.2,855.4054,17.4324,0.027,643.4054,18.2027,19.4189,8908.3652,89.5541,449.4189,386.2433,50.2027,54.2432,1669.4595,113.9865,651.6486
3394,3808.6,1113.5132,35.6755,0.3208,426.7698,1892.0566,20.0755,2610.0112,165.6642,517.4642,2096.1057,131.0604,59.4075,1909.5774,100.9623,1351.6981
3609.4,3809.3,678.5625,10.9792,0.0417,554.3403,108.2431,23.5347,4788.9443,139.4236,816.0833,491.5278,158.125,364.6389,2045.0416,330.3055,1520.6875
3578.3,3809.1,803.5155,8.5342,0.1677,649.3043,768.9938,10.764,4942.7393,137.8758,662.4099,927.0248,75.9876,43.9317,1787.6025,117.1491,1040.4286
3309.5,3809.1,762.7634,12.2903,0,580.2581,38.1075,56.9247,3435.4087,113.1505,1040.0537,760.7634,210.4839,298.9355,2239.0645,144.5376,3253
3379.9,3808.7,691.9843,8.1963,0.055,461.4031,86.0419,33.5969,2548.9292,111.5367,852.9372,536.3194,161.1937,559.1361,2234.3691,93.7644,2550.5627
3439.3,3810.6,709.749,18.566,0.0936,335.9192,57.4085,17.3447,2002.1575,117.217,774.2298,494.3404,178.1617,391.9489,1819.7958,88.0979,1787.3745
3562.2,3810.2,574.9808,8.7308,0.1731,821.25,154.7308,40.5192,4477.6348,164.6346,971.6346,576.8461,119.0385,58.8462,2578.4807,169.8269,2077.2114
3314.7,3810.1,861.6042,5.2246,0.0428,616.8449,120.0642,16.7701,4070.4758,80.9947,573.1284,601.8235,197.2941,1068.3102,2354.1873,136.492,1499.4225
3644.1,3810.1,805.541,12.4344,0.1189,620.7623,164.9426,30.3361,5389.5654,134.2582,1006.0984,678.6434,119.4303,111.8771,1835.2418,151.1557,2224.8894
3410,3810.4,805.6313,21.5703,0.1379,578.1194,506.87,10.8806,2729.5359,138.1379,659.4191,797.9417,174.3714,50.3554,1992.5995,91.1247,1578.7003
3453.3,3810.4,842.8289,26.1351,0.97,700.4204,756.7568,22.3814,3337.7026,191.1802,639.5375,1050.6246,129.7628,50.2613,2333.0452,120.7958,1242.9039
3427.7,3811.5,611.3038,10.2532,0.1329,373.4177,49.9367,12.9557,1942.7216,103.8418,730.1519,474.019,116.0253,435.1899,1624.2152,79.3354,2255.2341
3480.9,3811.9,755.9041,5.8235,0.1207,597.8143,20.4334,23.9226,5452.6626,78.8173,764.6966,452.0464,89.1331,67.7957,2455.5945,77.9288,1254.0433
3387.9,3812.2,1044.8252,34.9476,0.3427,460.1538,1304.4651,62.528,2654.3811,185.1748,1094.6748,1950.6504,192.3007,147.7238,2322.1924,134.9441,2846.0874
3702.5,3811.4,1120.5044,18.6558,0.0861,599.3294,1002.7626,14.2611,4784.2817,143.0861,549.3057,1485.9792,77.276,90.8012,1721.7211,77.0059,1036.27
3677.2,3812.6,897.4788,31.3263,0.072,569.767,743.572,41.5508,3420.6187,171.4915,898.5381,969.5763,161.0127,208.5381,1938.0806,204.1356,2034.0339
3656.2,3812,762.0393,12.8929,0.025,480.1643,23.6357,23.2071,3584.9106,103.875,587.8893,393.4393,160.6572,246.1321,1935.5536,110.2036,1292.3143
3464.8,3812.4,577.4833,0,0.2333,295.9333,4.9667,23.65,2277.3167,0,500.35,218.45,0,107.9333,1975.65,35.15,1005.95
3473.5,3812.6,656.6489,3.4,0.2,696.9333,18.1956,24.36,7608.3735,50.4978,950.6889,514.5689,29.7289,38.5289,2441.2932,62.7111,1381.3511
3692.1,3812.2,922.8016,18.7169,0.127,673.7593,243.4735,34.1852,3516.1216,168.8254,664.8333,680.1534,182.8862,420.9418,2156.5239,119.9921,1661.4762
3433.2,3813,869.801,15.2438,0.9751,417.7463,113.5423,10.2786,2104.7761,178.9403,532.5025,1453.6567,130.6667,801.0696,1823.1791,87.6716,1431.0896
3458.9,3814.1,755.4097,22.3133,1.2892,594.9277,541.0844,16.4699,3978.3613,182.0241,825.3856,874.8434,126.5783,57.494,2177.229,1455.4579,1371.0361
3296.6,3813.5,1345.2897,49.7517,1.3448,1034.8759,597.9207,28.2483,4135.3584,215.2069,489.0172,1760.9932,144.6655,73.4931,2496.7551,365.5172,1029.2551
3684.6,3814.3,1009.4673,28.8497,0.1667,724.647,371.1536,33.6667,3531.7942,171.5425,569.2745,824.1765,167.3105,376.6307,2263.5066,124.9641,1240.3759
3348.2,3813.8,622.5485,11.0636,0.0606,520.1545,146.1242,27.0788,2663.3303,103.7303,824.2515,598.0546,147.8121,296.8546,2190.5576,112.6697,2657.4456
3402.6,3814.3,1071.5846,33.1276,0.3709,388.0386,1948.7922,13.5312,2309.083,155.5104,559.2908,1807.0149,146.5668,52.6083,1751.7745,101.7122,1462.905
3716.8,3814.3,650.5861,3.381,0.0623,659.348,99.1612,9.1612,11556.6484,56.6447,820.6447,548.7729,22.2491,43.989,1456.0989,51.9304,614.4945
3535.3,3814.7,934.3461,28.5114,0.0789,636.9071,186.3829,16.3117,4240.0952,187.4745,958.5191,715.2074,279.1781,1251.9937,2046.1246,185.4517,2224.8486
3649.1,3815.4,907.2681,28.0072,0.1667,437.9565,163.5942,10.6087,2686.7537,110.5145,400.4131,410.5652,120.4638,435.6812,1404.1522,94.6304,1010.8116
3551.9,3815.2,802.2857,25.9939,0.1,962.3428,88.3122,18.7286,4700.3081,198.5204,643.8469,636.1102,92.4,58.0673,2447.0347,131.9143,1113.7245
3321.2,3815.3,1045.0706,22.2529,1.1588,729.7618,1528.9059,15.8059,3823.7764,159.3853,343.4941,1763.8264,88.7647,59.8353,1972.8735,99.1529,548.903
3728,3815.2,1141.661,15.0339,0.1017,692.4915,755.5593,24.9322,6168,94.1695,642.9661,1436.2203,52.4237,75.4576,1949.7457,269.9153,1063.7288
3573,3815.3,785.5876,24.7951,0.2992,797.6146,99.6253,20.4879,5076.9595,163.5526,717.6523,538.3719,98.4609,44.5957,2055.2507,178.5094,1354.6307
3642,3816.6,1309.5819,55.0819,0.1164,664.3664,894.6078,34.5517,5595.7456,229.6379,905.2629,1277.5,196.6638,361.0431,2188.4871,240.9526,1829.4052
3600,3816.6,828.3156,25.0534,0.0655,655.4684,312.0801,34.568,4447.9468,161.1748,818.7257,634.733,104.8131,72.8083,2500.313,189.5607,1583.9612
3448.1,3817,879.6302,27.9497,0.3491,394.9113,524.9467,15.1598,2202.6301,142.0799,668.4201,759.6479,175.8166,56.5355,2885.5769,96.0444,1215.4734
3526.1,3817,699.7778,15.7222,0,464.1945,38.8333,22.4444,3016.0833,120.8056,747.8055,478.5833,168.8056,57.4722,1757.4166,102.0556,1358.6111
3635.7,3818.1,620.8495,6.4779,0.1681,681.5398,121.062,33.5575,13905.2119,128.4513,775.3983,522.7876,81.823,63.5752,2213.584,696.9203,1312.1239
3701.6,3818,1154.187,33.3957,0.1,568.8217,1471.713,22.8174,4549.7437,208.587,728.8391,1620.0435,142.5304,152.1783,1879.1652,153.8652,1462.8695
3299.9,3818.3,767.3409,17.6136,0.3409,973.7273,108.5227,42.1136,5363.25,165.1136,990.6818,698.8409,193.6818,54.1818,2948.4773,244.5455,2237.6819
3416.1,3818.1,587.8162,8.7821,0.1838,479.9701,251.406,18.7906,2398.1624,106.0342,670.4316,645.3547,126.5513,46.9957,1878.8291,86.235,1782.594
3436.2,3819.2,1185.9705,40.4852,0.6864,684.1953,185.858,17.9822,2664.3669,242.3136,509.1243,2503.5444,124.9941,64.8521,1923.3905,110.9112,1247.0237
3732.1,3819.3,1260.5145,8.5,0.2899,683.5,94.942,16.7246,7607.4346,56.1522,371.9565,541.9927,27.3623,57.3478,1673.4058,34.7754,543.6304
3332.4,3819.2,618.2308,0.4167,0.1859,366.5385,123.0385,5.3974,2510.468,14.2244,250.6987,351.5,8.0256,26.4359,1447.8269,39.0769,511.5385
3723.4,3819.6,875.9173,4.188,3.0376,605.8045,779.218,30.2556,4790.9248,122.1053,764.0977,1116.7744,96.9925,54.9023,2050.5112,203.2256,1559.4286
3497.9,3819.4,654.4631,15.3158,0.1544,532.8596,36.6912,11.3298,2886.4841,101.7123,482.1088,377.3965,76.2526,33.7333,1806.9088,65.7965,975.1719
3581.3,3820.1,981.509,35.5986,0.1828,652.6129,150.8638,19.9498,5534.3228,177.638,414.8172,470.9462,103.9677,55.0179,2256.0933,135.6022,581.6165
3617.8,3820.2,798.5377,25.0484,0.0914,398.3817,981.5753,6.5591,3498.6614,120.3441,314.7419,1117.6237,64.6183,44.5968,1392.7097,212.2258,638.1022
3363,3819.9,767.3605,19.2481,0.8023,784.0117,426.7325,10.3566,2489.6433,141.4031,390.2209,932.7985,73.6318,50.0659,2252.3528,98.4961,775.2791
3341.3,3819.2,719.0931,9.5414,0.0931,378.6793,222.9621,16.0379,2514.1345,86.3655,375.6345,418.1483,57.7207,44.6379,1806.0724,83.831,1062.7759
3293.6,3819.9,846.1187,20.6484,0.1416,586.548,299.4109,19.5479,3078.8357,136.379,594.9224,738.8447,121.5114,50.8311,2367.7307,201.9817,1015.3881
3565,3820.5,765.4279,23.3843,1.6332,1257.297,180.7642,26.7249,5570.9038,233.1092,1029.1442,715.0262,100.4934,53.0218,2271.7424,463.0873,1592.297
3422.7,3820.3,1229.7036,40.8713,0.6228,1299.4491,992.8144,17.8263,3122.5479,224.5898,621.3922,2048.2664,141.1617,64.9761,2020.9132,125.7934,1413.3384
3652.6,3820.5,1126.2838,17.4797,0.0946,547.8986,815.973,9.8851,4272.439,126.9392,406.696,672.5946,52.6284,63.7703,1533.0676,80.4797,685.4932
3506.1,3820.3,678.5714,35.0351,0.1171,1059.9039,31.4262,21.644,5355.665,144.1218,1100.9719,557.1358,87.0398,155.281,2250.0024,79.5948,1411.1826
3353,3820.7,669,8.6884,0.0362,397.8188,1032.2174,8.0507,2341.8984,96.5362,362.4203,1293.0725,82.0145,61.3406,1794.7681,94.9203,1165.4711
3378.2,3820.7,727.1951,13.4735,0.0787,441.9909,36.3343,22.3903,2504.6958,108.2269,566.9652,398.7171,136.5401,404.1331,2106.9971,93.7988,1499.8578
3738.2,3822.1,825.4255,5.8936,0.0142,348.8723,2.0851,12.1915,6206.7446,41.6667,293.7943,321.922,20.1844,48.7872,1328.3475,33.1986,465.6738
3398.7,3821.8,1261.3376,35.212,1.2277,513.8691,2214.7854,26.9974,3174.2983,182.39,711.7277,2541.5549,125.3115,69.9607,2817.2278,103.2147,1451.1125
3692.1,3821.9,1019.6942,31.5496,0.0248,460.4008,49.8182,6.6446,3006.2561,175.5207,388.2273,1257.4628,100.8058,37.3884,1292.5743,102.0413,1141.9504
3286.8,3821.9,698.2717,15.8497,0.0405,639.5491,644.3989,8.7919,3820.7861,107.1503,503.7399,1013.8208,86.3526,45.2543,2045.9017,110.5896,783.9422
3479.3,3821.6,851.8126,23.8475,0.4532,742.2157,82.9542,21.5207,4042.8628,151.78,711.3551,490.3726,122.6166,82.5185,2811.1831,161.3508,1357.2549
3310,3822,892.4677,18.3194,11.3574,521.5856,470.2015,14.7833,3760.3535,142.4259,576.4563,1719.4753,125.749,66.2091,2022.8441,120.8327,1282.6882
3551.3,3822.4,737.963,17.7284,0,762.1358,69.5309,13.037,5911.4692,184.0617,960.7901,536.0988,96.7654,41.5556,1770.9259,106.2346,2139.9507
3462.1,3822.4,1104.1082,49.9415,0.3947,762.1842,351.0146,28.8743,3979.8042,232.2749,1166.962,951.5789,299.3801,98.924,3119.0586,174.8801,1413.0029
3680.1,3822.7,971.7967,20.0367,0.1367,579.43,331.1733,12.4933,3870.79,126.1733,353.92,679.51,64.58,56.64,1915.46,100.03,537.6367
3524.5,3822.5,773.3828,16.3254,0.0144,395.89,46.5646,13.6077,3857.0479,102.0718,305.9569,336.7416,87.9761,48.4258,1802.9617,83.0622,585.2297
3453,3823.1,1006.8106,34.0947,2.0947,525.75,2421.8484,19.7765,3047.4395,210.6742,780.5,2556.2803,137.5492,56,2233.1516,102.4924,1315.5568
3319.1,3823.4,1102.2064,16.0534,3.3416,1418.1139,569.1708,17.1708,3245.3096,131.2278,304.6263,2142.8862,77.5516,54.3416,2242.6477,98.274,675.3167
3592.6,3822.6,809.4182,17.8564,0.0025,417.3577,244.6524,8.466,3961.7834,114.9471,462.665,522.7582,118.2897,268.1688,1400.199,112.7985,1015.4232
3711.5,3823.5,929.1905,32.9524,1.1619,684.2667,22.8952,4.8,3824.6382,154.619,386.9524,427.1238,88.1524,59.2095,953.9333,174.1524,489.9143
3469.5,3823.3,1102.3136,42.7565,0.4428,743.8635,60.5424,25.9077,6373.5352,214.583,1081.251,620.6015,245.6531,735.5388,2748.4353,136.3432,1527.1476
3703.1,3824,1111.3549,33.3925,0.1237,838.3065,383.1505,37.6344,8720.0322,234.3978,1084.0807,917.3656,110.9086,99.7796,2942.2742,277.2527,1985.172
3718.3,3824.1,876.438,7.4912,5.6858,662.0089,238.8053,17.4602,6093.314,121.6327,623.3452,681.0132,67.4911,63.323,1393.4469,338.8186,917.5531
3366.5,3824.3,579.322,3.2203,0.3898,576.0678,26.6102,6.9492,2291.9153,66.3051,342.6102,540.4576,57.661,41.5932,1671.4067,125.3051,709.7119
3440.5,3824.3,862.4327,15.1202,0.5433,446.2452,664.024,17.6731,2275.4663,188.9712,635.4086,1799.5432,148.3413,49.8702,2133.9375,100.7885,1182.75
3661.6,3824.3,969.39,59.6178,5.1853,403.5521,34.1313,7.4788,2276.166,124.2857,179.8069,430.4479,84.5714,43.8301,1194.9614,79.278,274.2162
3336.9,3824.7,1211.3527,40.1787,0.2899,489.5024,1966.7198,13.2367,2731.2898,199.657,308.0966,1778.7729,119.2705,61.7681,1727.4396,96.087,460.9179
3428.3,3824.9,1266.3646,61.0939,0.3757,682.6519,2136.7126,22.8453,3538.2708,230.9945,488.7182,2374.3647,138.8564,72.3094,2218.7681,168.326,1029.6962
3605.3,3824.8,744.9786,11.2949,0.2179,513.2778,1022.0598,17.6282,4421.0898,129.641,463.5641,716.4658,70.2607,59.0513,1742.5043,872.1025,842.6539
3388.4,3825.2,592.7629,7.6357,0.11,402.2577,128.3608,24.7491,2397.0481,89.9656,683.543,515.7938,184.8282,912.7148,2321.3574,105.055,1967.2921
3343.4,3825.7,592.8506,7.0575,0,468.7586,596.5287,7.908,2253.7585,78.6552,233.6667,591.1724,48.9885,34.5747,1596.3448,72.954,541.908
3731,3825.3,902.2301,0.354,0.1106,536.9734,14.8761,10.5708,10144.0801,9.4646,358,322.6106,2.9381,40.3496,1292.9735,24.177,521.2567
3294.9,3826.1,843.9572,14.8182,0.1283,801.4706,71.861,15.2299,3584.032,139.9251,501.9519,761.3315,89.1123,55.3583,2166.417,108,642.0267
3745,3825.5,703.0073,2.0584,0.2044,348.6788,3.6496,7.5547,3916.3284,40.1168,434.7883,323.511,60.8029,219.9124,1208.8687,42.2117,895.2555
3511,3825.6,499.1641,7.0391,0.1016,676.4688,23.2188,18.2734,4129.1016,98.1562,719.4766,576.6484,134.7734,50.9531,1726.6719,85.7578,1605.3359
3281.3,3825.9,852.1188,5.0563,0.1688,1210.3313,401.1437,12.3938,3724.1875,81.1312,813.7812,1608.1062,60.2188,63.2438,2391.1875,79.6062,1161.7
3404.7,3826.3,1032.3873,26.8198,0.0901,603.9459,505.027,20.8739,10099.4951,186.8288,1689.5496,1082.3694,94.9279,107.4504,1801.3604,88.8468,1361.5856
3653,3826.3,1023.6887,48.6424,3.8278,507.3907,50.8411,9.6954,5367.2251,122.1987,270.9801,431.7881,76.543,59.9669,1565.9139,132.0265,318.6689
3520.5,3827.5,640.0345,18.5567,0.1034,434.3498,18.4729,6.936,2987.6553,98.7832,238.8719,296.9901,64.1232,35.9951,1430.2463,90.1133,399.2365
3557.9,3826.3,735.6782,18.3793,0.25,847.8333,147.1753,11.2069,11708.75,194.4885,852.2816,553.4224,68.5603,53.0489,1963.4856,535.1178,912.7615
3676.3,3826.7,1219.8679,42.8396,0.1887,530.3491,868.434,18.4151,3244.0188,198.8868,272.4245,1585.6981,85.5849,77.6226,1514.8962,84.8019,254.8868
3302.5,3827.1,1005.226,22.7671,1.2637,667.1267,364.9726,23.9658,3788.0823,156.8767,688.6301,2240.9624,132.976,51.1438,2200.7842,136.1473,1373.8322
3616.3,3827.6,704.9564,5.8291,0.2836,632.0073,94.2582,11.1418,6678.9639,107.0545,646.8655,443.96,38.84,52.3345,1597.4509,1326.6327,712.6509
3578.2,3828,1243.5464,50.8402,0.1203,764.8501,721.3452,24.7692,4510.4282,289.3037,560.7692,813.3905,181.5542,71.8994,2512.1953,164.4103,713.5503
3410,3828.1,623.678,2.9322,0.3983,773.2797,73.1102,9.8898,7070.3477,87.0508,654.6695,593.6017,42.5085,30.5,1938.2966,49.2966,710.4661
3623.3,3828,846.3781,14.8171,0.1341,542,94.1585,9.7195,3744.6829,130.8659,443.9024,411.7561,68.5976,56.9146,1448.5488,198.6219,829.3536
3478.4,3829.2,1051.8147,42.465,0.0245,727.4126,463.3811,39.5524,4027.7903,248.1154,1469.8881,917.5245,310.6678,939.3077,3532.2483,186.1434,2766.2727
3415.8,3828.3,670.3485,10.1439,0.2197,948.75,199.3636,15,4810.144,170.3712,1268.8712,681.0303,80.9621,47.0682,2604.8257,109.3182,1436.1591
3628.5,3829,881.2477,30.6055,0.2202,638.3027,118.2844,17.6789,5202.4404,168.6606,513.8073,458.6147,82.2294,57.3761,1534.6331,159.6147,904.9358
3703,3830.2,1078.1583,27.4131,0.1583,604.5637,533.3591,26.834,3409.1428,197.8069,896.0425,812.3436,100.4324,308.251,1429.6178,129.1197,2162.7954
3398.4,3829.6,702.3979,9.8571,0.1939,602.1531,1535.2551,15.2551,5987.0918,175.9286,1557.1123,1467.3673,105.9286,57.6735,2150.1428,91.0204,1308.6428
3742,3830,851.8889,7.7778,0.0529,657.3969,36.4444,18.7937,10332.9629,77.3704,985.8624,711.4391,55.6878,204.1323,1966.8359,72,1913.7725
3331.7,3830.2,1087.5511,31.0733,0.5667,515.7244,701.3578,17.3978,2948.4133,230.9667,494.2155,2555.2021,132.5467,54.6178,2519.5667,107.6222,1346.3511
3358.4,3830,877.8516,30.3175,0.2641,888.5698,244.3472,15.5282,2593.1841,158.8042,610.6617,1217.1217,100.4659,88.1958,2105.2671,102.5935,1129.9199
3598.4,3831.1,902.5591,31.3026,0.0375,584.7205,97.9741,26.83,3445.4841,147.2536,520.951,538.2623,149.3112,274.9107,1607.4755,140.1181,1177.1095
3711.4,3830.5,902.5571,27.9195,0.1007,568.5906,345.1476,32.9329,2975.7449,167.2953,1020.0336,754.4564,171.5101,549.2819,1575.5973,175.3356,3710.6243
3471.4,3831.5,841.0361,20.488,0.1988,969,73.6988,20.3133,5961.0239,152.3976,1277.5602,886.3253,99.0361,108.2771,2353.8252,133.8735,1371.6205
3655.6,3831.5,686.8461,365.7244,159.8333,312.391,22.2564,7.1987,3065.6282,81.891,131.3782,269.7051,43.1026,32.3269,1319.5193,78.1987,129.8718
3719.9,3830.9,883.0185,26.1914,0.1481,603.5803,31.8519,12.8951,3278.7839,116.4938,369.4445,351.3518,90.5617,66.8765,1909.7902,103.4568,531.7839
3445.7,3831.3,1083.2699,53.2063,0.3624,585.5424,322.8624,31.0317,4031.1165,254.8598,1224.8069,1606.7169,232.1111,80.4497,2698.6006,142.0635,1783.1482
3456.6,3832.4,574.1707,9.3248,0.1798,419.3009,112.6679,15.2789,2923.4165,157.2624,1167.3156,612.723,232.8532,44.2972,1934.3854,94.6183,1461.2642
3436.7,3831.8,660.2369,12.2585,0.2369,489.2031,256.6831,16.1385,3148.2493,162.9477,1158.4124,849.8215,193.9569,53.0185,2041.7938,100.8062,1563.3077
3428.8,3832.3,870.8461,26.7747,0.478,514.7253,1255.7693,17.7143,3841.2034,212.533,815.9561,1445.7307,133.8571,47.7033,2542.1208,121.4286,1752.8572
3558,3833.2,904.668,47.0725,1.5305,694.729,22.3244,7.5229,3768.4199,192.7672,269.6947,304.4695,87.2214,59.7748,1541.6718,253.0458,243.3817
3367.5,3832.4,658.15,9.0938,0.025,337.7687,54.1469,14.6562,3618.1655,98.0281,1151.6156,537.2031,111.1438,38.3344,1696.95,76.125,1687.6282
3506.6,3832.5,953.5592,35.6086,0.0197,1488.6448,79.602,23.5921,6412.6646,203.2829,827.0132,1512.329,165.3882,55.9638,2863.6743,137.898,1537.2533
3287.1,3832.5,733.7114,10.4886,0.2114,754.4572,177.52,9.6371,3357.0457,89.2229,474.4743,618.2629,75.7314,52.6486,2219.02,112.0914,885.2943
3321.9,3832.7,947.007,14.0116,0.2605,583.2256,113.9279,13.5209,3687.8418,116.3442,321.5279,667.4814,65.8442,48.6628,2053.3511,88.6698,591.2349
3351.1,3833.5,744.4821,16.1036,0.5179,481.2271,1117.1475,11.9681,2222.4622,137.9841,438.8048,1509.3147,71.0837,47.1394,1750.9801,82.992,1047.3386
3748.9,3833.9,1047.7119,23.8983,0.1653,813.2034,181.2373,18.9492,8262.0723,152.6695,882.5381,761.3517,77.6907,72.233,1811.9576,101.1059,1523.5636
3670.7,3833.6,640.137,11.5616,0.4521,824.7808,13.2466,18.4795,13682.3838,128.9589,497.4795,468.9726,58.5753,72.2603,2065.8767,94.4931,589.0548
3309.8,3834,1030.1666,29.6705,0.2126,933.3506,676.2988,24.6284,7660.3198,197.9579,751.4694,1173.4061,117.8238,59.113,2537.1035,147.5594,1222.2452
3541.5,3834.6,775.0236,21.6824,0.0588,315.7412,15.3765,10.9647,3899.0588,100.5647,192.2588,273.5294,55.2118,44.9882,1694.6824,100.1059,168.9529
3684,3834.5,824.9688,24.3551,0.1364,631.2471,19.7472,16.4631,3366.3467,141.2869,320.3097,473.9574,76.4858,51.733,1891.4943,93.7159,503.7841
3635.6,3834.5,655.1136,11.4432,1.0341,639.1477,64.7386,11.0682,3868.1477,126.3523,781.3864,804.375,72.6364,43.6591,1246.75,302.8068,1008.2841
3414.2,3834.6,999.6409,26.4427,0.6068,726.8297,2316.3684,24.1765,3252.9536,207.9938,1256.5449,1913.2817,108.8978,58.1084,2482.1455,142.3622,1542.4458
3715,3835.5,1159.1603,36.4359,0.0769,684.8846,71.2692,56.8269,4279.7627,235.7756,1086.4744,645.6346,185.2885,522.8911,1947.25,164.6795,2580.6411
3551,3835.2,934.8567,77.7,0.6133,420.2733,17.67,7.5833,2563.73,140.72,189.74,311.2067,73.24,50.0067,1238.0601,133.8267,168.31
3491.9,3835,667.8989,22.2921,0,531.2135,108.9326,35.5506,2726.8428,180.4045,1172.1686,640.0562,192.427,50.3596,2446.6292,130.5955,2828.1235
3756.3,3835.2,645.9086,0.3714,0.0057,358.7543,11.2914,9.4,3091.7715,16.4514,273.9771,194.1429,5.1829,38.2229,1357.4572,20.4457,355.5886
3570.1,3835.1,653.8546,8.0364,0,667.8546,59.4545,5.9455,5063.9453,126.6,449,370.7091,48.9636,36.2909,1628.5636,132.2364,376.5454
3532.6,3835.1,1018.1837,38.1551,0.0245,302.3551,12.0776,4.3755,2166.9307,131.7143,411.6286,389.6163,86.0776,49.6245,1340.7551,60.5837,161.2735
3577.2,3835.4,841.5489,33,0.0526,809.3008,223.0301,29.8346,5474.3384,279.2782,661.6466,551.1654,322.6015,54.1053,2706.9775,179.985,821.5338
3513.9,3834.9,913.0568,37.5682,0.0455,1036.5796,45.2386,22.1477,8077.1592,278.7046,671.125,932.6705,98.2727,61.4091,2656.7727,116.7955,1231.2727
3295.7,3835.4,923.2235,19,0.0559,1401.65,77.5794,14.4676,4746.9443,138.6324,631.8265,1445.0294,99.1,50.0441,2957.5059,181.75,1256.2
3722.7,3835.8,1285.655,48.8012,0.2573,938.7134,185.3626,47.3158,5267.2515,246.7018,988.4912,911.4971,317.0234,95.386,2582.7661,172.731,1783.2924
3483.2,3836.1,584.7901,11.0247,0.5062,456.8148,148.9877,19.037,3028.5925,127.7284,966.1358,598.2593,246.4938,68.8519,2036.5186,113.7407,2766.5679
3693.2,3836.2,922.5505,16.6404,0.309,927.8371,9.3034,11.1236,3384.2642,118.4326,325.3371,934.1011,69.7978,49.4944,2207.6572,68.5056,517.3989
3383.8,3836.6,617.3225,10.2809,0.142,334.8426,32.6759,12.088,2168.3396,85.3302,764.108,423.517,183.5231,413.3349,1849.8564,85.8966,1840.6882
3731.8,3836,1121.5958,37.7136,0.545,906.0716,300.2494,25.2841,4176.3579,247.5473,740.5289,1738.97,164.6166,138.2864,2186.6536,163.224,1585.5958
3395.3,3836.7,885.0828,22.8813,0.1259,1355.8417,69.8489,21.0432,2401.3237,134.3165,593.054,1774.0251,115.3705,57.0216,2787.3167,108.6655,1282.5288
3364.5,3838.3,808.0352,14.9336,0.0703,441.1406,1139.832,21.1289,2797.1953,134.7773,947.3789,1394.2891,155.7812,48.3242,1955.6406,90.1641,1381.0898
3742.8,3837.6,932.8624,16.9101,0.3439,596.91,260.9683,22.9577,3927.2646,175.9682,826.0582,968.4868,93.5238,68.3915,1928.1111,225.1852,1813.3228
3404.1,3838,554.5697,10.1515,0.1091,421.1151,233.8848,23.697,2639.4424,109.497,625.9152,549.7758,127.2,37.3333,2053.7698,104.3152,1933.6425
3589.2,3837.9,925.9868,30.0211,0.0632,532.5895,177.9474,17.5526,3926.2764,219.9895,434.2342,396.3421,108.6789,53.4605,1720.3395,127.1868,553.1
3445.8,3839.2,1029.2531,26.0602,0.1325,549.2048,2077.0181,18.4277,3245.6687,370.8916,788.1747,1869.741,182.0904,77.6386,2180.9639,123.6205,1343.8795
3627.3,3839.2,932.0176,38.0837,0.3877,652.9648,17.9163,11.6784,5340.2246,122.2203,480.3128,395.5903,68.0441,53.2952,1125.5859,81.0925,297.8723
3437.5,3839.5,537.5148,11.4851,0.297,716.0594,309.9208,17.9505,4053.7227,147.3465,968.4852,764.5148,149.4653,165.4257,2168.1287,97.3663,1309.0297
3658.2,3839.8,771.2578,98.52,43.6978,313.6133,17.8356,6.7511,1964.5734,98.6356,120.4933,302.6533,65.7911,34.1156,967.0667,65.7644,116.6711
3497.9,3839.6,1121.5674,44.0602,0.2292,1516.7965,265.4642,28.7851,4187.6846,273.7049,1158.2635,1592.5645,230.7851,515.5129,2462.917,283.8195,2301.0488
3469.4,3839.5,687.6553,18.3107,0.6044,490.8253,59.2937,27.0947,3019.4563,144.0704,661.7767,426.5874,113.0461,43.3422,2204,105.4345,1627.2257
3601.1,3839.3,743.5227,17.447,0.1288,446.1364,612.9318,11.75,2715.8333,163.7955,289.2727,419.7046,70.8788,39.6439,1236.4697,95.0758,440.9091
3516.9,3840,822.5345,33.8064,0.2327,729.6245,70.6982,17.8571,4828.9585,227.4585,601.1037,485.0714,214.4516,58.0783,2219.8503,110.1106,1292.394
3330.3,3840.9,628.1371,8.1337,0.0694,459.2118,43.2708,10.2569,3075.4565,100.5104,561.5729,455.0677,171.8021,55.7882,2292.019,96.6736,1537.6024
3641.5,3840.3,645.2297,27.1486,4.1486,675.9054,62.5676,5.9054,3977.8647,114.8108,381.027,370.6351,48.6757,42.2703,1120.8243,155.7568,438.554
3612.8,3840.7,654.1881,36.9604,0,585.0792,514.5842,10.2574,4891.0098,128.0198,544.5049,496.1287,108.2574,450.396,1664.7822,249.7426,1109.297
3412.9,3841,1215.978,46.2763,2.4386,604.6579,2214.8772,31.0175,3147.5308,233.0789,657.2368,2083.7676,176.614,61.3596,2480.6448,121.5439,1241.5614
3422.7,3841.4,612.0088,3.5526,0.2105,432.0965,441.7895,9.057,2184.2061,90.3904,433.1974,649.307,161.7105,43.0921,1837.1184,60.7544,1128.1052
3486.1,3841.7,546.3058,5.1901,0.2231,645.686,29.7107,10.9339,11006.4795,102.2727,631.1157,406.0331,66.9917,37.0744,1671.124,81.7355,1568.7356
3767.7,3841.3,793.8557,2.0979,0.0103,616.7526,139.9021,9.1907,5945.3765,32.4072,406.8402,402.8093,20.6082,52.3402,1679.9021,24.4588,591.6443
3315.4,3841.9,591.6364,3.1894,0.0152,678.1439,41.053,5.9318,4839.5078,112.8409,697.2879,448.1743,45.1742,37.9545,2096.5681,122.947,1289.5303
3761.5,3842.1,682.5417,4.0938,0.6979,600.0625,3.2812,6.2812,4453.9897,69.5938,288.2604,309.5104,49.6771,41.7812,1136.5834,41.6562,326.4792
3647.9,3841.7,709.868,553.5501,657.9218,490.9853,214.1125,19.2347,3028.4988,100.6308,158.4279,498.5526,64.2323,42.3594,1813.4817,102.066,161.533
3738.7,3842.7,770.9398,6.1429,0.1729,610.5489,81.0677,19,3926.406,112.8722,693.0752,552.0526,53.9925,62.3383,2035.9774,106.0977,1535.4888
3300.5,3842.2,1041.3521,18.4388,0.0561,1359.2959,270.6276,29.8673,16362.2246,193.75,1442.7347,1079.6173,149.9745,54.8673,3129.4949,2854.3928,2796.2041
3699.5,3842.6,609.6306,9.5586,0.9369,638.4144,21.5135,30.7027,2755.2883,83.1532,319.6667,276.5135,172.1622,42.0541,1909.9099,88.3423,575.6036
3360.3,3843.5,664.5466,13.7794,0.1478,542.0324,208.4555,11.4069,5240.269,102.419,681.8684,573.7834,109.5243,37.0405,2383.3542,103.1579,1566.417
3586,3844.2,842.5771,26.9383,0.1454,551.5286,241.2952,17.6256,3534.6609,193.1101,363.5551,408.1938,104.8987,46.0352,1993.0616,133.8238,479.0837
3751.7,3843,894.0916,8.229,0.1756,794.1526,329.4351,17.9924,3067.603,145.5191,611.4351,965.7863,86.3893,66.9618,1634.4198,114.2214,1062.4122
3677.7,3844.2,1104.8927,53.8079,0.096,366.8305,17.548,1.4972,2871.9209,153.6497,176.2373,304.452,115.3842,1032.2147,1484.5367,93.113,125.7853
3727.8,3844.3,931.1923,20.6716,0.9231,1041.9705,38.4734,18.6716,8796.7959,189.8728,786.6716,645.1302,96.7308,78.7012,1962.2101,232.3136,1188.0177
3596,3846,868.0186,26.9525,0.1405,554.6756,567.9277,15.9979,4063.5186,191.9256,407.0785,501.1632,117.1364,56.0578,1725.5641,132.3636,559.7293
3347,3845.1,908.982,19.0841,0.024,964.5976,193.4474,15.6006,3317.6096,123.4054,486.5225,1409,83.2853,45.9099,2398.9849,82.3904,1003.5316
3308.6,3844.2,1150.2888,26.1011,0.0072,1048.5632,938.9964,35.3502,9131.0469,258.2888,1492.7582,1628.2563,201.8773,55.7509,3333.343,891.9747,3411.0217
3572.8,3844.8,825.003,36.1899,0.0712,459.7092,61.276,9.5757,3112.2998,148.4807,239.2967,320.6024,79.27,46.2611,1550.5519,97.2166,217.632
3452.5,3844.9,1173.7261,37.8088,0.4729,1178.0905,126.8398,38.3049,3368.5322,473.4419,537.6977,1436.2842,293.9121,68.168,3255.9819,149.8062,995.1421
3745.1,3845.4,736.8609,9.5894,0.0464,461.702,37.0132,12.4834,2844.7417,113.3179,880.4503,576.8146,140.3775,76.6821,1487.4172,114.5894,1863.7616
3374,3845.4,486.4286,1.7381,0.2381,281.7619,23.119,17.8095,1890.9048,63.2857,861.2381,428.5238,124.881,34.1429,2429.3096,59.7381,1592.6428
3288.8,3845.4,884.2798,14.5256,0.2065,819.401,362.3686,21.8003,4527.1484,132.9761,1093.9283,899.0956,191.5171,541.36,2857.8242,181.0904,2553.0359
3757.5,3845.9,1170.5333,33.9538,0.2051,809.3487,171.1282,18.5026,6035.4512,188.3179,453.8359,550.6923,91.0103,67.8872,1692.2719,107.8769,448.3949
3693.6,3846,752.3173,27.7862,0.6552,507.5517,68.8207,11.3931,7577.8896,111.8207,467.7655,421.1241,61.4966,48.2069,1509.6897,143.2069,842.3931
3614.5,3846.1,695.7143,9.9524,0.0317,552.1746,55.3968,10.254,6250,157.9365,458.6825,332.3651,149.3175,90.0159,1679.6031,124.254,652.0476
3461.7,3847,765.1191,15.0878,0.2382,479.1693,66.8652,26.3448,2391.5737,137.4671,884.8339,558.3918,206.511,52.0031,1975.7399,107.2038,2113.8337
3469.5,3847.7,1157.7621,40.7753,0.4846,632.1013,58.5595,34.7357,2960.6299,224.7753,798.7753,607.2379,285.0969,66.1057,3180.0176,135.1189,2022.2952
3773.4,3847.8,1120.485,7.2669,0.0827,576.515,104.8421,10.2669,6094.9136,84.7556,420.3797,765.2556,18.2293,64.5263,1229.5038,40.0338,519.015
3525,3847.5,854.8835,46.7985,0.3277,578.3616,322.182,11.0364,3693.7329,182.9369,259.4296,549.2743,92.6748,51.665,2229.0608,105.1869,267.2257
3501.8,3848.1,782.5333,19.103,1.0788,604.1697,820.3818,27.7212,3272.606,260.6121,1167.4485,1085.2363,228.3394,141.7333,2454.6182,148.3455,1988.4182
3320.7,3847.7,648.0792,6.6691,0.0755,654.6367,92.0504,6.8525,4345.752,123.1799,636.7626,468.4388,51.7842,42.777,2181.115,150.3885,1137.0504
3538.7,3848,902.2562,35.4562,0.1,271.9625,13.2688,9.825,2627.6187,124.725,657.6,569.175,77.6562,44.2,1517.7375,68.5875,111.8125
3661.8,3848.4,664.675,67.75,48.45,332.725,5.375,2.3875,9810.1875,61.4375,585.825,372.0125,38.425,268.6375,886.05,42.0375,193.875
3445.1,3848.9,1408.2614,60.3568,0.3015,1685.3718,266.9297,31.5477,5148.5073,344.0653,929.1055,2616.7537,182.608,63.6131,3537.1609,154.5628,1614.4824
3706.1,3848.8,894.2595,50.2274,8.5335,487.0437,668.0845,19.207,3402.6384,120.6181,219.0233,792.9592,58.1166,51.2974,1605.312,71.723,270.5714
3425.1,3848.6,846.6423,13.813,0.374,647.7073,117.5528,16.0976,4997.3008,167.1382,826.8536,575.4716,175.2114,51.6585,2594.5286,122.0894,1598.5366
3557,3849.1,1260.3689,51.6602,0,347.8544,17.1165,15.4951,2745.6311,173.3884,653.8835,538.0388,116.1456,66.1456,1773.1942,77.0194,111.8932
3303.4,3849.8,977.2222,26.9481,0.0259,1131.2444,890.9852,37.2148,6014.4888,243.1555,1720.7074,1906.337,278.763,55.6074,3599.5186,343.5963,4320.5962
3698.5,3849,954.7928,54.3357,2.7214,460.9071,650.9429,16.2143,3225.1357,141.9286,239.6143,606.35,73.7143,62.8,1883.2285,106.6,304.3286
3753.3,3850.4,1300.4711,42.5744,0.405,1135.5454,313.1777,27.6446,4884.8223,257.6942,669.281,1021.6942,150.1694,108.1364,1798.5,189.2893,883.7149
3389.2,3850.3,688.2771,8.6114,0.5542,491.1717,85.9578,6.8042,3503.3433,79.6536,281.2139,343.6988,52.7289,38.9217,1405.3494,68.6566,429.6988
3650.8,3851.4,823.546,1049.811,1290.9186,542.4698,100.958,30.8032,3886.3674,123.5013,203.5276,418.4331,83.5748,50.7848,1945.9055,132.2257,193.6982
3291.3,3851.7,718.0333,9.2167,1.0333,971.15,462.7,25.4667,4983.3335,129.7167,721.0333,750.7833,98.2167,144.45,2726.05,121.6167,1406.3
3675.7,3851.2,1048.4324,30.444,0.4672,326.5598,8.7104,8.6409,3236.2085,118.4826,431.0965,390.7761,77.6409,61.305,2153.9111,68.4517,104.4324
3354.7,3851.4,783.236,14.9579,0.0506,1082.5505,39.1096,13.5253,4260.8203,104.4522,597.0056,1052.8877,129.9045,41.309,1988.3679,102.1124,1439.5253
3312.3,3852.4,841.619,19.3532,0.1071,626.5,1501.0397,13.4524,4242.9248,184.254,748.0357,2275.6587,137.0278,40.7421,2289.3967,178.0754,1710.5358
3549.8,3851.7,1503.2654,111.3889,0,420.5185,32.5432,13.8951,3592.4075,310.5124,325.358,454.6975,123.7222,62.0617,2079.4753,106.7778,139.5864
3375.5,3851.7,963.1642,27.6387,0.0803,487.1314,222.3723,40.5949,2555.0876,122.9635,661.2555,595.0912,201.2701,49.5693,3225.8213,117.3066,1888.343
3414.5,3852.1,1090,34.7237,40.5837,649.8054,102.5525,18.1634,3876.7354,791.8755,343.7549,492.9572,175.7393,49.5136,2057.9651,137.2412,310.4319
3630.1,3852.4,874.2976,46.8889,1.1032,505.6151,35.8175,17.496,4108.7065,153.5754,299.9603,390.9603,73.4762,60.2937,1966.2699,157.9682,505.1508
3399.3,3852.5,932.0824,23.2188,0.446,604.2812,1278.5142,16.767,4345.7671,159.0341,279.1335,1028.2983,88.8153,47.2188,2011.0454,96.6847,433.5767
3477.8,3852.8,646.0264,13.3892,1.0396,482.3232,27.2652,14.8298,2667.9116,169.1438,472.3681,406.6583,199.3866,334.872,2142.7058,97.0092,1020.2704
3429.2,3853.2,718.8417,2.1511,0.0576,653.1007,17.0576,9.9712,3313.3596,51.7338,388.3957,359.9784,19.3885,39.5971,2112.0864,37.6259,466.2662
3535.6,3853.1,561.1918,116.8286,0.3224,309.5143,12.2612,6.5388,2453.4285,84.551,291.7592,260.751,31.9388,29.8408,1424.0531,63.5837,128.9918
3594.3,3853.3,672.3405,11.0638,0.1277,454.2128,75.0426,4.8723,2586.468,134.7872,193.4894,281.3192,51.5106,34.3191,1088.0426,67.0426,170.7021
3448.9,3853.7,957.6389,34.3611,0.2431,915.7222,673.5,15.6806,2756.2778,234.7917,541.7778,1915.4445,157.0278,51.0903,2443.75,106.7778,1070.6666
3325.2,3853.4,981.9603,19.9633,0.1957,733.6024,658.2477,10.5994,4559.4648,159.0673,554.1376,1257.9419,91.0612,41.8471,2431.0825,150.5352,1260.1804
3421,3854.3,1136.1968,37.2369,7.9398,608.1888,498.1566,22.4337,4276.5142,445.8675,316.9639,1408.6908,166.4659,62.2008,2982.6868,123.3534,403.9759
3660.3,3854.1,878.9413,403.4267,357.6906,419.9576,31.759,12.6091,3901.6938,126.5961,202.4821,315.873,77.3583,77.2866,1406.974,93.6124,233.7622
3583.4,3852.8,814.1823,23.6305,0.1084,506.9704,68.798,9.798,3857.5715,135.1724,244.9015,347.0985,55.9163,39.4138,1709.8424,107.4286,229.7586
3608.2,3854.6,814.469,33.8798,0.0581,398.8682,29.5116,11.8488,2869.5969,122.0969,274.4109,305.6279,143.6046,39.2713,1682.0543,90.9302,385.9729
3507.3,3855.1,593.6852,4.8981,5.2037,413.7778,30.5093,12.3704,3182.2036,241.1852,614.6574,398.2315,131.0833,41.0833,1685.3611,69.8333,1376.3796
3467.2,3855.3,1096.1526,13.928,0.3008,1033.7076,65.7161,11.911,5701.2798,84.4449,540.9915,2075.6187,62.4703,53.6398,2960.2627,63.1017,1214.1229
3640.5,3855.2,986.9113,92.4793,163.4675,502.4852,378.1361,8.4675,3543.1243,173.284,383.1006,933.7811,89.7751,54.4556,1378.1598,95.3373,534.7633
3781.9,3855.4,670.0318,0.5058,0.0173,279.948,43.1474,2.9566,2056.0029,16.211,320.2601,254.9566,19.4422,42.0896,1283.9277,8.7919,451.4682
3438.7,3855.8,903.5566,34.33,1.9767,536.1767,1116.7467,13.5467,3138.4666,165.5233,318.72,881.9033,86.3533,41.3333,2316.8667,83.0233,560.6133
3750.8,3856.4,941.1935,26.3979,0.6022,692.8566,48.362,21.6129,3783.6094,139.1183,453.3333,658.8495,83.0502,67.7419,1629.2616,333.5448,387.4731
3286.2,3856.1,843.7612,19.1915,1.0567,608.5768,1365.9102,27.0047,3623.8889,140.1395,692.3948,1197.4185,115.5981,62.3262,2416.4067,132.6028,1488.6997
3527.7,3855.9,713.9196,41.2414,0.4023,785.4425,131.0632,17.7126,4135.8447,193.3161,332.1494,369.3161,83.2414,41.6782,2380.0459,215.5862,366.9081
3736.7,3855.9,823.5103,6.5931,0.2828,494.7655,1.7655,3.5724,4975.186,65.4207,171.5172,253.3793,30.0621,38.0483,1081.0414,116.069,119.5586
3302.6,3856.5,587.0222,8.9778,0.0622,809.8533,165.3778,12.2933,6123.9731,126.8933,1014.7422,666.0578,145.9067,41.8711,2362.3467,297.9822,2122.2756
3701.4,3856.9,927.9519,91.4192,27.8007,414.2371,58.6048,18.3471,3619.0068,123.4192,189.2509,367.6942,59.9863,61.0309,2066.0859,113.4502,185.0172
3336.6,3857.1,878.6799,22.084,1.5626,727.5151,1025.2789,11.1712,3431.4834,164.1838,514.0285,1282.7939,117.3978,52.9065,2643.4153,114.2029,1143.2156
3693.1,3857,888.4783,45.6159,1.3768,588.6957,9.9058,9.6449,4183.8477,136.7971,297.4058,365.3478,80.5217,46.7536,1279.1957,103.1739,510.8768
3460,3856.6,1088.875,16.4015,0.5833,684.803,1473.053,26.428,3887.3674,148.7273,646.2614,1556.9053,97.9924,50.3523,2285.0303,93.1477,1479.678
3370,3858.1,926.0467,24.4967,0.3533,766.0233,606.51,19.71,3569.0601,134.7367,384.6667,1425.3199,94.18,50.0733,2602.2766,167.0767,669.3167
3788.2,3858,493.2,6.9889,0.1556,270.4778,4.6889,7.2778,1870.5111,51.3444,204.2333,216.3111,30.5444,55.6111,1555.2889,42.5222,211.4333
3488.9,3857.7,743.3474,20.8702,11.0916,443.4847,60.1221,17.5992,3886.8396,313.5153,550.0496,394.1412,90.7176,48.9733,2654.2556,102.7901,1522.832
3741.6,3858.4,844.1644,0.0274,0.6575,576.452,0,4.4932,6479.1782,12.6301,225.8356,276.4521,8.5342,32.9452,963.6849,347.6986,114.8219
3387.3,3858.3,703.2269,12.5248,0.1348,272.7872,408.1915,6.8369,1640.4823,68.9574,132.0638,536.6738,54.9078,29.8085,805.1418,47.1844,193.4894
3589.4,3859,1003.7095,45.3898,0.138,840,21.799,12.4431,4169.1357,168.5642,213.6828,588.3874,91.9007,53.1816,1526.4891,98.3874,185.4092
3758.6,3858.9,1060.6224,29.9212,1.4689,808.6514,354.5768,30.3485,6046.2612,187.1826,1083.4647,1006.2531,119.805,110.9668,1799.4689,158.2863,483.2158
3327.6,3859.4,1345.2517,44.3357,0.6014,960.7762,2004.2448,17.0839,6011.0488,306.4266,888.7133,2229.9651,193.5385,62.9161,3227.853,212.4685,2055.874
3681.8,3859.1,1182.4603,40.0635,0.2937,345.0198,9.5159,6.4444,2821.738,127.4365,446.5159,396.246,74.5675,60.8214,1968.238,60.8175,113.5913
3407.5,3858.4,1016.8743,22.5269,2.0778,677.1018,1100.9581,11.3293,3067.5508,186.4431,370.006,1424.7485,77.1078,49.5569,1877.0299,83.9641,249.503
3711.3,3860,839.2483,24.5034,1.2993,298.9014,144.4966,4.5612,1884.6224,108.2687,127.9898,523.381,56.4932,39.8503,1231.9796,61.1361,93.7279
3350.9,3859.3,652.2467,12.8618,0.1151,566.0197,203.4901,8.5197,2659.7861,102.7697,280.0493,489.8388,51.7467,36.5099,1708.4769,84.9803,478.3158
3451,3859.7,763.5978,18.9888,2.1844,594.8994,1050.2346,15.5978,4555.6426,198.1061,405.7598,1268.9218,77.3408,44.2402,1990.6871,102.7933,415.4246
3722.4,3860.5,894.9099,29.6486,1.5586,371.7838,10.2432,9.2613,3182.4055,151.0631,123.0721,421.2613,68.8559,36.955,1363.7028,80.0631,82.9099
3764.9,3860.5,1533.4017,54.0557,0.393,1315.2551,176.8592,39.4252,9098.584,229.8974,1279.0586,1287.4985,186.3754,294.39,2206.2698,228.346,839.7332
3398.5,3860.5,1220.215,24.7196,0.8224,669.4626,207.7009,13.0888,4919.2852,147.1168,347.3645,861.2804,182.6215,48.6495,2723.9019,81.5888,535.8645
3433.3,3861,866.4903,16.5548,0.2645,480.071,87.4194,7.4903,3782.4709,432.3484,222.5677,348.2258,68.8194,51.0774,2106.6904,60.4774,241.6903
3508.7,3861.1,635.381,32.1905,0.1429,738.7619,110.5714,22.1429,4559.2617,265.3095,890.381,740.2619,138.4762,46.119,2087.9048,108.1905,1670.1904
3502.2,3861.2,520.7964,5.646,0.0708,326.2743,21,6.3717,2358.0796,70.062,401.8495,299.7345,49.7965,156.0797,1348.1593,56.6903,1076.8761
3519.8,3861,1156.0814,50.564,0.064,768.8663,1037.9825,35.3721,5103.2383,243.3372,720.2035,1262.7733,141.2093,73.0058,2224.9592,149.6221,1381.9651
3427,3861.6,993.88,30.768,0.544,465.368,33.256,8.832,4775.5122,483.368,203.808,323.784,79.832,47.208,2368.7839,75.6,219.688
3457.4,3862.7,1183.1033,43.7283,0.6141,604.2283,1222.1033,13.9022,5963.625,193.2826,379.8261,1230.9674,102.4891,54.538,1926.1522,123.212,275.1794
3622.6,3862.3,977.2654,803.4929,953.6824,459.6777,40.8578,22.1422,4283.7158,144.2559,193.8863,330.6967,133.2038,52.7204,1659.0758,136.9479,559.4171
3630.6,3862.5,1160.2192,885.123,1049.2621,497.4278,53.9144,25.1604,3835.8823,164.2995,242.5936,389.2888,116.1069,62.6096,1783.754,148.0963,257.1711
3392.3,3862.3,874.785,7.4731,0.2581,648.8602,229.0108,4.6774,6396.355,102.9355,264.4086,652,57.7527,30.4086,1410.6774,137.4839,291.2151
3376.8,3863.2,1057.5909,27.7117,0.2393,542.7668,971.0471,14.0675,2912.8181,137.8507,359.2147,1287.8773,119.4765,57.8466,2259.9775,89.728,657.6422
3636.6,3863.1,844.7872,491.1915,889.7659,361.844,20.2766,17.7092,3381.6099,112.4681,184.5035,253.2553,57.0993,53.6383,1542.9858,87.305,119.9433
3690,3863.5,878.5258,24.8351,1.6237,604,3.4381,5.4227,4119.8403,82.8711,263.4845,283.6907,32.1598,55.0876,1155.3917,91.5103,328.7577
3282.8,3863.4,1240.0817,29.3735,0.0467,644.4747,1021.895,22.3619,3413.821,211.3191,627.9183,2057.5991,144.5525,73.5292,2962.2568,92.7665,1293.6498
3404.7,3863.8,1470.035,51.85,0.97,1906.675,414.185,23.895,3989.22,211.64,328.705,3332.825,158.89,63.955,4611.8452,129.895,363.21
3323.6,3863.7,1483.0829,56.1492,3.105,873.7293,2089.873,14.0663,10506.4531,240.6961,474.2431,2376.2156,121.453,66.2431,3162.79,161.8121,638.21
3464.1,3863.9,745.9658,14.3846,0.453,596.0854,275.6325,9.4274,7402.6323,104.7778,443.2308,537.3589,46.9915,43.641,1637.2565,92.9231,310.359
3512.6,3863.8,1080.8823,53.3765,1.2176,670.5765,457.0706,27.0176,4168.394,383.0059,598.9529,767.3941,203.5177,65.7118,2508.3706,152.0235,1154.553
3644.5,3863.4,778.4319,584.9058,821.055,402.3036,21.8351,17.7592,3566.3064,101.123,200.945,282.2696,47.288,54.8089,1665.0131,103.8089,150.9869
3412,3863.6,1426.1437,56.5287,4.546,875.2529,507.8046,27.8448,5177.6895,217.3103,389.6322,1261.8678,176.4885,77.5862,3188.6379,116.7759,342.931
3297.4,3863.7,734.0117,15.1105,0.0523,975.8082,50.2151,20.064,5086.6279,118.9419,739.6105,925.0349,109.5291,46.4709,2663.343,119.9593,1708.6802
3770.8,3864.9,1473.7756,52.5197,0.189,733.9764,344.6417,28.7638,5602.8857,245.9843,857.4409,1017.1339,199.8268,216.9095,1999.5237,124.0236,1198.6969
3357.3,3865.3,867.2642,24.5535,0.805,533.7547,868.9958,22.935,2959.5681,179.935,613.2557,1586.9958,133.4507,69.8386,2208.6311,122.7694,1591.1488
3317.6,3864.9,922.1024,23.8494,0.0783,569.5964,658.0964,8.1386,7116.9097,141.2892,394.5181,1004.3735,117.9819,57.1265,3080.1748,114.1566,692.5241
3478.1,3865.7,598.4987,10.726,0.4493,491.8986,160.4794,17.5808,3063.2932,184.3644,719.7863,458.7315,186.6575,267.3726,2107.4302,118.7288,2069.0164
3493.5,3865.6,858.1295,22.4173,0.1007,525.5828,1080.446,11.9496,3859.6116,189.5899,509.482,1353.3525,92.8633,46.6619,2059.1008,109.2734,1088.3597
3780.6,3865.3,1011.549,25.7483,0.0629,1020.986,183.6748,12.0909,5410.7554,196.3042,686.4685,832.3252,114.6119,196.5524,2005.7028,110.0734,1276.014
3741.6,3866.2,1152.6062,51.1815,2.9046,458.7108,206.9415,8.9385,2722.0061,168.7292,175.4923,728.4185,90.2585,58.9323,1570.7477,85.6277,106.24
3417.9,3866.1,989.085,13.3137,1.1307,753.2614,17.4641,8.9477,6666.686,106.5229,259.2549,378.9673,46.3856,51.7582,1927.1896,53.1503,202.2092
3445.9,3866.7,1081.7365,38.2708,0.3538,580.4874,183.9134,11.0469,3721.9387,146.2022,380.2455,462.8267,157.3718,49.7148,2117.166,85.917,352.0361
3394.8,3867.5,1077.264,33.7879,0.6104,539.0995,620.5974,15.1732,6068.4678,160.4805,243.1558,1125.5801,124.0087,51.1429,2448.1904,150.5238,303.3247
3423.8,3867.3,929.7333,111.5778,0.3556,1187.0444,52.6,10.4667,13992.5781,432.0222,547.7333,889.1111,255.4889,98.5111,2009.0667,112.4444,227.4667
3608.9,3867.3,967.1793,134.1448,0.2207,426.8069,11,4.4552,2528.4758,188.1862,199.9379,311.9655,80.3172,64.2759,1137.6069,83.3241,183.931
3367.1,3867.2,540.8384,5.6692,0,577.2308,57.2385,17.0077,3165.8,94.0385,816.5923,453.4154,163.3308,585.8615,2463.0769,146.2538,2931.8845
3487.3,3867.9,897.2192,16.9795,0.726,516.0068,47.3425,15.3562,4041.9041,252.8082,473,392.2808,159.8219,64.1918,2354.0754,146.1096,987.4315
3732.5,3868.2,716.0482,32.006,27.1265,374.3615,14.4157,4.1145,2579.1687,94.3012,130.247,250.6385,38.253,55.7169,1394.506,68.512,81.1687
3307.8,3868.1,597.8189,6.0315,0.0157,415.3071,29.4488,21.4567,3334.9685,67.8976,556.5984,372.9449,159.5748,61.0157,2220.1023,123.1496,2051.0945
3788.8,3868.4,1066.5018,22.4662,0.0463,513.6477,40.8078,15.1922,2626.2705,135.153,406.4875,471.6335,91.9431,592.2704,1530.4021,87.7046,709.9182
3614.5,3868.1,908.2838,100.3243,0.0135,366.8919,38.0541,6.4459,2302.7837,151.473,203.9324,284.9054,71.4189,118.0405,1044.7703,64.7973,320.946
3288.1,3868.9,964.03,20.2,0.03,990.35,324.37,17.315,4795.4702,194.805,903.085,1400.29,117.885,76.855,2815.0049,125.98,1367.46
3433.6,3869.2,1070.0168,33.5718,2.1775,715.8451,51.907,18.0366,5576.7495,165.1042,271.4423,488.6366,150.0197,49.4366,2110.8169,87.5408,377.0535
3295.4,3869.8,928.8783,23.3545,0.0317,621.8942,131.3545,9.0529,4249.7036,143.8624,744.1429,680.2117,156.8995,87.9894,1754.1058,100.5714,923.3704
3632.9,3869.9,875.9745,886.3885,1101.8408,442.8726,47.1274,30.465,3706.8726,134.5159,229.3376,326.1529,65.828,68.2357,1864.7643,143.2611,140.0255
3641.6,3870.1,662.7778,449.2592,821.8148,357.7778,21.5926,13.4074,3069.2222,80.6667,154.0926,227.3333,25.2963,43.9259,1224.3889,83.7593,117.1111
3411.8,3870.7,1223.153,246.0157,67.6431,606.9686,53.0196,11.6039,3031.0823,160.0392,175.8,621.098,96.8275,65.2039,2043.1333,109.2902,183.7451
3651.4,3871.3,888.8207,89.8207,7.5103,517.3655,783.1862,7.6759,3114.7104,147.8896,242.9931,510.3862,60.8828,49.1655,1166.0414,137.5586,290.3448
3312.8,3871.8,1006.5821,29.2164,0.0896,634.1045,72.3806,18.2313,4400.7241,153.6642,626.3508,531.8881,297.0298,1505.4552,2783.3135,179.9104,1905.7687
3320.2,3871.8,1025.3146,17.7621,0.0565,740.0282,120.6895,7.246,10775.1133,128.1492,480.4032,600.7379,72.0564,200.8065,2401.4033,108.9355,494.0605
3678.3,3871.9,629.983,73.9096,0.9379,680.1808,123.5989,10.1808,5538.3784,135.661,358.0735,350.3729,49.2768,38.4859,1534.4181,79.1356,494.7006
3618.7,3872.1,889.4248,126.7611,0.3009,444.3628,19.6991,5.6991,3864.4424,173.0531,217.9115,300.1947,73.3097,159.1239,962.0885,72.6195,129.4248
3400.5,3872,859.5687,17.7748,20.3817,414.9466,72.7023,13.1374,5753.7021,78.4351,283.6069,364.4008,134.5229,42.5305,2235.5344,64.9466,405.1374
3781.2,3872.9,858.0392,19.7843,0.2843,638.1912,79.0735,17.4853,2963.1814,136.0784,401.0931,526.1814,71.5637,62.7059,1665.054,89.1029,693.2402
3334,3872.1,896.8029,14.9449,0.0986,389.9652,20.4464,4.2058,3391.3767,72.1971,336.6898,424.4406,49.8522,36.3014,1788.9711,53.0232,598.7217
3765.9,3873.1,847.9962,23.15,0.5615,408.3846,115.7885,16.5846,2889.3962,123.9962,360.5,420.7885,78.1385,101.1962,1692.0039,98.8423,577.65
3349.4,3872.9,768.4664,21.8498,0.0553,743.3597,72.1621,23.9842,4137.6006,148.1423,581.7747,471.1028,155.9684,409.4071,2538.5691,118.3913,1056.7944
3417.5,3873.6,1133.9257,99.3306,61.0165,963.5372,42.4959,16.6612,3209.967,151.2397,165.5703,1108.876,126.8264,50.4876,2808.0908,110.0661,177.2479
3366.3,3873.4,668.4239,13.4348,0.2717,1156,50.8587,29.6522,4372.8804,156.0217,1320.4402,628.087,151.5978,141.7391,3178.7283,167.4783,2622.1196
3298.4,3873.6,861.7273,19.1023,0.2841,553.6818,831.8295,12.6364,3134.7954,128.2614,319.6704,978.6477,113.5909,70.2045,1884.4773,100.0455,648.8523
3724.5,3874,950.6892,387.5405,526.7568,452.4392,1285.0203,25.3581,3175.6892,150.223,181.223,1659.0879,93.5203,54.9392,3446.3647,116.2905,92.5608
3390.4,3874.6,1116.7905,22.3007,0.3142,415,113.1487,17.2196,2758.2703,150.0068,263.7838,476.6892,278.1554,53.375,2198.0237,87.3345,786.652
2991.3,3754.1,829.8025,18.4815,0,644.0247,312.5,70.179,7967.3887,127.9259,1145.7902,670.8395,191.7284,171.3827,2801.3271,188.179,3077.5618
3054.1,3756,644.5337,5.6269,0.8912,732.7202,512.0622,23.1917,4333.4609,152.3316,899.7513,792.7565,113.4508,87.5026,2611.4561,114.6373,2692.5752
2958.4,3756.9,1033.2988,22.4756,0,564.4268,21.8537,93.5915,4989.7319,169.1281,2048.6829,777.4329,297.6403,168.2012,3442.6401,184.5061,5036.7378
3007.5,3756.1,801.9196,11.6592,0.045,507.0032,38.7363,32.1736,2744.9775,103.7267,1197.4791,762.3826,220.3987,845.9067,2585.4727,143.9711,3669.9099
3025.9,3755.9,676.615,3.525,0.05,474.955,12.645,43.76,3641.1899,70.96,1221.1,519.21,199.67,147.565,2915.24,126.66,3254.2849
2952.2,3757.4,830.5364,12.7061,0.0424,438.5242,14.8242,65.9152,2376.5061,114.8273,1356.8879,550.4606,256.2424,311.0606,2662.1909,137.603,3836.5605
2888.2,3758.3,584.0224,3.3545,0.0224,395.1828,2.7015,37.7463,2181.2314,73.0448,794.735,343.3433,65.5634,53.3918,2546.9441,116.1455,2259.4478
2984.2,3757.6,932.5546,19.0042,0.0966,489.6723,740.042,53.5504,3215.9663,131.8445,1100.3235,936.1345,256.3277,116.9832,2865.563,146.3319,3066.2437
2943.2,3757.6,717.3192,6.9255,0.7638,376.4106,6.0553,43.3596,2311.9617,115.1043,755.1575,363.4979,213.517,1074.7362,2833.7468,125.3723,2236.5063
2901.5,3758.8,596.5,5.4512,0,455.7683,2.3537,74.3902,2196.4146,71.9146,1057.5244,444.7805,249.2073,78.3781,2656.3538,108.0122,3393.7439
3033.2,3758.2,817.8417,14.7706,0.0183,510,56.5206,62.0459,3010.5413,124.8968,1396,607.3303,294.7775,1215.7133,3140.5229,186.6284,3573.5505
2877.8,3758.2,994.098,11.3399,0,523.9281,2.1503,26.8366,3112.719,88.3203,372.0981,316.2614,89.098,77.5817,2893.353,3026.5425,934.3137
2893.7,3759.4,677.3182,4.8636,0,771.1705,14.5341,107.75,2425.1023,115.5568,1622.4091,608.5455,256.5682,59.6477,3075.0115,158.0795,5024.5566
3047.1,3760.2,847.655,12.13,0.05,591.715,1221.3051,33.105,4064.0601,145.36,951.545,1381.54,163.135,74.785,2517.2849,343.955,2387.1851
2997.3,3761.9,694.2101,8.9972,0,425.7983,201.7003,67.1849,2526.8599,106.2493,1397.6051,651.6611,272.1961,122.7423,2848.0757,139.0672,4156.7393
3024.9,3762.9,715.55,10.5,0.4429,749.6714,18.5857,26.5429,4820.2998,91.1286,647.9572,373.4214,95.6857,93.5071,2327.4785,415.0357,1701.9143
2963.5,3762.5,516.0851,8.3617,0.1277,791.0106,31.3191,58.9468,9890.2344,92.266,1202.4894,485.5425,178.883,213.3617,2793.1914,130.2979,2567.6489
2988.8,3763.3,773.0909,8.6601,0.0158,413.9802,156.6522,41.2332,4003.4465,105.7075,1125.166,600.7866,257.7352,551.0237,2788.3162,142.2451,3060.9329
2933.3,3763.3,597.5959,7.0588,0.133,436.0665,12.1637,52.5831,2320.3147,147.2404,1893.7723,664.9642,234.844,60.2634,2526.5627,125.0921,4517.8438
3039.8,3763.4,730.8889,9.3467,0,392.24,43.7111,25.6844,2343.6311,92.5067,755.4533,415.3556,159.6044,138.9511,2016.1644,1234.4978,1758.3245
2976.2,3764.3,488.9877,3.3865,0.1534,446.4785,10.4479,23.908,3569.957,75.9571,791.4908,384.2822,148.6442,108.7423,2313.6443,98.5951,1926.9755
3011.5,3764.1,868.4469,8.8939,0,478.8883,6.3184,8.3128,5886.7651,76.067,597.5475,390.6257,71.7989,102.4637,1873.5195,134.5419,1410.7821
2926,3765,458.3275,4.4454,0.0393,371.9214,5.0349,31.6332,2030.7511,55.7598,875.0087,364.9782,221.7511,39.6157,2078.5154,90.655,2359.738
2900.9,3765.3,679.5467,4.5711,0.0022,538.4978,4.12,79.8644,3944.469,80.4733,1373.8822,520.9622,250.6555,60.6178,2915,136.6489,4408.1689
3018.2,3766.6,749.4758,11.4052,0,574.6803,8.8699,15.2565,4283.2974,70.1822,324.7732,287.461,67.2119,68.8848,2041.5874,151.6617,829.8736
3050,3767.3,587.1548,6.9017,0.0467,519.9607,99.1253,38.2457,2355.0024,97.5233,1010.7641,545.371,247.6143,82.6732,2402.0049,184.172,2527.2407
2943.3,3767.4,787.6592,9.7408,0.0676,596.3099,7.4704,75.3352,3004.2422,137.1549,1629.1943,604.3324,396.076,285.9183,3803.0676,170.062,3289.5635
3029.4,3767.6,578.685,5.66,0.085,399.02,26.065,33.015,2408.4299,71.995,852.77,426.34,164.315,88.945,2092.3201,149.795,2737.105
2992.4,3769.1,750.8259,5.8905,0.005,439.0746,163.602,39.5423,2864.9751,111.0945,1384.6169,637.2289,267.8706,90.4229,2874.6069,136,3912.3931
2952.4,3769,739.3296,16.7095,0.0978,480.9888,10.7374,74.5531,2750.6006,108.7151,1512.8129,559.6173,353.5615,898.5168,3259.9414,174.5754,4152.3604
3039.8,3769.8,480.2258,4.7742,0,614.2903,47.5161,45.1075,2260.0645,107.4839,1101.6344,495.9247,143.0753,183.8602,2422.0537,217.3226,3080.2258
3066.9,3769.6,450.7368,5.3397,0.0335,616.2488,47.5598,75.5215,3298.2727,91.4833,1437.7368,592.7416,227.311,338.6411,2685.7896,146.5455,4118.062
2922.1,3770.2,534.4236,4.3275,0.0393,332.2533,5.3013,34.738,2155.1921,85.4323,1190.3145,449.3101,144.5284,60.5852,2102.3318,118.476,3085.8821
2964.9,3772.6,479.0274,2.8356,0.5205,359.3699,7.8082,32.8356,2859.6028,55.7123,744.1507,331.5068,112.6986,147.8767,2455.0137,109.7945,2250.0547
2903.5,3773.7,588.0801,0.4724,0.011,513.0635,4.5746,66.1519,4112.8428,31.4613,1370.8978,486.7431,125.4475,55.9227,2630.6658,108.5221,4419.3813
2983.7,3773.7,862.5241,19.6386,0.0482,536.8132,38.5301,62.8313,3581.5481,143.6325,1654.8073,680.6446,342.4337,1164.5482,3542.6204,194.0964,4375.0903
2973.3,3773.4,724.7189,8.7843,0.0196,418.6471,12.1013,49.2255,2571.1895,101.8039,1363.5458,528.7353,271.6242,1136.8137,2723.8398,148.0915,3926.9607
2891.9,3774.2,559.8691,2.3084,0.028,280.1075,0.2991,17.243,2107.4158,31.3318,432.3318,226.5467,62.6682,31.1402,1392.9813,66.8551,1325.3832
3005.2,3774.4,542.1925,6.3422,0.1711,385.4599,88.4652,38.4037,2776.4277,72.0267,742.6016,390.9626,140.7647,292.9011,2381.2861,101,2128.2646
2914.5,3774.4,739.1351,8.1216,0.073,391.1216,5.1432,33.4189,2608.5054,94.2811,1158.4432,461.6432,206.1568,771.8622,2672.7703,127.2919,2674.8677
2941.4,3775.1,506.2667,3.1667,0,441.06,4.5133,22.28,2511.4199,76.5867,1083.5266,436.6533,140.08,51.8067,2026.2866,105.3733,2768.6533
2993.8,3775.5,749.9423,8.5797,0.0192,613.5082,19.6319,60.728,9960.085,120.294,1460.5248,597.2665,160.2995,89.3571,3295.9534,178.4121,4064.1428
3069.7,3774.4,768.7632,5.9605,0,405.3684,22.1447,76.0921,2033.7236,89.1842,1145.421,492.8684,314.3026,422.6447,2498.7368,118.5921,3446.7632
3035.8,3776.3,592.6889,8.4222,0,427.6555,75.0944,62.6889,2266.3501,111.5389,1587.95,706.4278,195.4778,603.4667,3170.3555,172.1222,4164.4502
3045.3,3776.3,488.25,3.0185,0.0185,390.6898,18.4491,108.5139,2420.2778,75.9815,1364.875,526.2731,265.4908,208.2778,2768.8333,224.1389,3831.7593
3055.6,3776.7,796.945,10.3809,0.0285,431.9552,19.9837,32.5418,2759.4053,99.499,776.9633,431.9328,186.7393,256.0977,1985.4521,1939.4644,1833.554
3066.3,3778.8,602.3636,13.1983,0,651.6281,40.2231,131.9959,3291.6943,122.4959,1463.3512,653.0909,330.1818,456.9876,2903.6694,243.4008,4215.4917
2906.1,3778.6,592.5284,2.5122,0,562.2764,3.0163,73.6829,4868.5449,79.4065,1523.7073,547.2602,169.3171,61.1301,2909.561,228.3333,4761.439
3021.6,3779,600.8263,3.7305,0.069,414.5724,23.9733,38.4165,2726.6348,60.0423,737.3474,408.9243,219.6793,822.3118,2538.6035,115.8196,2240.4231
2926.3,3779.9,739.23,8.3925,0.3,660.67,8.645,31.345,4298.9824,93.725,877.165,404.4675,132.2275,134.17,2237.3201,290.7725,2682.0049
2973.2,3782.1,1304.6505,34.3011,0.0223,645.1599,41.5539,66.4796,4054.4014,203.2156,1504.6134,695.9331,446.0409,592.1896,3628.907,259.8439,3870.7695
2950.3,3781.5,501.5659,2.9977,0.1205,473.7818,8.8136,30.2159,3105.041,65.1659,914.0091,391.2341,143.4795,46.175,2122.0977,111.1409,2344.7568
2982.6,3781.4,1137.9944,27.7972,0.0028,576.6704,27.8028,72.8225,3439.1409,172.7493,1997.3156,792.8366,409.5606,1513.8845,3738.7522,204.4141,5253.7998
2966.8,3782.5,766.5574,13.4852,0,448.3246,32.459,26.1705,3509.6589,104.5148,967.2623,460.482,229.7377,692.2098,2365.8787,178.2295,2747.177
2916.6,3782.6,749.3255,6.2111,0.1378,477.6686,4.3548,30.1789,4036.3606,90.6891,909.4017,412.1173,197.6452,311.3167,2568.8887,176.0235,2607.8445
3038.7,3783.2,631.6768,5.2378,0.0366,410.1768,59.4329,58.7561,2516.7317,91.5488,1197.5549,522.3536,275.7805,154.6951,2814.9084,132.9207,3505.3901
3029.8,3782.9,768.5432,10.9068,0.0182,409.5614,60.8182,37.2432,2306.6819,96.3545,789.4159,522.3364,278.2068,659.6841,2815.134,121.0205,1909.975
2993.9,3783.7,640.1775,5.7751,0.213,733.4556,13.8107,45.7988,5834.6567,95.1834,1281.8047,546.2426,110.5089,99.3846,2688.2012,261.284,3071.5503
3048.3,3783.7,653.6989,5.8409,0,444.6818,26.7102,41.2045,3233.6079,104.1648,1006.7045,462.4886,315.9716,137.9091,2754.4717,264.5341,2799.301
3009.8,3783.7,695.6948,4.6169,0.0325,760.5812,27.5714,27.6234,9437.0908,95.5487,666.2402,403.1104,81.6169,180.8052,3222.4026,99.5909,1259.5812
2906.4,3785.1,658.2751,3.4984,0.1003,716.754,3.5761,58.5307,10421.4854,81.2168,1640.8997,582.2169,124.7605,65.7476,2936.7766,498.6246,2887.4045
3062.2,3785.8,1257.4216,54.7108,0.1916,874.3833,953.4181,57.324,4565.9336,288.5331,1330.6342,1768.5436,296.6725,225.1742,3081.1116,208.3693,2412.6724
2999.8,3785.4,1081.5454,24.1164,0.1818,1422.491,181.2509,68.6473,4594.3125,176.3091,1496.4254,2139.8037,199.1855,200.7673,3700.2764,224.9345,3385.8364
2933.2,3786,500.5966,3.4659,0.0625,676,6.8807,30.5114,10438.6133,53.1648,612.5455,334.9773,59.9545,55.5625,2466.4885,536.9148,1762.4375
3071.4,3786.1,600.125,5.2708,0,480.9375,28.5208,75.4271,4075.25,88.2917,1000.4062,497.6771,237.2292,119.3854,2193.1667,104.2292,2623
2978,3786.9,1119.5699,18.2,0,837.58,45.18,50.76,6724.3799,167.16,1537.54,717.91,379.37,2398.3701,4095.1399,347.41,4266.3599
3055,3787.8,633.3717,6.0681,0,499.4817,62.5864,81.1832,3146.0891,104.7016,1034.712,509.8482,225.1623,178.0314,2604.4712,139.7225,3195.0681
3043.4,3788.5,919.8171,20.3619,0.0336,651.9291,64.7687,52.3358,5920.9365,154.9813,1029.5746,545.1194,197.3433,140.0821,2752.1418,174.9888,2827.5374
3004.7,3789.4,1111.5062,20.7942,0,836.3663,171.9835,37.1975,5931.9219,162,1255.5802,929.6749,333.6502,2122.0493,3513.7078,159.93,3010.502
2985.1,3789,1064.2087,23.1553,0.1214,694.8981,39.0485,83.6408,5266.8545,168.4903,1936.3981,782.3107,359.0728,1024.0145,3570.8252,210.3155,4885.3203
2952.8,3788.5,667.9951,3.6373,0.1324,474.0245,6.402,22.2353,4469.5586,100.7941,1252.6226,516.4951,82.8088,59.0931,2464.2305,291.6176,1735.5441
2915.2,3789.6,804.1539,10.4545,0,606.2377,10.6294,36.9231,3733.5315,120.1259,955.8741,446.1119,146.8951,151.2308,2569.7134,1252.1678,2947.5244
3022.8,3790.1,744.8458,10.185,0.0044,523.5463,17.1542,70.6828,2992.1807,97.8194,1295.0176,573.5286,259.0661,145.1101,3426.5022,140.348,3552.3921
2909.6,3791.2,466.0743,1.2971,0.0171,563.8743,3.76,70.0971,3628.9543,60.0743,1370.6115,476.8514,139.0914,40.9771,2482.6743,221.8057,3614.3086
3011.9,3791.5,653.0752,10.1353,0.0301,742.0451,683.406,35.9173,5627.5415,148.9549,1220,1006.2932,189.5789,91.985,2776.6316,129.1504,2608.1804
3033.8,3791.9,623.0818,7.9258,0.0077,368.2992,26.7059,56.5831,2332.1355,85.5064,942.2455,428.6829,265.9565,944.7238,2793.5422,132.7724,2716.8389
2992,3792,662.614,9.0886,0,451.981,23.1139,45.8291,2730.9746,98.3481,950.3671,466.3481,270.6519,684.3481,2669.981,142.3671,2690.5632
2922,3792.1,775.1656,12.6358,0.1192,915.9503,15.6623,51.649,12210.96,113.4801,938.6292,455.8775,98.8311,86.8841,3229.6392,176.4172,3160.7583
2980.4,3793.5,583.119,4.4286,0.119,798.6905,16.7619,30.3333,5815.5,109.4048,1038.0952,457.5952,122.7857,67.619,2620.262,342.2857,2080.6191
3017.5,3794.1,650.1506,4.9759,0.0904,703.2229,24.1807,33.988,6638.6929,111.259,1517.7831,629.8132,187.4096,69.3253,2616.0061,97.3012,1828.3494
2952.8,3795,1276.422,20.9633,0.5229,973.5046,12.7798,26.5872,8073.8071,241.6973,2993.4587,996.4495,125.8899,120.9725,3060.679,1345.1467,1372.7523
2947.1,3794.7,748.972,9.7578,1.5901,773.9472,4.9596,20.5342,5735.0713,106.8168,954.2298,437.8168,74.5652,51.9596,2369.3789,654.528,1152.0031
2959.2,3795.1,906.3721,11.2674,0.1134,1061.4855,15.4971,32.3081,13025.959,155.8227,1094.8866,508.4128,88.7151,86.3372,2887.2122,1890.5814,1196.8285
3026.3,3795.7,759.8621,10.4569,0.319,703.8362,25.0948,57.0259,3714.9915,139.8621,1701.6034,667.3104,240.25,129.8621,2927.5947,155.2069,4133.2671
3045.9,3795.9,640.743,6.905,0,418.6536,42.852,58.4525,2873.0391,96.6508,1100.771,477.7682,212.9274,728.9749,2420.4832,122.5866,2973.4973
2927.5,3795.9,779.6543,8.7407,0.1111,768.858,17.9568,55.2778,25348.1797,99.2222,920.6605,497.179,125.321,64.4383,3207.5061,416.8951,3078.6482
3007.6,3795.9,670.5,6.75,0,1065.1666,135.2708,32.75,3113.2917,107.6458,1143.375,1645.25,147.3333,83.5833,3828.1875,131.9167,3460.5
2916.6,3797.7,659.3535,3.8148,0.0438,579.4209,6.5051,36.202,5797.3433,75.0067,695.5757,348.0842,176.9293,561.3165,2842.2964,215.3502,1770.569
3064.1,3796.6,823.1341,11.8282,0.0212,438.3294,50.7718,25.5435,3086.4329,104.5788,1015.7059,503.4235,286.0306,1163.6447,2776.8,127.6094,2125.9905
2970.1,3798.2,691.4154,6.5359,0.6513,594.6205,14.1436,23.4641,11208.3076,174.6923,698.4077,399.7308,90.5846,55.9436,2109.4692,387.241,1355.7795
3071.6,3800.1,780.5162,8.7057,0.0399,483.9875,37.5611,31.6584,3165.7781,99.4015,1057.5536,503.2544,309.7855,1104.4015,2840.0349,128.5312,2387.3491
3022.4,3801.3,853.726,17.1949,0.1186,821.887,24.8277,28.4153,5527.6328,145.6384,1645.4491,698.9492,127.5537,148.3983,2850.9548,152.1723,2104.4153
2995.9,3801.2,832.4035,18.0561,0.0912,1234.4877,28.0596,43.7754,3568.6455,123.8772,1055.4562,1420.2175,160.2842,92.5544,3326.8352,138.0842,2546.7158
3032.5,3801.5,720.1068,7.8155,0.0162,615.0615,31.5146,42.1715,4604.3882,127.6926,2227.2266,767.3236,212.8576,563.7961,3037.9839,175.0453,2776.5955
3005,3801.5,682.3185,9.8082,0.0274,713.4041,97.6781,21.9863,3101.4521,101.137,748.4075,614.387,91.0959,62.8048,2554.6335,105.5308,1808.9349
2982.3,3801.9,612.5764,9.6812,0.1463,487.4891,35.1332,34.2664,3950.6726,101.3493,1254.7729,550.869,168.3297,83.7817,2221.0217,147.0197,2901.6594
2930.7,3803.3,691.0485,7.3194,0.1498,621.5198,12.4295,41.804,16769.9648,79.0308,630.793,371.9669,130.3018,45.8921,2606.3811,219.6542,1596.2246
3040.9,3803.8,782.9806,10.6893,0.2136,452.767,162.1262,54.5922,2853.2136,113.1214,1263.2815,621.7719,328.966,172.7476,3300.199,143.8981,3017.2476
2920.8,3804.6,602.1149,3.2414,0.046,891.8965,6.5402,11.8966,8328.8389,62.9885,507.9195,330.3448,38.9885,79.2299,1826.5287,2211.7126,1005.023
3063.8,3806.1,1247.807,35.7456,0.0746,713.9956,962.1184,57.0746,4951.7368,209.7544,1775.6974,1818.9824,251.057,225.6711,4667.4033,211.4956,3090.2852
2971.6,3806.4,588.7737,4.1526,0.5421,389.2368,6.3316,18.0579,5014.2212,161.1474,674.2,342.1368,128.3632,54.5316,1954.321,147.3947,1732.1632
3010.8,3806.6,563.364,7.7259,0.0858,914.205,105.4728,40.5837,9501.6445,87.3243,760.046,448.9184,91.9435,126.3368,2735.8369,129.4226,1876.0941
2961.1,3806.3,826.2394,11.4202,13.3351,462.6117,49.7713,28.8723,5206.3726,656.5106,351.8564,308.5425,168.1915,59.2234,2350.1863,174.8032,779.3138
2990.5,3806.5,553.9792,1.75,0,1405.0834,15.0625,18.6458,13309.2295,58.75,663.7917,1335.7084,62.2292,45.1458,2352.3958,117.8958,1367.1041
3042.2,3809.6,979.1097,32.1463,0.0447,549.8821,1349.1708,60.7236,3404.4878,174.5163,1371.8536,1485.687,324.2317,138.1057,3520.7034,192.7805,3210.4756
3027.7,3809.2,1030.1682,18.5701,0.0031,543.4579,29.2804,66.4143,3257.3987,160.5389,1519.514,648.0436,344.1277,1137.1931,3656.436,262.5514,3085.0156
2945.2,3809.5,732.8496,6.9135,0.0263,452.7256,8.4624,39.0038,3351.658,96.8383,1284.9812,520.6466,212.7782,63.0752,2617.2292,134.0376,2745.1204
3054.1,3808.8,648.3029,5.9022,0.0095,432.0536,38.6845,44.6467,2994.2271,93.6562,1474.5741,598.5079,214.205,719.776,2845.7666,159.5363,3906.2429
2937.2,3811,868.709,14.9266,0.0763,1070.8108,13.8475,54.1864,9601.3838,115.5904,936.1808,698.6921,130.5254,62.9181,3261.1045,334.774,2288.7598
2952.8,3811.1,888.6745,14.739,0.0117,400.1554,172.783,28.9472,3369.1731,145.8182,1253.7156,562.1437,149.3548,139.0674,2483.1084,137.9003,2003.4868
3019,3812,581.8235,6.5294,0.049,399.8873,21.7402,38.7794,2586.4607,93.3431,1036.3628,458.951,212.6863,1068.5146,2698.5881,145.3775,2482.2695
3069.6,3813.1,1272.056,31.088,0,808.264,161.168,44.344,5601.9438,214.472,1750.152,1010.176,450.696,265.776,3981.9041,275.152,3964.384
3061.2,3813.8,1033.0145,95.5833,10.3913,788.9239,141.808,28.8188,7110.9385,147.2391,1051.8225,750.3442,140.1123,187.1848,2616.5291,328.6884,1711.8586
2980.7,3813.2,574.0448,7.2388,0.0149,460.1567,9.209,11.9552,4267.0522,83.2239,928.5522,398.3582,235.0373,1017.6119,2175.8135,116.5299,2038.3284
3045.4,3814.4,855.7238,5.5905,0.0857,694.9333,239.819,33.1905,5421.1143,131.7429,1521.3524,870.9143,143.6,161.0095,2754.0286,567.4952,2618.7715
3051.8,3815,775.5464,6.3814,0.0258,674.6804,60.1186,34.0155,7166.1802,106.6598,1558.9279,660.8196,214.4485,789.4742,2973.7629,552.3917,2693.2732
3031.1,3815.7,766.7087,10.2577,0.1148,522.7899,23.6162,36.507,2907.0449,105.3613,1115.8936,607.4398,326.4202,434.4958,3010.8235,208.1036,2263.3613
2957.2,3816.8,1309.764,39.4981,0.633,612.8615,1658.1573,27.4757,5223.6479,206.0599,464.8876,1565.1873,128.8127,175.633,2573.1499,150.4045,702.8052
2929.6,3817.4,596.3362,3.6157,0.0218,488.3319,5.2948,35.1004,10534.8604,50.655,448.3013,323.4694,67.8079,45.8515,2506.9761,176.0983,1010.0524
3066.1,3818.6,1408.0619,59.7577,4.2938,1486.7062,775.2062,72.1186,5413.1133,207.3557,1287.6443,2616.2834,236.201,147.6649,3618.603,529.8815,3382.2991
2946,3818.4,710.4865,4.982,0.0631,429.6937,9.1081,67.3694,2982.6216,127.2342,1938.6757,676.7477,479.5405,149.009,3244.1711,151.2432,2386.3423
3044.4,3819.6,953.15,22.4944,0.3111,698.3167,809.5167,31.7,5501.5498,153.4444,802.9944,1768.6722,108.5722,81.8444,2978.8999,532.6667,1457.7056
3019.2,3820,728.0977,9.6341,0.0326,577.6617,26.188,36.9975,3382.9197,104.0852,1160.9448,534.1554,249.1479,178.9198,2548.3584,127.3008,2499.7219
2974.6,3820.4,528.9398,4.2256,0.4962,387.0677,5.203,5.5714,4241.3457,42.4737,319.7218,276.1203,47.6316,34.015,1380.421,100.3233,672.1805
3036.1,3820.7,644.5093,3.6944,0.3519,1048.0741,13.8889,23.25,4121.8706,101.3241,1297.1945,1179.1482,183.6481,701.8148,2629.2222,311.6018,1601.8796
2962,3821.3,1109.5363,442.7151,58.9721,1139.6034,49.7933,13.9218,4879.3296,124.229,231.2961,939.1341,98.4469,150.2067,2626.3521,120.6592,351.1844
3027.8,3821.9,1225.3582,31.2313,0.097,587.5746,110.5,46.8657,3519.7463,190.7313,1274.7538,926.8731,416.8731,1170.2687,4085.0522,209.291,2606.7463
3058.6,3822.4,1016.9516,884.4919,177.1613,375.8952,19.9355,7.8468,6578.5967,77.0484,209.5161,394.1935,67.3468,75.6532,1726.6532,122.3306,379.0323
2950.7,3823.5,799.8851,10.1486,0.1655,773.9831,90.7601,41.3547,10341.834,141.4831,1422.8547,599.3986,173.1385,113.4527,2906.9492,170.4223,2708.2905
2979.9,3823.4,495.0844,10.1623,0.3766,918.1818,23.9091,23.0844,14753.2861,82.6558,1047.8701,478.6234,100.1429,47.1169,2545.3311,291.6623,1649.1493
3047.3,3826.8,690.0957,9.7464,0.4163,636.9043,71.1722,18.2392,6664.6748,156.6029,664.5885,1771.7465,97.8804,111,2292.8135,162.8756,1724.2775
2943.5,3827.4,769.4745,9.1321,0.0541,422.8769,11.027,38.0691,3363.021,101.3814,1307.6516,523.8528,212.1832,288.5796,2463.0811,246.3333,2363
3024.8,3827.9,1141,27.3502,0.308,602.9916,36.7004,36.6751,3695.249,212.1435,1117.3038,2331.8269,213.2911,112.9536,2864.2026,150.4388,2489.0801
3033.1,3828.2,956.3246,17.0205,0.1316,767.5906,52.7368,48.6316,20303.4473,131.1316,876.7368,837.0526,195.6725,530.3509,3497.3567,141.1287,2003.1521
2934.9,3829,674.1726,6.3452,0,425.7381,7.3214,147.006,3267.5239,81.7024,1117.4642,473.744,230.9405,1002.3571,2679.8989,145.6369,3106.5417
2926.3,3829.6,1048.0604,17.5907,0.1395,477.2791,3.9767,16.4279,7670.8931,85.0465,385.1581,399.8744,68.6047,100.6744,1678.7023,2405.6838,836.093
3062.5,3830.2,680,5.7337,0,530.9511,58.663,32.6196,5399.6411,109.837,1141.6848,745.9402,219.3315,126.0598,2969.0217,153.1956,2997.011
3055.2,3831,948.5114,48.4432,6.75,896.4773,63.9034,19.8466,10651.4258,138.4318,679.1591,558.392,128.2443,149.3466,2487.8921,187.25,1375.7386
2968.2,3832.3,951.7014,31.7813,1.7467,910.2267,315.4853,33.6213,13232.7012,135.1333,599.7253,541.2906,93.0907,63.5867,2656.0879,198.7813,1091.2506
3018.7,3833.1,729.9394,8.9394,0.0038,452.6629,111.4091,34.6856,2652.0947,104.9053,1105.2462,565.6023,225.8258,444.8977,2630.2122,129.572,2910.4167
3011.3,3834.7,569.8922,5.201,0.1029,427.6127,14.3824,30.8186,2719.554,79.4167,772.7108,367.9019,206.2255,470.5686,2675.2451,112.3922,2048.7354
3069.3,3835,856.9048,10.219,0.0048,563.1238,119.9809,34.9619,5149.7954,134.6143,1305.7285,713.1714,342.9762,308.9762,3137.6763,211.2952,2829.262
2993.2,3835.1,602.4115,10.2633,0.0487,572.4911,16.2168,47.708,4217.2676,105.7234,1378.4735,525.4756,189.3252,51.3805,2241.0974,121.5111,2988.6792
2955.5,3835.3,571.3049,4.4756,0,454.439,20.4634,30.7561,5728.5122,77.7805,811.1829,380.8049,97.6707,59.3049,2373.2805,131.3171,1552.7561
2961.5,3835.4,1001.9946,18.2811,0.1405,1000.2108,56.4973,42.6541,20992.4316,129.0757,514.8378,427.1027,103.5243,94.0432,3110.1296,172.3676,1049.146
2942.3,3836,718.9449,6.168,0.1405,381.1873,6.5372,21.562,3049.5015,78.3306,798.427,366.5923,166.2369,609.0193,2218.8018,147.3774,1776.1184
3043.5,3836.5,989.1096,13.0856,0.1781,667.9418,1251.3733,30.3904,7466.1475,173.7842,1260.9452,1553.8356,160.411,93.9692,2685.0959,159.661,2299.4109
2978.4,3837.4,561.2617,7.6285,0.1308,500.3995,7.7173,37.5491,3815.6917,80.979,955.4743,403.6892,188.7336,49.757,2575.4182,110.3201,2273.3247
3023.7,3839.2,865.3951,15.8642,0.2407,507.5185,1468.7284,29.1111,2733.395,152.1975,888.1173,1459.1666,163.5741,225.6852,2387.3704,120.179,2264.1357
3060,3839.2,828.8835,10.7767,0.0712,594.8738,59.877,30.3269,4912.3818,128.178,933.0647,630.343,206.8414,601.2945,2912.877,170.0744,2140.6311
3033.9,3839.3,1264.4976,46.1304,0.1159,647.1546,2372.8938,30.0097,4949.3091,201.971,647.0724,2255.3091,174.3768,70.2415,3058.5796,151.7246,1648.285
2947.9,3841,758.8,10.5333,0,814.5833,5.475,50.4417,5120.7998,80.0583,871.8417,428.5917,228.25,817.6083,2857.2251,178.1917,2260.1084
2968.8,3841.7,880.1629,19.3891,0.0317,705.4389,14.6878,28.2851,7718.8462,117.905,916.2263,462.2263,127.0543,98.0272,2821.2715,141.6697,2255.7422
2959.6,3842.6,811.9693,11.1662,0.0026,712.4041,12.4604,37.0921,12848.5752,88.1023,749.2634,405.2634,157.0537,457.1483,2945.5679,159.509,2218.2302
3018.1,3842.8,881.6667,16.6519,0.0074,617.3778,232.8593,38.9704,2965.4221,144.4889,1328.1888,696.3148,267.9593,1473.9741,3217.9111,166.7667,3814.6223
3051,3842.8,937.0592,30.0592,0.0921,1396.0361,73.3553,27.1579,4878.4702,209.2961,844.5099,1819.9703,200.2697,96.5658,3001.8289,154.5921,1860.5953
3039.7,3843.8,1022.8565,27.1,0.5783,602.4783,985.3782,31.513,7113.5132,253.1739,899.387,2142.7566,150.7261,72.3913,2890.5305,181.4391,2561.0608
2976.3,3844.7,676.6667,15.119,0.4524,712.7857,24.0714,74.9524,3846.9524,111.0952,1016.381,460.2619,226.7857,49.5714,2750.8096,159.1667,2289.0715
2944.6,3845.5,740.7077,1.9077,0.0154,749.4077,6.5385,29.5308,14361.7773,68.1,725.5538,406.0308,80.6769,91.3615,2667.8691,255.9538,1962.1923
3030.4,3845.3,846.7337,13.284,0.2189,805.6805,1684.6095,52.8225,4803.9351,175.9231,1143.8284,1637.574,216.7456,78.3787,2814.5798,146.7929,2857.2307
2938.7,3845.6,1038.4054,18.5622,0.0216,421.5081,2.5243,8.4541,3633.2542,87.7676,354.0919,383.6,84.627,60.3081,1265.8379,1067.9352,885.9838
3012.5,3845.5,552.2936,4.8532,0.0734,438.0551,286.7248,47.3303,2646.312,77.1009,895.7798,576.3762,239.3394,289.9541,2619.1836,119.5872,2176.4678
3069.5,3846.7,1024.4084,21.234,0.1921,699.0353,269.1634,47.8477,5475.6602,165.83,1336.1832,1027.8124,332.8499,891.4106,3730.1479,310.9647,3129.4966
2984.4,3847.4,580.5257,6.3447,0.0733,837.7579,7.6479,69.3032,7656.4546,50.0122,857.0636,394.6308,69.956,170.9829,2816.374,88.978,2023.8827
3056.8,3847.6,1360.428,37.6507,0.1397,941.2096,69.4847,46.9563,6611.2446,202.8341,890.0699,886.4978,412.8253,98.0437,4108.498,180.2576,2162.2839
2951.7,3847.8,817.0848,7.7208,0,564.4911,7.053,37.1837,7559.5547,91.3498,736.1837,391.3074,181.0919,248.4382,2707.7561,157.8728,2170.4275
3000,3850.7,472.3084,4.1982,0.0264,350.5154,10.9515,26.0308,2610.4539,62.7137,893.3304,381.7004,205.5991,53.0441,2212.6299,116.3612,2336.8855
2974.4,3851.9,649.912,8.9571,0.395,460.7156,14,59.1219,2865.9255,97.5079,1352.8442,531.0565,231.4131,174.9571,2669.9097,122.2844,2027.0925
3060.9,3852.8,1381.876,44.1628,0.2054,903.3062,394.8954,49.8915,7229.062,227.3721,1270.7869,1499.1356,249.438,99.3915,4150.6821,227.0853,3089.3643
3028.4,3852.4,797.2288,13.6797,0,437.2974,80.7484,52.1471,3069.5359,118.7614,1038.9215,533.0588,210.5654,73.6209,2941.5229,160.7353,2920.5066
3010.3,3854.1,673.2056,9.7653,0.0058,394.726,44.2843,29.2566,2592.8381,85.2245,773.879,401.2085,221.6049,926.2041,2724.8411,132.9708,2202.2114
2946.2,3854.1,938.3511,9.6489,0.1107,337.9389,0.4466,7.8893,4068.6565,46.7405,249.2595,294.2977,44.8817,41.4237,1080.603,1006.355,574.0229
3071.2,3854.7,1287.985,42.75,0.315,640.635,66.65,45.21,4295.8901,310.535,1333.705,2663.9751,351.555,373.84,4136.7651,200.58,3360.6101
3042.7,3854.5,645.318,27.735,0.0069,923.2143,50.5945,26.6313,10617.5557,115.5783,842.2788,527.0253,146.4747,58.9793,2805.6912,169.8341,2196.9263
2953.6,3856.2,903.0905,18.7629,0.125,393.1853,6.1207,19.1853,3484.0303,99.2716,403.6595,323.8448,81.3879,67.4526,2118.5085,144.0431,1249.7888
3019.1,3855.9,573.1207,4.5862,0.069,418.1552,24.9397,63.3017,2624.8621,88.5948,1389.1982,554.4914,269.8621,196.9224,3057.4053,148.7069,3970.9224
2993.8,3856.4,558.2931,3.8103,0,445.4742,9.2155,57.5,2749.0776,73.319,737.8535,355.2242,94.3707,145.5259,2283.8018,161.6465,2225.4741
3050,3858.5,990.1594,25.2789,0.0618,1220.3506,33.8446,22.8347,7561.7051,131.0299,481.5099,1429.0896,109.3685,66.8108,2921.7749,145.3028,1001.0856
3029.5,3859.4,1257.9535,40.6512,0.0558,523.9535,1660.4419,40.2605,3147.6001,182.5535,839.0186,2141.7395,207.4279,116.9628,2933.0559,155.6558,2160.1255
2959.9,3860.4,567.6014,4.8333,0,363.1594,5.2391,17.9855,2915.2463,53.1522,355.2899,246.2391,47.4275,45.058,2329.9565,113.1522,1099.0942
3068.9,3860.6,656.1963,5.1262,0.028,676.1636,35.6542,22.6822,8882.8408,114.8738,1338.1636,673.2336,261.1168,177.0607,2794.8506,136.5561,3456.8457
2973.2,3861.5,684.2667,8.4894,0.0033,599.1756,12.2927,59.626,3171.8032,114.9301,1915.7122,683.4553,237.6894,776.9187,3002.1853,160.7642,3057.6877
2996.8,3861.9,838.8065,21.5419,1.0742,939.2129,23.3581,34.3774,4455.1841,145.8839,1149.6226,514.1774,109.7387,72.1323,2485.1292,572.4452,2122.1194
3055.9,3862.7,554.1299,1.0779,0.026,558.8831,27.987,29.8312,3143.9351,90.5974,695.9091,444.3247,120.5325,54.6753,2427.5454,104.6364,1837.0649
3004.6,3863.3,530.5292,4.0547,0.062,509.8686,22.8686,22.9891,3254.905,72.5949,903.7883,388.9672,140.0329,353.1971,2365.146,143.2737,2855.8394
3034.9,3864,1407.369,57.4225,0.0535,1484.1979,270.4118,57.6578,3770.123,219.5775,1017.2567,2514.2512,238.3636,293.0053,5563.4331,192.9733,3278.5935
3026.6,3865,807.9819,10.9157,0.0241,379.2831,68.1506,26.3193,2703.3252,85.988,781.241,505,209.9819,914.0542,2611.6929,126.3976,2188.9819
2999.9,3866.6,620.0161,9.0806,0.2903,520.0323,15.0323,55.7581,2984.2742,106.7581,1310.9678,507.6774,204.9516,96.129,2716.6292,211.871,3099.5161
3016.7,3865.3,795.704,13.6187,0.064,565.5306,27.9253,39.8747,3022.9333,125.9653,1489.936,592.8,243.376,535.376,2864.3467,160.2773,4607.2559
3066.4,3866.6,676.7595,14.8101,0.0316,652.6899,29.7342,22.8481,4473.0508,97.424,1016.0886,643.5759,253.6329,56.8165,2552.3228,126.7658,3389.0569
2988.3,3867.8,491.7442,1.2035,0.093,477.1512,14.6453,40.2907,8432.0986,44.8895,946.3488,409.7907,165.9884,37.4244,2668.0757,1476.4651,2557.4243
3047.3,3869,543.123,4.5692,0,373.3846,50.5231,5.0462,4855.646,62.0923,400.7846,293.6769,174.1692,56.7077,1949.2461,63.0462,1222.2307
3032.9,3870,888.2268,14.0206,0,462.6753,22.8299,16.8866,3134.0774,106.7526,722.9227,447.4278,243.1392,1002.8248,2681.4382,122.7732,2897.6494
3022.2,3870.6,854.0465,17.8977,0.0047,483.1535,23.9535,47.2884,3104.2092,125.0233,1238.5162,538.1489,241.3907,351.2558,2791.6558,141.7953,3831.814
2968.2,3870,625.0844,5.4641,0.0127,347.1055,5.2068,31.1392,2999.2996,50.903,593.249,311.5907,62.3502,47.038,1773.1055,132.692,1969.9705
3012.6,3871.6,667.2914,9.6686,0.0971,568.7772,123.2743,32.3543,3329.4514,105.36,1409.1371,621.1486,200.8743,87.1143,2484.0801,115.7543,3660.457
3065.1,3873,953.788,24.0565,0.1625,1205.7703,23.8975,15.1625,4225.6646,128.583,464.2191,1096.9965,103.477,68.9364,2460.9045,111.6078,1304.9965
3027.9,3874.6,950.5565,21.6,0.1565,604.4304,41.487,56.0217,3907.9653,147.513,1008.2043,521.0391,141.3304,164.6696,2970.5608,144.4826,2914.4956
2974.3,3874.2,667.1526,7.789,0.0617,619.0617,7.211,27.1818,3263.0422,70.0357,872.4513,422.9838,108.1331,56.1558,1953.9448,798.6754,2037.8896
2986.1,3873.8,669.3129,5.3469,0,891.7347,9.0612,61.6259,14769.2793,62.5102,1248.238,537.0748,119.2517,56.6803,3517.9456,3174.7891,3045.5715
3003.7,3875.8,843.5774,17.6484,0.0935,469.4,1595.9548,32.1968,11828.5771,181.4968,1063.4904,1822.0258,117.3806,67.1065,2050.2742,114.1839,2629.4678
2994.3,3875.6,740.5255,8.9936,0.0032,555.172,31.449,80.5764,5491.9395,104.7038,1395.7389,574,289.6369,61.4331,3037.7261,600.9522,4059.0986
2980.8,3878.1,853.0333,12.6364,0.0667,707.5879,10.7121,23.4394,7824.6152,101.4788,862.1,439.103,72.8667,57.4788,2415.3879,1092.1666,1553.9242
3044.9,3879.5,722.6102,15.8305,0.0508,621.7797,33.7627,52.7797,4400.5591,138.0339,1515.644,594.1017,280.7966,59.1864,3272.8474,157.1695,3765.1187
3020.7,3881.4,940.4722,8.3056,0,1542,12.6667,23.1389,4055.1389,135.5,642.7778,1429.2778,77,56.3333,2824.3057,113.2222,1754.8889
2988.1,3881.4,552.7378,1.939,0.0183,772.5549,3.8537,45.3049,8800.1279,68.1646,1182.0305,493.1646,117.25,59.5793,2812.1829,1456.1769,3666.5549
3061.5,3883.7,597.2018,168.5175,139.2632,322.4386,6.7895,3.5,3501.3333,22.4123,125.4035,226.7719,25.114,51.6842,1314.5964,50.2544,244.4912
3034.6,3885.2,1025.3362,30.4958,0.0462,676.8907,1073.4517,50.8382,4252.8843,174.8004,1174.4496,1719.2395,198.0462,68.063,3942.0063,187.542,3102.0105
2998.4,3885.2,644.2469,7.1316,0.0607,415.6377,22.2348,46.6579,2686.0425,79.8968,1002.6154,439.5081,251.6295,380.3401,2652.4373,139.5304,3374.6924
2983.9,3887.2,623.8664,4.5,0.069,461.7758,2.5302,30.2457,3888.3362,54.0948,562.3017,323.2198,83.6724,35.5862,1704.4871,694.5431,1710.9698
3011.8,3886.4,724.1153,9.008,0.0965,489.8338,24.9062,37.4102,3622.6274,105.3566,1271.2815,517.2493,297.8874,991.748,2818.311,137.1501,3816.8311
3054.2,3887,1037.5283,65.3321,4.9736,541.6038,37.8717,9.9057,6037.8643,105.6491,325.9396,414.9736,76.7358,303.7736,2098.917,119.1019,921.5472
2966.4,3888.8,595.023,5.4483,0.1609,422.8161,2.8161,42.2299,2390.9656,59.4023,161.5058,201.2874,45.1264,54.6092,2869.8621,120.2989,197.3563
3046,3889.6,604.1061,5.0726,0.1229,463.0391,19.0615,30.8603,4547.9663,85.5307,877.8827,492.0391,167.7989,45.257,2433.637,112.1732,2804.9553
3022.2,3890.5,749.6646,15.393,0.0103,471.1584,33.8765,24.0679,3887.21,98.6728,768.5226,427.0185,94.0556,75.0432,2444.8477,135.7695,2272.4382
3071,3891.1,763.9549,548.0369,547.6844,409.2049,151.8279,21.0287,4245.1147,66.5574,167.0574,302.127,39.918,52.9959,2086.2747,98.9303,269.4139
2988.3,3891.9,530.4138,2.5259,0.0086,512.4828,2.569,56.4828,4866.75,36.8621,717.9569,322.1293,144.0517,43.0603,2614.6465,804.0604,2108.7759
3007.7,3892.8,762.7104,9.2458,0.0067,602.963,15.1549,31.8889,5827.0908,114.3165,1540.7474,591.4882,203.138,173.7879,2661.4209,141.6397,4304.8115
3057,3893.6,1040.0166,120.7718,79.6846,489.4606,18.1867,17.5062,4756.2656,105.3237,188.8174,319.2822,81.6058,334.7884,2562.2739,137.6515,307.0083
2972.9,3893.9,728.9718,9.5258,0.1831,409.8498,4.5446,43,2523.8076,75.6103,159.8873,233.5117,51.277,63.6714,2540.1313,124.7747,205.4554
2997.8,3895.1,679.0809,6.9412,0.0147,592.5711,7.3775,64.9779,2987.9314,91.2476,1193.9951,658.4583,223.9142,66.4657,2632.25,692.0392,3623.1128
3030.2,3895.3,893.0968,8.5645,0,696.379,15.2903,55.75,6429.1934,133.2097,1474.7983,703.129,339.4677,49.1774,3624.4436,176.7419,3378.6855
3036.3,3895.3,1344.0814,41.7101,0.0261,1297.8762,127.101,70.6775,5037.5601,200.1238,1135.7524,2274.3291,437.7003,84.6352,5246.7295,210.9283,2667.5115
3067.4,3896.2,1371.2146,858.1096,317.6621,504.5023,1433.9543,29.4201,5030.1416,161.0046,213.2329,1421.3516,108.2694,94.1598,4008.3379,145.9224,272.1826
2990.5,3897.4,563.947,2.3182,0,409.5985,3.1818,42.2273,2404.75,54.7879,651.5985,328.5909,122.447,35.2273,2219.5,222.8788,2142.803
3044.5,3897,753.4825,7.9186,0.0174,468.2849,52.8081,23.9419,3331.7441,103.2093,870.3372,516.2093,237.7907,56.1395,2609.4011,114.8256,2502.9419
3040.4,3902.6,1276.4619,38.9645,0.0406,941.7563,658.8173,57.9137,5826.1318,229.802,1267.4365,1576.3351,298.934,82.8477,3809.6294,185.7005,2993.1523
3064.9,3902.3,919.3055,443.6528,470.1458,476.8333,164.3507,20.7639,4476.2534,79.1562,178.816,366.2222,49.5764,72.5938,2377.1631,132.8299,275.3924
2995.4,3903.5,781.5805,12.3902,0.0439,483.7903,8.7171,8.6683,3621.3755,70.6049,573.4341,382.7805,57.8049,48.2293,1468.8683,706.2927,951.0585
3048.3,3903.6,582.5353,5.2656,0.0747,369.3776,40.2199,19.8216,2929.0955,70.2822,730.3278,361.9751,103.2241,42.5519,2144.2034,74.1867,2112.1287
3020.1,3904.3,562.2833,9.4439,0.0501,366.1658,9.9413,31.2591,2803.5164,85.7703,1267.9033,483.4041,165.9637,42.0777,2038.3523,121.7409,2106.6113
3032.3,3904.7,805.942,14.1742,0.0226,839.571,24.9,36.2355,8209.8223,124.9742,1039.4452,516.7032,162.971,48.2806,3280.158,152.929,2600.0935
3006.1,3906.1,622.2231,5.5538,0.0308,512.3231,12.3962,25.8385,5067.2925,69.5385,486.7077,318.2923,55.9308,42.0115,2197.4153,407.1385,1095.9884
2999.8,3906.9,643.3913,16.6087,0.0087,337.5652,5.7565,7.7913,3070.2,55.3565,233.6,232.3826,55.313,55.8435,1732.6348,311.4522,473.2696
2978.3,3906.2,756.7604,11.1065,0.284,539.5325,9.5118,46.8728,4632.876,85.5888,174.8994,245.9349,54.5533,62.0473,3195.2307,148.9438,220.6686
2984.1,3909.8,626.7653,3.0102,0.4694,807.3674,9.5306,52.5918,23619.3672,67.7347,172.7245,273.8673,19.7857,50.7857,2941.4082,127.9694,187.7551
3066,3910.9,1172.8667,51,1.7571,616.9238,2947.0906,23.0571,4627.2856,172.9238,289.9,1790.3048,105.7905,63.8571,2561.9951,259.4619,422.7333
3038.3,3912.2,891.7448,31.8112,0.042,524.9476,29.3077,49.3671,3358.2551,165.1329,1121.1678,550.8217,249.0874,67.8287,3350.1782,160.6049,3288.542
3048.9,3912.3,539.5397,2.8698,0.0571,402.7778,24.2571,35.6762,2981.2888,80.8571,1275.5016,503.1016,203.0222,141.6508,2714.5969,117.6635,3859.9683
3003.2,3913.1,716.5714,2.8095,0,248.7143,2.7619,3.619,2627.6667,41.1905,174.9524,182.5238,26.381,32.5238,883.4762,448.5238,428.7619
3017.5,3915.1,523.3297,6.2595,0,311.627,11.973,22.9081,2293.0649,63.2811,735.9784,344.0811,148.773,60.7622,1641.2811,91.9568,1724.2433
2985.1,3915.4,713.5476,5.9422,0.3912,546.949,5.966,48.0204,3575.551,83.0102,168.0714,231.6429,47.8469,58.8163,3036.9795,139.7789,210.0442
3025.3,3916,599.9265,6.8824,0.0637,332.8529,6.5,22.1814,2638.6421,73.9902,938.1373,393.3824,175.0686,44.6863,1979.4314,154.4755,2097.8137
3032.4,3918.8,665.0357,74.9351,0.0617,505.1494,10.7273,20.5909,2423.3215,95.7435,835.8506,402.8636,86.9708,48.8831,2212.1655,116.474,1668.2142
2993.6,3920.9,783.5293,12.1645,0.0765,469.6384,8.9674,46.3469,2357.5115,91.2313,175.1678,241.9365,57.5179,90.013,3139.3242,153.0521,209.7997
3066.6,3921.6,761.4663,12.6882,0.8371,797.2163,37.5365,19.323,4608.8706,105.4663,881.1545,436.6882,71.4298,56.4607,2182.9888,744.6011,1258.8651
3057.2,3923.2,578.0596,5.5544,0.0181,406.1192,27.2124,28.9301,2702.3472,82.1762,1339.3989,531.9637,237.342,96.6477,2408.4016,129.4741,3863.0337
3002.8,3924.1,460.8125,4.6042,0.0833,363.2292,6.75,31.3333,1902.5625,52.6875,144.9583,189.0208,32.5417,38.8125,2435.0833,116.0417,207.7292
3038.2,3927.6,640.6077,6.7256,0.0051,362.1974,6.4487,23.4026,2405.6384,74,937.2897,414.9923,182.1026,55.4513,2170.9563,97.3077,2047.359
3054.6,3930.8,522.7758,3.3274,0.0179,820.9058,8.4978,27.1928,8573.4668,59.2691,1214.296,488.9283,213.6637,44.7085,2673.3408,104.6682,3704.0718
3042.5,3932.3,580.9484,6.2474,0.0825,538.9691,5.9485,25.268,3524.3401,82.6289,970.8248,419.2474,263.4536,55.5258,2538.8042,136.8454,1664.567
3007.4,3931.9,661.0869,11.6751,0.0659,443.4431,12.9042,42.3892,2115.8369,78.6841,167.4147,222.3009,53.015,55.0659,2903.3801,134.5943,217.5524
3048.6,3933.8,614.7906,11.2562,0.0055,437.5014,7.4353,28.4573,3680.6667,80.4738,788.1185,377.7548,90.6942,43.8182,2293.2783,119.8926,2015.5537
3036.9,3936.2,645.8691,5.6178,0.0419,350.4607,16.6021,21.8429,3058.4868,83.3298,915.3613,450.9843,190.1623,418.11,2543.0471,125.8272,2585.0627
3059.4,3937.9,479.0053,5.13,0.0186,392.756,9.008,34.5517,2733.1167,76.3501,1280.1963,489.6684,165.6313,261.7586,2175.1777,120.6684,2646.3501
3069.7,3938.9,505.1311,19.7131,0.0082,443.5738,18,26.8525,3564.8525,134.377,1287.7295,581.7377,192.123,190.7131,1917.1394,312.4262,2257.2788
3015.5,3940.5,737.7531,12.0773,0.0623,549.7332,11.5935,49.1147,5152.3867,97.9027,300,279.7307,80.2718,68.8878,3089,300.9875,445.6359
3038.4,3941.9,506.2553,2.7128,0.2766,440.6702,164.617,9.766,9117.1494,84.5638,645.7341,928.3298,89.6809,41.766,1973.2021,303.6489,1820.6383
3069.3,3947.8,763.5804,5.0402,0.2545,636.25,614.7991,21.5625,5024.2056,118.8839,845.6473,960.2991,42.375,51.1339,2117.5847,227.7946,1153.8259
3053.9,3949.2,448.9882,3.1412,0.0118,310.8706,4.0353,12.8706,2356.0706,51.7529,721.9059,322.6118,214.9882,48.4706,1990.2588,91.0118,1260.7177
3025.2,3948.2,612.9786,7.9412,0.0187,380.2914,11.5749,83.3877,2743.5723,73.3583,728.5267,344.8957,228.4759,697.8182,2511.0427,142.0267,1494.3235
3037.2,3953.4,669.356,10.699,0.0939,433.8447,10.945,46.8851,2265.2476,80.788,267.4191,243.3091,68.4984,92.6116,2900.0598,140.9871,527.076
3048.7,3960.6,678.6443,9.6392,0.1134,387.9046,7.4201,27.7242,2003.6417,70.4923,153.9021,218.7887,48.0515,63.1701,2414.147,115.2345,210.8634
3055.4,3965.8,624.8871,6.2984,0.0444,399.8831,13.7218,32.6573,2145.0322,56.4798,159.3992,208.8589,42.5202,446.5645,3000.2661,134.2661,230.0806
3068.7,3980.5,620.4941,4.7373,0.0235,396.9686,4.851,36.2392,2090.6392,60.1804,375.1569,251.1216,37.4588,57.4824,2926.9177,127.6039,685.898
3182.3,3876.5,1360.603,38.4221,0.0603,1699.9095,347.4271,22.7236,4491.4624,166.402,672.8241,2130.3669,116.2513,72.5025,3417.3467,843.7286,900.4724
3116.2,3877,554.3893,6.5134,0.0268,332.755,21.5067,13.5403,2093.5872,61.443,748.9966,369.0772,214.0503,49.3926,1876.5637,87.4765,1837.896
3240.4,3876.3,1209.96,39.636,0.072,606.828,743.824,39.704,4106.5762,231.016,917.444,1186.488,249.308,77.38,3761.916,147.116,2269.0281
3232,3876.2,891.5123,13.601,0.0296,454.5764,60,12.3202,3252.5862,102.931,488.3596,434.5025,161.6897,102.8621,1990.0049,95.9655,1517.7439
3168.3,3877.4,801.1489,504.3021,341.3149,399.2128,85.4468,14.5574,3232.6382,83.1234,173.8808,345.0596,56.6043,50.017,1626.2595,153.4936,254.0511
3125.5,3877.4,666.2328,9.4726,0.1849,488.3014,38.0411,14.3356,3631.1814,105.7226,902.3185,433.4281,91.4692,58.6815,1871.7089,219.1336,1890.0616
3248.4,3877.4,764.1818,14.4719,0.1299,603.4199,262.303,53.5411,4033.4761,130.1082,970.3593,695.2598,166.3333,204.0606,2500.4155,106.9437,2077.7446
3212.5,3879.1,625.5883,9.8725,0.049,452.6634,21.683,8.719,3506.8857,82.8333,413.3726,354.2778,60.3235,41.8987,1663.1699,95.598,627.9281
3270.6,3879.7,913.5771,25.6111,0.1049,1312.6296,82.4568,11.2562,4440.3672,149.821,789.2901,1190.1914,112.6481,80.3827,2131.0215,103.2346,1566.5895
3204,3879.4,1234.8713,35.2574,0.0772,957.478,44.9228,17.4485,5826.0439,173.3566,1162.3052,1266.9008,145.6471,108.0515,2463.0442,166.6691,1198.8383
3195.8,3881.2,765.625,16.8702,0.0433,493.5913,62.7452,10.4231,2272.1345,92.8462,459.9279,452.3077,99.5962,45.3558,1725.7404,83.4663,969.9327
3097.2,3881.5,775.3491,9.7218,0.0367,370.3675,30.769,19.1759,2507.4778,78.6719,1157.6351,499.1365,139.5276,129.4305,2043.7086,82.1706,2324.4358
3153.6,3882.3,941.7175,51.8625,1.4052,627.71,32.487,16.6059,3500.2788,191.5242,478.171,1758.751,105.5353,105.3717,2096.6245,101.9219,795.9777
3236.3,3882.2,1354.2812,55.9375,1.1354,873.5104,850.9114,21.901,3930.2031,324.5521,1476.026,1887,208,113.8542,2427.875,137.7135,1397.0573
3261.8,3882.9,1011.6945,24.3056,0.1759,739.162,299.9861,32.6065,3609.9907,164.8843,1118.4861,938.125,258.1065,221.5694,2806.3796,122.0972,2636.5833
3178.9,3882.8,1160.6089,24.2933,0.4,1032.4489,21.7244,12.2667,3054.2134,128.6133,340.3733,1208.0934,86.4133,60.8178,2234.3955,230.7822,511.5511
3219.6,3882.4,684.6641,10.3784,0.1236,677.5328,28.7761,12.6564,7762.3281,134.5405,399.6062,474.3436,62.3436,42.6216,1615.9421,94.3745,735.0154
3083.8,3883.5,497.0533,4.0067,0.0267,662.7067,5.5333,13.3267,4348.6064,64.9933,470.2667,323.5,52.1133,46.3667,1878.14,77.4733,595.6733
3125.3,3884.5,626.3698,8.6134,0.2017,360.4874,622.4706,21.4286,2066.4958,117.2185,644.3278,765.5378,148.1765,75.5378,1763.7731,99.9244,1670.4033
3253.2,3885,1025.4486,25.4987,0.0792,744.7731,1649.2295,47.6042,4156.7202,183.2111,1053.9841,1766.9762,237.8153,438.2718,2960.1504,159.9736,2762.0554
3144.5,3884.6,424.459,4.2951,0.2623,470.3279,15.3607,13.1311,1860.9836,82.5574,782.8853,375.6721,128.0984,426.9016,1646.1968,82.9508,1575.0328
3244.3,3884.8,1018.1562,24.1602,0.0938,651.1797,543.5547,22.1992,3429.5117,178.6016,992.5508,890.0234,158.9883,185.1602,2760.8516,118.4062,1420.0508
3184.6,3886.5,1166.4633,37.4589,0.8658,549.3506,70.5887,19.6667,3032.8008,203.9351,382.6623,2241.5627,114.671,65.7489,2416.4114,263.9264,534.6277
3172.7,3886.4,800.8047,22.7109,0.7578,452.8594,45.6875,8.0938,3869.4219,113.2734,417.8594,347.6797,75.6328,61.3828,1545.9609,337.0469,525.8203
3190.7,3886.2,1187.6666,35.7179,0.9744,521.6025,340.3034,18.4744,2595.9402,182.2949,484.953,1013.5983,188.9017,58.5598,2606.47,136.9573,1210.9146
3205.6,3887.1,962.3359,21.5992,0.0191,1550.7367,266.6298,18.9962,3741.4426,148.7557,395.6565,1854.3053,85.3321,58.9618,3019.4236,141.5878,599.8588
3268.4,3887.7,761.4138,13.295,0,435.4214,71.0345,16.5824,3213.6438,114.4751,869.0306,507.8697,196.6897,145.4751,2313.521,102.1762,2216.9312
3105.6,3888,759.1967,6.375,0.0205,410.6599,58.0963,18.6947,2714.627,59.873,711.0062,411.1353,85.6598,66.9672,2100.6414,69.8361,1636.166
3223.7,3888.5,735.6104,13.2972,0,1212.8394,37.5462,13.9438,5693.2368,136.7269,528.9357,909.755,75.0482,52.4618,2144.8594,133.4859,980.0361
3132.1,3888.7,1178.2466,33.9806,1.7147,425.59,1655.7202,26.867,2389.6953,242.1884,755.5069,1930.8337,188.1468,551.0443,2236.3933,115.1524,1664.9585
3080.1,3889.7,826.9409,15.5318,1.5818,664.7545,21.0545,12.5227,7772.0317,111.05,406.7091,319.7182,137.0409,55.75,2198.5,121.6136,997.5546
3217.2,3890.6,770.0153,13.1603,0.1145,659.5115,36.4962,29.5267,6456.9312,161.6107,586.0687,398.4199,83.0153,49.2061,1881.6718,105.1832,1917.0458
3239.7,3891.4,852.1053,29.1053,0.3728,1299.193,81.0219,18.432,3854.897,197.8969,1743.0942,726.9539,129.9408,326.1162,2349.5286,114.1491,1194.8464
3194.8,3891.1,824.1972,5.1408,0,374.3944,959.7042,14.2817,2370.2817,126.2535,378.4084,933.338,119.4507,52.2394,1758.7747,143.2817,905.2676
3126.1,3892.3,1097.7216,33.4051,1.5823,519.0507,1976.4388,18.8481,2719.0127,229.1139,415.0422,2232.1309,102.8439,72.0084,1873.8945,96.4599,790.903
3114.2,3892.9,653.6566,7.8972,0.0075,481.0025,19.3383,23.7744,3519.8696,68.4586,821.6065,423.6165,208.8897,93.4085,2279.2983,79.1629,1702.0978
3276.2,3891.8,892.4697,8.415,0.562,503.1556,62.0086,10.4726,5917.127,89.8847,410.9712,428.7983,43.9568,46.8559,3509.9741,65.5533,796.0576
3228.1,3893.5,614.5097,5.329,0.0129,873.2452,14.6774,13.5871,7801.0645,72.5613,689.871,611.7613,70.8064,106.6194,2154.8967,159.7226,1208.9613
3200.4,3894.6,715.683,5.3169,0.0492,680.7377,107.1694,10.7923,3525.8525,56.8033,458.9399,385.8306,37.776,50.5191,1508.1968,331.4099,683.8743
3164.5,3894.9,1028.2468,39.9958,0.0293,414.4184,1021.4519,13.4226,3012.9583,139.4017,567.4184,1190.1213,134.0795,55.4477,1789.9749,93.8912,1362.8368
3191,3895.3,780.4218,15.4261,0.1522,562.4348,105.5956,12.5391,2762.874,106.6826,631.4565,426.9739,76.7783,46.1913,1586.313,192.5348,711.0609
3256,3895,933.0953,18.4222,0.0837,952.8054,104.93,32.8988,5807.6284,153.9144,736.9494,798.4222,170.7276,441.0973,3039.605,143.6673,1800.0797
3083.4,3895.6,877.2542,16.2938,1.0678,806.5085,19.4915,15.1751,5238.5537,139.1073,584.017,367.5141,158.0113,113.8644,2431.4124,413.209,1484.0791
3089.4,3896.4,672.0764,7.0382,0.2803,646,21.2739,18.4204,6228.0381,87.9873,1032.2993,463.9236,142.0764,47.4841,1995.6051,101.6497,1507.2039
3145.3,3896.7,469.9286,4.4396,3.1429,333.1209,83.6978,35.7802,1879.7087,107.6758,1366.989,553.0165,178.0714,50.2308,1905.4725,110.8846,4204.5771
3271.1,3897.2,747.303,6.8712,6.7652,494.4849,1371.9395,16.3333,4383.9316,113.5606,430.5682,1548.7197,82.3106,47.303,2935.9924,85.3561,1002.1743
3181.3,3897.2,568.0597,4.2687,0,312.1343,26.7463,15.3881,2619.2837,77.5224,758.0746,376.1493,262.8209,117.1493,1640.8209,77.5373,1287.209
3138.1,3897.4,613.9409,11.2527,1,322.3763,262.1613,17.129,2010.4839,107.629,850.1344,623.2957,234.2043,369.1667,1729.2527,86.5538,1913.7097
3263.6,3897.5,711.0704,12.3662,0,923.0986,716.7606,25.0423,3820.8733,193.5352,706.4648,839.1549,195.6197,59.8169,2671.7043,170.5775,1962.3944
3174.3,3897.1,635.1521,12.0923,0.0873,351.8728,94.6384,16.3766,2961.4937,91.0623,957.0923,456.2768,266.1447,50.3965,1626.3018,91.0773,1140.2468
3106.4,3898.8,748.2377,5.1704,0,440.2735,164.0448,29.6637,2854.7175,51.8655,619.0852,465.6861,204.0852,1633.9193,2878.3586,111.6009,2123.9775
3275.9,3899.3,1101.4263,0,0.623,301.1803,669.2951,12.4426,2824.7212,0.0984,310.7541,1213.6066,3.541,37.8525,2784.377,5.3607,831.2623
3208.8,3899.4,974.8163,24.6973,0.0272,460.6429,374.0204,23.4592,3158.5986,140.8231,417.8197,695.4422,112.3946,66.6565,1837.2347,102.4762,1092.8062
3077.8,3899.2,1006.2164,88.0192,55.9423,424.149,10.7212,10.5865,4214.4521,70.7308,272.7981,302.1683,113.4423,150.6106,2055.0818,110.6923,997.1154
3217.6,3899.8,587.2491,2.4452,0.0598,311.6545,30.4485,20.5282,2625.3389,35.6877,406.382,287.3522,88.7076,460.9767,1946.0498,53.196,1619.8273
3194.4,3900.8,783.7239,8.9688,0.0781,502.5104,15.9062,14.5312,2677.6094,118.6615,1082.0625,719.5104,118.5677,60.7969,2088.2917,120.276,895.2552
3130.6,3901,533.459,14.7705,0,1281.3115,30.918,14.9016,10133.8848,89.8361,1001.5574,494.4918,48.9836,53.541,2881.4426,69.0984,926.2951
3246.7,3901,915.0286,23.8357,1.0643,627.0738,914.7048,26.5,3317.1763,185.8381,588.5976,1857.2548,145.7929,222.5833,2539.0452,121.5238,1190.2595
3227.9,3902.3,554.358,6.7407,0.0543,473.0988,38.2444,22.1481,4278.6743,102.2691,783.9901,396.7086,165.237,934.679,2184.1951,138.0123,2241.1458
3095.9,3902.7,877.7106,11.0586,0.5275,1043.8389,34.5897,21.5861,6632.8862,120.6703,1090.7106,561.3004,66.4982,67.2015,2543.6924,262.5018,838.4908
3264.1,3903,825.7687,30.0075,0.3209,963.9776,1231.806,17.9403,4850.1792,232.7015,651.4552,1135.8507,93.9104,83.7537,2402.9253,129.1866,1201.2538
3113.4,3903.3,727.0981,1.8834,0.1902,1191.5399,6.8834,15.0184,4606.9141,19.5644,608.0368,1127.8098,10.6626,64.2883,1666.3804,17.1227,1031.0184
3073.1,3903.8,1155.7284,443.2795,462.3032,642.3464,138.0472,23.7953,5234.874,114.3937,213.4567,584.2166,77.185,321.1929,2793.5393,158.5512,451.2362
3083.9,3903.1,772.15,9.6143,0.2429,673.4857,20.4429,12.0857,6466.3857,103.1286,408.3429,338.8143,82.8214,57.3714,2061.3713,101.7357,1298.1215
3154.6,3903.8,608.6667,13.9228,0.0752,374.9553,100.4024,15.1118,2069.7439,92.0915,753.124,414.7947,101.935,85.6646,1975.0508,97.7988,1902.4227
3170.3,3904.2,545.3793,6.1379,0.0345,346.2529,1242.885,15.7011,1817.7012,129.2759,813.2414,1035.6207,107.5862,47.7126,1624.3678,89.9655,1792.4828
3122.4,3903.5,583.3705,7.6,0.0442,411.4042,22.1874,16.2758,3210.1704,75.4737,634.3221,351.2905,141.1979,123.1705,1801.24,73.5179,1138.7347
3258.6,3904.9,1227.761,36.1073,0.2049,1112.7903,1095.9366,24.3902,5772.4829,220.8634,591.6537,1391.8536,93.4781,166.3415,2820.9365,119.6049,742.1609
3190.3,3905.8,1023.0425,29.6988,0.0965,1269.6833,28.2548,20.8263,3561.4788,158.1892,987.834,1287.2317,102.3591,65.9846,3077.2085,122.3282,1009.1351
3103.5,3905.4,1086.3835,23.8447,0.0049,1029.6262,1116.767,27.5097,3306.7185,110.5728,593.267,1485.6407,93.3204,111.0777,2322.563,112.9126,1420.7913
3278.2,3907.1,930.7248,20.1376,0.0505,460.5138,57.8716,15.4083,3396.5872,117.156,826.3441,586.922,135.156,437.2982,1973.6422,86.8165,1044.3578
3165.2,3907.2,440.0654,6.1963,0.0467,302.6823,136.5607,15.3645,2081.2898,71.5607,646.6075,399.0187,157.3925,39.7477,1611.5887,77.8318,1385.9626
3238.9,3907.2,587.6381,5.3319,0.2955,492.8437,76.8672,36.0985,3599.9829,113.6424,1246.0621,593.3704,191.2677,61.6574,2856.1863,155.6938,1493.6852
3144,3907.2,725.9062,11.1424,0.0538,315.625,46.4705,13.467,1964.5312,92.8194,855.3386,410.9618,199.1528,1265.6302,1994.6337,102.6198,2178.106
3218.7,3908.3,999.0129,29.7138,0.2508,459.4052,1339.3184,14.6752,3397.5723,159.6174,589.6656,1616.4727,167.373,132.4148,1967.1639,98.3633,1916.2509
3251.8,3908.3,1275.1298,1.41,0.1381,405.5063,934.9666,15.2971,4069.8369,50.0586,534.477,1194.4226,22.8577,78.8619,2531.1465,24.9498,1045.272
3198.1,3909,622.6074,7.8896,0.1595,859.0307,16.6074,10.865,3865.8406,102.8282,718.8773,754.2638,55.362,66.2331,1925.8221,154.4356,634.2822
3088.1,3910.3,833.7181,16.989,0.7137,619.8238,28.4802,19.9075,5673.5376,111.3128,708.9053,425.3238,98.696,56.5793,2479.7114,118.7841,1110.8458
3077,3911.2,917.3182,32.3598,14.3258,1210.072,25.7008,14.2386,4591.8145,111.4697,295.822,1610.4735,87.9318,57.7841,2816.481,114.375,763.4583
3122.9,3912.4,609.7656,7.1354,0.026,317.3854,24.9844,19.1302,2039.4115,71.9375,668.2917,343.8177,159.1771,207.2708,1979.1146,84.474,1360.099
3184.5,3911.1,486.8831,12.026,0.4026,314.0649,12.4805,5.0649,1739.0649,69.7403,543,306.8312,117.026,74.7143,1412.1428,83.987,1431.8572
3102.4,3912.1,1209.6942,24.795,0.0396,1406.0288,520.8885,31.6475,5058.7085,129.1475,765.0036,1712.0216,88.4245,75.2878,3477.5288,97.964,995.0971
3261.4,3911.3,1196.7107,27.4174,0.2893,741.4421,1669.6033,33.781,3833.0208,240.8306,996.157,2087.6323,142.4959,79.1446,2422.0908,100.2149,1350.8347
3273,3912.8,554.9832,7.2297,0.056,428.0168,88.7759,20.8459,2360.7954,107.3025,1204.6387,625.4034,181.8487,48.9692,1761.4818,76.8936,1066.3669
3236.8,3913.4,520.5,7.2358,0.2925,408.8679,92.5755,14.4811,3076.3867,113.783,939.9717,445.1887,50.7264,38.3868,2149.8774,165.9528,1398.1038
3167.2,3913.6,590.65,0.95,0.0875,267.1875,956.775,3.95,1717.5875,89.0375,371.7,1081.575,38.575,48.9,1180.0625,38.05,760.6125
3156.7,3915,605.4602,9.3009,0.3562,353.5221,221.6173,16.1704,2166.4734,86.6394,703.5885,491.2146,252.1969,333.7699,1941.4513,93.1637,1851.6549
3211.1,3915.3,932.9386,21.9182,0,1277.9769,66.2148,13.4143,3646.3147,143.3504,415.5371,1031.8517,89.8363,56.8772,2042.3274,89.8849,1093.0409
3198.3,3915.2,512.8929,7.7321,0,585.9643,21.4643,18.9643,2377.8928,78.8036,344.7857,545.1607,173.1071,541.25,2152.75,120.2857,819.6964
3190.9,3915.9,548.0285,9.0699,0.057,389.5466,18.1632,9.0052,2726.4973,76.8549,275.0959,256.2357,54.8679,50.7487,1952.9974,85.5078,641.1917
3252.5,3915.8,794.5346,6.6101,0.0912,371.4654,146.5094,23.4245,2561.9873,63.6384,1002.3616,584.5032,134.1981,232.7641,2028.4529,53.1258,2046.6981
3146.6,3916.8,833.5125,19.8106,0.0217,514.0931,32.5963,38.8043,2421.9783,135.4689,1611.5155,726.2919,389.3447,974.8851,3032.354,156.6988,4215.4722
3086.5,3917.1,796.9355,15.4032,0,929.0484,35.5645,11.0968,21879.4512,123.4194,835.871,496.2419,59.1936,50.7097,2262.2903,109.0645,907.3387
3245.9,3917.7,745.2454,1.9877,0,348.8589,7.1043,13.1043,3671.8159,27.5767,855.9509,399.9509,77.092,237.1472,2256.865,44.9448,2187.7852
3114,3918.2,559.8226,0.6601,0.197,279.33,1.1478,18.3645,1651.3448,7.7931,900.7783,350.4877,42.3892,37.798,1588.2316,13.9113,2367.877
3227.5,3917.7,674.6194,0,0.0121,203.1903,19.4696,18.9109,2298.6558,0.0769,525.6356,195.8138,0.4737,16.8097,1968.5101,0.8097,1586.1093
3262.1,3918.7,1037.644,33.3269,0.3398,484.534,1954.4142,40.0518,2770.1877,190.2783,966.1909,1902.9935,229.1586,68.3463,2294.835,126.6667,1501.6796
3271.4,3919.3,561.3226,5.7527,0.0376,629.1129,39.9032,21.3979,2680.1292,122.0914,827.5645,694.0377,63.9785,44.2204,2090.3064,86.3226,763.8333
3096.7,3919.7,968.7562,20.608,2.179,769.9907,1322.5618,31.8858,4818.6758,126.0154,823.4661,1318.5154,75.7932,58.4815,2776.9722,131.5062,1381.1357
3238.2,3920,870.2056,0.324,0.053,454.9564,27.5171,34.0093,5732.1685,7.6573,718.0654,260.6635,8.5639,40.0561,2175.5046,13.4237,2046.7664
3103.1,3920.8,809.6158,10.9379,5.7401,571.5593,289.3672,16.0282,3561.853,77.7571,430.7853,492.5706,64.452,59.4181,2392.7231,92.0113,666.1356
3220.5,3920.9,970.3099,24.8081,1.3506,649.3137,1864.7897,27.9668,3410.2842,176.6753,548.4428,1787.1292,95.8782,55.7454,2027.3322,92.8561,1724.214
3164.9,3921.1,662.9286,14.0476,1.3333,578.6588,188.2381,8.0556,3432,104.619,476.1667,400.2143,59.4206,54.2222,1584.127,173.8889,593.619
3130.9,3921,707.135,10.9981,0.0304,389.5038,18.4373,31.6027,2350.4087,86.576,987.1064,452.8156,173.2129,811.9601,2365,102.1312,2385.8916
3175.8,3922.4,583.8707,9.971,0.0396,309.3377,19.562,10.7652,2278.0132,91.3562,557.4617,316.6992,137.9947,112.5383,1473.9498,80.9762,1323.2849
3139.1,3923.3,603.6546,11.3487,0.0197,586.1678,18.4276,36.1579,2930.5854,127.2961,1794.329,687.7237,175.7533,115.9836,2293.2632,129.0099,4544.1548
3248.1,3923.6,768.2383,13.7489,0.0213,1268.0468,54.5234,111.0426,5764.8213,156.0213,931.7957,700.6128,115.2596,63.0255,2244.6299,138.8979,2557.1489
3149.7,3923.8,1134.7395,28.7907,0.093,1398.9814,357.3674,25.507,2499.4373,163.8279,925.3721,1993.5861,213.7488,102.2233,3323.6465,115.9349,2241.7815
3275,3924.2,649.0411,12.3562,0.0616,1399.5548,106.7123,19.6918,2923.2739,160.5548,766.4452,1743.1849,88.8699,43.0753,2194.1028,99.8904,620.5891
3116.2,3924.8,725.4852,4.9406,0.099,388.0396,1.5644,8.3168,1669.3367,38.0594,747.4653,502.4653,83.8218,39.9406,1624.0693,47.0495,1698.297
3229.6,3925.9,881.3895,11.6243,0.0608,567.4448,120.6409,29.5249,4042.2156,85.1298,640.7404,504.9503,37.1464,51.3398,2185.7126,75.6602,1704.6271
3256.9,3925.3,786.9493,13.1224,0.0295,895.7595,210.0127,137.2321,3668.2786,131.9325,830.865,610.9283,162.1139,61.1477,2241.1436,101.1055,1781.4979
3106.4,3928,1000.6321,60.1906,35.8027,558.4849,984.9431,21.0435,5578.4648,131.4214,769.5619,1039.2074,130.1405,63.2241,2426.05,115.204,1334.0267
3190,3928.4,804.9854,20.4615,0.1026,1137.5385,413.2051,11.9048,3678.5056,153.6227,286.1721,1041.5348,70.4396,46.7289,1944.4908,94.989,365.5641
3175.6,3928.8,619.3909,15.5773,0,331.7773,32.9318,8.3273,2840.5955,150.0364,296.5364,266.5318,81.55,48.3818,1901.9227,87.4227,557.4
3160.6,3928,665.7476,7.0529,0.9712,358.1659,29.8678,14.5938,2186.5649,58.8269,476.0385,302.9375,142.2524,46.9543,1727.0553,73.8654,1335.0385
3118,3930.3,1034.9917,35.3471,0.1446,1196.1942,24.7851,21.2893,2348.7356,135.2479,562.6281,1326.8264,161.3967,86.8802,2471.4629,100.4504,1036.8801
3092.9,3930,638.073,194.2628,247.9854,598.6788,25.2117,21.5474,5851.4893,25.6715,428.8394,294.9051,9.4964,44.3723,2737.3284,146.7445,488.7956
3272.2,3930.1,1082.1404,26.6043,0.0596,1438.6553,82.2596,19.6426,5650.5361,227.8128,465.3617,3490.0681,87.634,56,2461.217,87.7362,542.5574
3152.9,3930.8,1033.0981,19.5132,0.3132,545.8641,2010.5094,16.3434,2168.3999,145.3321,389.5811,1990.6415,91.8226,95.4528,2129.0037,84.5094,893.5963
3261,3931.4,607.4038,8.1262,0.0631,1025.1641,33.7792,30.1703,6800.3818,117.9054,615.6025,518.9811,54.265,43.0631,2223.2302,91.8644,1025.0536
3144.3,3931.3,789.3885,13.762,0.003,712.4488,163.8072,25.9066,2998.0391,101.4759,1059.2982,612.2018,201.1084,700.0542,2542.988,103.7289,2352.8977
3249.8,3931.1,838.8876,18.0337,1.7107,1332.4242,46.0787,80.7865,3182.0366,136.7725,566.6629,1819.587,96.8315,333.7865,2346.0479,253.1152,1511.8174
3084.4,3932.4,1069.7358,42.5546,3.1878,680.0829,426.9803,19.2948,4336.1157,193.4541,375.5218,786.821,124.2118,105.2533,2391.9519,120.6507,841.6005
3277.6,3934.4,982.6654,7.2962,0.1115,543.8346,155.4077,11.4769,3023.2539,79.2038,341.3115,934.3154,46.3615,91.1077,2275.4885,42.8577,582.623
3105.9,3935.3,705.6905,319.1429,220.7571,659.9429,97.0571,19.6286,6297.0811,89.381,318.1381,351.8571,57.9667,48.2286,2445.5952,107.8333,483.4905
3096.1,3936.7,788.4886,436.2829,264.5,577.2429,110.1486,30.5686,4029.8943,95.1171,267.3257,427.8943,62.7,56.4771,3046.1113,151.78,526.8686
3187.7,3936.5,673.7047,15.228,0.0155,441.1244,968.4715,9.0363,2218.3833,115.1036,213.1658,964.4767,68.3679,44.5959,1217.7668,81.9171,407.7409
3159.5,3937.5,916.2839,21.7373,0.0297,500.1653,47.0593,22.0678,2883.2925,103.0847,423.0212,339.3559,128.5932,185.7542,2104.0295,105.6356,853.1313
3249.1,3937.4,690.5839,10.5638,3.2886,768.4698,37.1812,12.0201,3966.2483,115.4161,389.0201,648.5168,59.7383,55.8054,1851.3087,556.1476,548.8725
3165.9,3937.4,755.1456,14.7405,0.019,895.6076,26.7468,29.2278,5921.9238,100.2152,395.9051,323.019,99.0506,100.3481,2390.095,95.7342,639.1013
3235.5,3938.3,598.0488,453.6605,579.7302,351.1953,14.4372,18.2442,3086.5955,54.986,184.4814,244.7558,32.0302,43.4674,1567.3093,90.0326,212.3954
3258.4,3938.6,869.1362,19.8967,0.9859,788.9625,1964.2207,15.3474,4280.1455,209.77,454.2723,1618.8591,78.216,53.0892,2501.9531,91.6056,661.2535
3218.7,3939.2,671.182,203.1438,294.9528,324.3348,29.1371,9.6989,2721.3774,69.1079,144.9056,231.8764,49.8966,46.636,1445.1663,74.6562,176.5461
3077.4,3940.9,582.9528,8.2362,0,439.2992,16.5512,28.6772,2780.9055,97.8898,1258.1732,503.3307,154.8898,99.4094,2278.6692,165.7087,2486.9055
3278.1,3941.9,706.9555,8.6712,0.0137,524.6027,58.5205,31.5788,3378.6643,99.2295,651.9041,575.6404,200.5034,834.8322,2455.7842,113.2158,1722.3116
3123.7,3942.2,554.0762,201.7348,235.8079,403.5549,20.8476,12.9512,3104.5823,42.6067,328.2439,238.6219,26.5823,43.6616,1927.625,188.1677,247.7591
3267.7,3942,1210.0487,39.7691,1.5233,615.8263,538.9089,22.3411,3475.2668,207.5975,502.3072,891.4703,149,105.4386,2193.2776,114.0805,882.1483
3089.6,3943.1,609.594,20.3609,1.4135,372.8647,427.9925,23.0902,2304.1956,94.9474,742.1053,679.4361,146.6015,102.1579,1794.8722,90.1579,2174.2031
3083.6,3943.2,715.3871,10.3831,0,468.746,139.0524,32.9556,2788.2378,111.7137,1401.2701,680.3629,212.75,803.1169,2497.5042,132.4839,4215.9917
3186.6,3943.2,609.0377,3.6792,0.0377,818.0944,148.9434,12.2264,2806.9812,82.2076,275.7924,1027.6038,44.3019,57.3774,2311.3396,93.7547,464.4906
3256.1,3944.7,553.3333,6.0486,0.125,820.3264,151.8333,13.0139,9590.25,214.8542,1187.4653,744.5695,33.5486,49.2569,2547.2432,82.9236,485.7847
3099.3,3946.1,786.9237,54.9755,13.7166,1215.7957,27.6948,25.3869,2796.4768,140.8556,1024.9128,2492.6921,115.2234,49.9128,2757.771,119.8011,2162.5532
3223,3946.9,630.2092,175.5248,289.1489,351.1206,24.4645,9.6844,2911.0496,66.195,151.1773,232.3972,44.6312,36.4539,1655.4858,103.6667,173.7411
3167.8,3946.6,769.2349,13.1317,0.0178,375.2633,14.6014,7.8648,2231.4377,94.6762,507.8755,310.4484,213.5658,1649.2811,1889.5303,103.6939,1285.7616
3192.2,3946.7,530.253,5.5462,0.0482,477.1566,14.4418,8.1566,2518.1726,82.2651,596.012,349.5422,127.8193,38.988,1447.2008,70.0843,1096.3615
3076.9,3947.4,819.5496,5.3931,0.0954,430.542,292.4122,17.9542,3800.3625,62.7061,857.4008,677.2977,117.855,118.6832,2114.9121,412.9695,1836.084
3133.5,3947.8,961.4839,17.977,0.447,1011.0922,8.1198,17.3548,4249.8984,81.7189,227.8111,1244.235,53.6083,60.6359,2138.4746,141.4286,274.4332
3244,3948.6,750.7353,14.8566,2.0846,888.2353,10.8934,8.3382,2670.5073,81.2978,228.4007,844.478,59.3971,39.7647,2311.6396,77.1287,422.2574
3268.4,3949.6,1024.1818,24.5758,0,442.7121,28.803,10.0303,2785.8181,134.0152,346.4697,387.4394,96.1061,291.5151,1924.3485,87.8939,885
3211.8,3949.9,652.2781,279.7921,231.3062,325.1854,22.4916,11.2921,3013.2134,52.0169,127.3624,217.7303,37.441,70.0421,1759.2809,143.6629,164.2809
3262.4,3949.9,1148.5779,41.5041,0.3607,1626.1844,44.873,27.4262,3766.1843,206.6844,523.5164,1648.1066,120.9262,106.0615,2816.0042,121.7336,1046.7295
3174.6,3950.3,746.0524,16.8122,0.0131,326.1528,19.3144,10.0611,2410.1572,88.083,458.6463,312.1528,140.0873,98.6288,1678.7948,137.1397,1033.9695
3275.4,3950.9,710.8657,6.1103,0.0048,401.4173,26.012,25.1511,4147.1919,91.6307,907.4868,453.3981,226.554,601.4556,2100.199,105.6763,2515.6091
3156.3,3951.9,701.2477,15.1101,0.1789,534.3348,18.3257,16.4128,4790.2202,96.0642,334.6972,303.1789,74.055,76.7523,1830.7202,236.8761,465.3394
3117.7,3951.6,989.8973,25.5475,0.1673,766.8669,4.1331,12.5817,2053.2625,66.0532,202.2547,773.6806,39.9354,49.1179,1928.9164,53.6958,263.9164
3072.1,3953.6,643.9286,6.5417,0.0417,495.506,482.4762,8.6726,2927.9702,95.2619,369.381,586.2083,34.3929,132.2083,1818.25,316.0238,830.2143
3140.1,3953.6,1236.6864,34.5148,0.0947,1503.7072,17.3195,19.5296,2915.5415,134.6391,260.6746,1392.7515,90.8343,165.2426,2557.1331,119.5178,462.5887
3219.6,3954.5,950.6909,50.2634,14.3282,412.2176,384.7939,9.5267,2655.0764,99.4657,136.9122,824.8588,71.3817,46.355,1934.4695,439.5382,162.7634
3132,3954.6,922.4957,16.3932,0.141,558.6453,12.2821,27.7735,2914.6965,105.1709,302.6496,553.7949,94.765,117.4701,2534.5598,143.2222,773.1453
3201.2,3955.3,765.283,12.9906,0.0755,319.9151,9.1415,2.8962,2398.3867,76.6604,133.5,241.2641,46.434,40.4811,1367.7548,89.217,209.0094
3235,3955.5,552.5695,6.3333,0,568.3055,13.3194,19.0694,3239.5833,83.9444,513,645.2222,259.9305,1061.6945,2515.4028,117.7083,1488.7361
3092.9,3954.5,955.6422,24.1906,0.1584,419.3783,1580.4135,45.6452,2425.6128,179.6862,1127.2317,1847.3812,192.5953,60.7625,2374.0352,122.2082,1869.9795
3259.3,3957.4,643,8.5195,0.0513,548.4682,16.5195,18.7659,2994.6816,111.768,488.7618,404.3162,164.8912,683.9979,1900.1458,88.5893,1329.8296
3099.2,3958.8,611.4167,6.7283,0.0507,560.7174,160.279,39.4855,2890.9746,103.6159,1364.9058,709.5688,120.2536,41.0906,1886.9783,102.2645,2139.5361
3119.1,3959.5,760.6861,6.8027,0,354.4395,23.6457,7.9955,2340.0449,56.5471,164.1435,296.0045,38.1121,45.3229,1602.8251,87.1031,300.0583
3127.1,3959.4,1113.1796,33.9429,0.0367,1054.0735,14.6898,24.049,2604.604,138.0082,386.2898,2092,105.0041,147.498,2271.4041,133.4898,1087.2653
3073.4,3960.4,707.3333,8.2519,0,644.7365,15.8992,17.845,7223.6084,64.1279,433.1899,316.3721,46.9961,52.4341,2001.3915,102.1589,1012.155
3107.2,3960.8,526.2742,1.9839,0.0484,744.5484,5.2581,11.2097,4106.9839,75.9032,515.371,404.129,41.2742,34.3226,1756.1451,97.5323,988.9839
3272.7,3960.5,774.2935,9.6368,0.1443,773.5349,53.4204,18.0697,13694.1816,115.0572,443.7487,381.0423,59.0572,55.5945,2329.2588,91.2985,856.291
3240.9,3961.4,634.7827,8.2815,0.0642,438.6444,22.7753,15.6765,2960.4939,84.0272,652.0198,343.0272,180.3432,38.8025,1981.4172,82.916,1601.9679
3144.4,3961.9,974.9694,18.8621,0,343.9923,117.1418,12.8084,2109.7434,83.6552,642.9962,508.2375,152.1111,1218.502,2018.7395,96.0192,1663.2375
3134,3963.6,736.6519,6.9481,0.0407,620.5778,7.4593,24.4037,2635,84.4778,726.0667,706.7482,134.8852,558.3555,2427.3704,128.7037,2322.9519
3217.8,3963.3,693.0184,7.7454,0.4133,427.8229,8.6458,9.5646,6655.6123,67.2399,207.6642,254.6421,40.9041,45.4022,1597.0959,80.5203,274.1292
3090.3,3964,444.1902,3.4877,0.0153,339.0583,36.7239,29.1472,1866.8773,81.0215,1602.408,579.7332,106.2822,36.089,1845.9724,115.8497,3289.3958
3210.2,3965.4,781.9578,18.9156,0.0464,998.346,14.8228,20.557,3007.8059,98.0295,289.4051,1070.8354,92.9367,546.2194,2258.8186,122.4726,981.5106
3197.6,3965.3,809.8883,20.2741,0.0406,795.802,16.0228,18.7005,3293.3579,115.5127,426.4416,551.3096,108.4975,202.5711,1987.6523,145.1167,1308.797
3126.2,3966.4,793.6634,15.4703,0.2178,489.9059,8.8267,11.1733,2584.4753,105.7822,263.797,411.5941,65.8168,50.1337,1969.7377,134.7475,428.7525
3102,3967.1,520.0423,2.0148,0.0529,536.8732,4.1311,17.2326,3463.2092,45.9239,728.5286,423.592,30.7252,36.6575,1983.6364,124.3171,1537.7484
3248.1,3966.9,592.1823,8.964,0.0671,421.8273,13.5588,27.9616,3099.3645,86.47,795.4556,378.9424,205.506,42.1271,2351.0288,97.5252,1978.8489
3189.8,3966.9,507.2695,5.6383,0.1915,349.2908,45.1348,9.6099,2194.1631,58.7589,339.1418,298.7802,105.8582,266.7943,1739.2766,92.9433,1069.2837
3139.8,3967.6,1015.9404,21.7248,0,417.0642,13.7018,51.4495,2460.0276,134.6284,1073.6101,494.3532,191.6009,151.8486,2333.8257,153.0872,2810.5459
3278.2,3967.5,817.6476,10.7905,0.1667,596.4238,334.9762,17.6476,7429.543,130.7191,387.4095,600.7524,72.2,54.9571,1930.1666,103.3143,855.6714
3075.3,3968,471.6637,2.7982,0.0224,289.8969,3.2287,27.3363,3386.2646,45.3901,912.704,371.6502,113.1076,28.2242,1732.6682,74.722,2186.0315
3155.5,3968.8,509.1379,3.968,0.0099,400.6502,29.7143,33.399,3253.926,58.8695,510.3498,302.3227,110.5074,569.234,1939.7684,583.5098,1512.3768
3264.4,3969,715.4107,8.8661,0.2589,458.6518,17.4375,22.2589,3452.9375,102.0714,723.375,358.4911,69.7946,79.9375,2270.741,108.4286,2272.634
3180.8,3970.4,637.0745,10.1986,0.1702,1250.6595,152.3759,15.1028,9115.4434,75.1667,379.6596,1428.6809,53.5,42.5816,2143.3972,100.5496,761.3511
3238.5,3970.9,609.5926,6.3407,0.0037,407.0148,11,25.3556,2854.4556,88.0444,632.1111,346.8704,96.6852,46.0333,2755.3962,117.5148,1807.2482
3144.8,3971.7,551.309,8.6181,0.035,375.0379,10.6472,57.1691,2171.1807,75.9708,716.7726,365.9767,209.4373,307.5277,2283.8979,115.7697,1871.6298
3083.4,3971.3,488.4984,4.8638,0.031,321.1146,7.4954,24.3715,2281.8484,75.0124,1386.387,506.7709,183.3468,124.3282,1972.031,112.3653,1977.2013
3255.8,3971.6,1154.4958,38.0696,0.1086,537.741,191.39,42.7855,3423.7466,172.6128,867.922,596.1727,234.8746,70.8189,2773.936,144.4373,2348.103
3201.6,3972.5,627.3871,11.6682,0.0691,612.2488,13.553,23.5622,3301.0369,114.3134,878.5253,418.9032,150.4931,442.2995,2351.8665,176.1244,2822.6775
3188.5,3973.1,452.7314,3.9104,0.1791,526.6119,11.9701,6.7313,1791.2538,51.8806,209.3134,410.2239,47.6269,43.9403,1345.0149,86.5224,478.3731
3168.3,3973.9,585.1456,6.6408,0,440.9709,7.1942,6.2282,4680.9951,63.5971,279.1117,257.0922,33.3204,50.0243,1587.4418,1686.2864,479.9126
3225.4,3973.8,657.9527,8.4637,0.0568,454.4921,11.9811,14.164,2856.9148,88.2744,359.6719,288.4732,68.1956,44.9085,2240.4385,133.6372,1015.8517
3275.2,3974.6,686.457,13.043,0.1505,638.8817,20.2688,22.7688,5659.6987,115.5806,869.9409,420.2581,117.9032,80.9409,2148.0322,125.5161,2125.1021
3108.3,3975.2,784.4262,17.2143,0.0405,1056.2357,7.9643,23.3286,12961.7432,85.6119,423.4048,848.9691,46.3738,56.0071,2173.7261,5037.8569,353.5857
3194.4,3975.5,683.6231,11.6432,0.0804,387.4623,10.608,10.9447,2454.417,79.3216,330.6734,282.5477,76.9749,83.6482,1843.4371,92.2714,1032.9598
3265.9,3975.7,985.9818,18.3255,0.1771,524.1641,40.5755,33.625,3551.4246,191.3151,1132.8229,517.9739,319.3854,1183.5781,2842.1301,150.3021,3230.1016
3216.3,3976,670.72,16.84,0.08,727.14,182.92,13.06,5363.1401,108.6,964.78,531.02,63.98,47.66,2362.78,130.2,713.38
3233.1,3976.6,825.9909,16.7909,0.0485,407.4758,11.5424,20.9,2917.5425,116.5455,813.7273,408.0939,231.6303,67.9182,2193.6484,121.6152,2368.291
3258.1,3978.4,1406.7799,54.7987,0.3082,540.4591,1386.9749,52.7673,3316.3396,258.5346,1278.4591,1496.8868,308.3145,145.5975,3795.7358,174.5786,2440.2075
3201,3978.4,483.3649,5.4865,0.0946,338.8108,19.2162,22.7297,2307.1892,68.6081,722.7027,368.0946,466.3513,275.3378,2055.3647,117,2206
3093.4,3978.5,668.0113,6.6241,0.4248,357.2519,4.5752,11.3496,7904.8984,53.1767,310.2632,256.8233,37.6466,42.4662,1812.5452,564.5,570.4398
3152.4,3978.8,532.0951,6.7317,0.039,332.7073,8.9415,51.0976,1957.1512,55.5634,636.1268,329.1878,68.3951,52.4976,2026.7878,105.661,2183.9512
3082.1,3978.5,578.1549,1.493,0,334.4084,1.6056,14.1549,12475.085,33.9577,704,360.338,60.3099,116.0423,1517.8451,456.3239,1917.1267
3212.5,3979.9,907.4152,28.6354,0.0686,442.3466,1156.0397,22.2202,2801.332,123.5235,301.2094,1021.0072,91.9206,52.8736,2057.5632,120.5379,539.4874
3251,3980,636.6421,5.3895,0.0526,402.1053,37.7632,42.6632,4396.4683,103.2053,1754.9053,667.7684,272.821,59.6895,2161.0054,100.2684,1699.9684
3241.8,3980.3,776.7567,21.3976,0.003,452.0861,26.7181,57.6469,2997.178,155.632,2166.8694,775.2908,243.0653,62.4125,2245.8577,134.0059,4350.6704
3273.8,3981.9,790.7909,15.9038,0.0288,504.1707,14.6178,16.9399,3562.6899,116.6899,681.2188,374.9375,220.2043,636.0961,2304.2139,110.7091,2264.3174
3126.1,3980.6,707.3027,11.1456,0.0345,752.2912,5.4866,15.272,9260.4326,78.2835,365.5019,294.8506,44.2605,59.0077,2191.7356,644.2606,830.069
3087,3981.9,714.9912,5.8767,0.141,296.5374,0.7225,4.0837,3339.3215,44.9692,302.0617,252.7753,38.8899,63.8458,990.119,2009.1013,764.4009
3143.1,3981.3,393.8,0.8737,0,266.1579,2.1895,32.6632,2041.7158,34.1895,868.6421,363.0842,67.6,27.8947,1733.7789,88.6421,2559.7791
3222.1,3982.2,598.1974,8.621,0.1752,520.3026,239.6147,21.5701,2814.3281,86.0159,595.2421,524.0923,211.4618,48.1465,2058.8694,139.0318,2308.4395
3159.5,3984.2,442.8029,0.9927,0,200.8102,0.5985,11.7226,1480.5985,24.927,332.6423,202.9708,63.1241,304.5182,1266.9124,60.5401,1055.73
3168.2,3984.6,717.0444,14.1123,0.0235,363.0261,9.5065,13.564,4548.0103,120.7676,212.7441,242.1593,56.3185,50.282,2525.1018,314.1801,392.5222
3131.6,3986.8,590.2526,5.7421,0.0263,455.3579,5.1737,16.7368,3051.7263,63.0158,517.9631,286.3895,59.6684,49.6053,1886.4843,173.9579,1448.079
3257.6,3985.2,827.8235,15.4011,0,523.2513,51.5294,69.0749,3281.925,158.8342,2008.9519,765.9946,492.3369,237.4011,2808.9197,159.1604,3467.1123
3180,3985.9,515.206,8.666,0.914,477.484,10.446,12.826,8033.5718,61.074,185.224,218.6,35.024,39.162,1834.936,90.944,196.65
3143.5,3987.5,503.6429,4.4464,0.0446,303.0223,3.8973,7.7723,2203.9465,40.9732,184.2857,190.5893,28.8125,42.6652,1655.9241,96.1295,593.6652
3075.5,3987.7,654.2863,6.0401,0.0496,408.7901,4.042,41.1813,1990.6412,59.9752,168.0897,209.9905,37.0363,92.0382,2597.021,139.4561,254.3721
3253.1,3988.2,1159.0339,28.8981,0.0728,560.2767,26.0146,69.6311,3645.1262,184.7281,1496.3883,714.131,439.4417,277.3447,2878.8108,151.7039,3229.2039
3187.3,3988.3,454.0696,1.5739,0.0087,422.7739,4.3565,10,2474.7217,66.6348,267.1043,231.4957,29.5478,62.9217,1821.6696,96.8783,198.5043
3151.4,3989.2,474.8243,2.3222,0.0084,291.2301,1.4728,7.8828,1820.7573,31.7239,326.2427,212.7573,63.1004,29.477,1351.8201,67.6192,1848.2343
3124.3,3990.5,422.075,2.3667,0.025,253.9083,2.5667,7.9083,2156.9751,25.675,171.7917,171.6417,25.2333,48.5417,1407.7916,139.4,553.3834
3213,3990.5,549.786,8.963,0.0494,869.0123,40.4033,19.3457,5411.7407,97.7531,534.8395,344.0124,61.3868,85.4156,1856.5474,363.9012,854.8436
3238.1,3991.6,587.4052,24.1227,7.0428,502.8531,26.1599,22.3941,7825.5762,121.0762,799.1859,400.3476,78.5409,46.4907,2164.4739,108.6747,1697.1152
3084.8,3992.2,641.193,9.2206,0.1415,420.1158,7.0754,43.6471,2146.6157,69.7776,466.1654,280.4338,60.8768,56.1765,2760.8235,147.9099,706.2242
3279.8,3993.1,565.7538,8.2538,0.1538,390.4692,9.7231,23.4769,2535.9307,91.5462,979.7,541.1077,254.0231,59.9769,1770.0461,86.9538,1711.3846
3251.9,3996.2,1207.4956,35.4311,0.1356,1166.52,19.0733,30.5533,4432.54,154.4289,605.9111,904.6556,326.6645,1655.4177,3183.54,186.1844,2161.7112
3261,3995.1,1079.8923,30.0799,8.9514,976.7083,35.0278,34.441,5898.146,337.434,751.2222,490.2917,199.1285,721.507,3174.3784,499.9653,2078.2708
3096.1,3997,456.6577,4.4385,0.016,376.7754,6.123,35.8182,1892.2032,52.8182,500.0374,279.5348,54.3583,41.2353,2440.0696,134.4866,1284.8823
3200.9,3996.7,802.7422,23.1804,0.201,400.5,15.6031,9.4485,4077.3608,143.9072,170.9845,256.7526,60.4536,48.5206,3575.6702,218.9794,221.7474
3230.4,3997.7,576.7482,11.2276,0.0315,475.3947,13,23.9492,6474.5083,84.1308,350.368,284.3269,42.7143,35.2954,1970.1235,82.724,1126.9685
3268.8,3999,1062.5452,30.0865,29.0602,639.609,28.0075,37.8647,4699.1992,969.4925,323.4023,350.6692,281.1692,80.5977,2537.6128,185.5075,534.015
3168.7,3999.6,383.5978,3.9565,0.1667,224.3261,13.0326,5.0978,1472.9384,32.8152,92.5978,156.6956,24.7536,34.1594,921.3116,106.2319,122.2536
3211.4,3999.5,527.3663,6.7949,0.011,402.4945,9.9597,6.9634,2463.2637,68.6044,160.7949,195.5348,34.8168,31.9377,1714.0952,68.293,261.6813
3221.1,4000.1,1020.4845,36.0543,0.4961,460.9922,20.3178,34.3527,2787.655,155.5155,445.6046,1590.7596,127.5116,52.845,2221.1821,129.2364,1634.4419
3090.2,4000.5,545.5542,4.1566,0.1084,451.0904,2.1084,53.3554,1925.0361,50.8133,358.0602,261.6687,53.2349,66.512,2978.5481,169.7169,714.5964
3104.7,4001.9,647.2014,8.401,0.0399,430.0469,8.0295,37.2778,2050.8716,72.8715,356.0035,253.9097,79.2622,62.5069,2576.3542,143.6146,793.5781
3260.3,4003.3,754.0121,20.0445,4.0324,945.1053,10.5385,14.1174,9287.8584,189.9757,390.0121,336.5263,69.3158,60.7733,2174.2996,118.1862,631.3077
3280.3,4003,726.2088,6.8735,0.0324,401.3059,17.4147,18.6088,2834.2087,113.9735,764.9706,390.2235,253.5529,1050.3558,2433.8118,106.2794,1919.5588
3155.7,4003.7,491.6306,1,0.027,217.1171,1.1441,1.8018,1605.3513,27.9369,115.8288,152.5676,18.3874,39.4414,862.6847,39.5405,158.5586
3202.2,4004.3,856.3297,25.1722,0.4396,466.8974,13.8681,16.0586,3122.0439,135.011,209.6227,281.2125,77.4872,71.359,1713.0366,364.0696,180.3846
3245,4004.3,733.9697,649.9061,249.0364,361.7091,8.7788,12.7333,2975.9697,65.9515,139.197,233.3606,47.3364,45.3879,1819.7939,93.197,237.2849
3274.5,4004.9,692.4506,10.2747,0.0403,391.0586,9.9121,17.1429,2591.4504,145.8645,759.8425,395.4212,112.8718,76.8352,2073.3845,117.4762,2113.8022
3112.8,4005.1,830.3377,16.7396,0.0981,392.6151,10.2849,28.1585,2032.9755,92.8849,158.7453,234.2113,61.1604,59.9075,2380.3132,150.2547,180.866
3229.8,4007.4,724.1677,25.7355,1.5355,401.2226,28.9742,16.9484,2848.1775,93.3677,317.0645,297.6226,86.9839,46.7419,2142.3323,156.6323,713.4613
3222.5,4007.9,796.5442,22.9395,2.3581,566.4558,11.2744,12.1581,3336.9163,119.0372,397.8791,348.3488,70.2605,52.8,1613.8698,401.6093,388.2651
3174.1,4007.9,750.35,16.4833,0.0222,213.0111,3.6556,3.5556,1246.1111,57.2111,99.9222,192.0111,50.3611,44.1,599.3778,756.4056,107.2556
3254.9,4008.9,534.2549,155.0196,80.25,332.6274,5.5,6.8775,2921.4854,42.5294,141.6471,207.8775,29.7402,32.4412,1489.7941,78.6569,254.4755
3120.3,4009,674.698,8.236,0.0812,383.0812,6.6929,27.8909,1939.7258,72.6447,161.9264,218.2792,44.7183,58.1269,2473.0381,134.9721,171.6827
3213.9,4009.2,709.4345,18.4621,0.1724,359.6759,19.4621,8.1172,4308.6689,116.7379,162.5724,240.8483,70.5862,46.7655,3386.4551,82.8966,227.1724
3238,4010.8,1045.0872,59.3066,7.115,435.4599,699.9094,15.9582,3952.0872,107.8188,281.6237,832.3554,71.2474,56.5749,2244.4668,79.9443,524.9025
3132.1,4012,645.3615,5.4179,0.0769,393.8949,6.3462,24.4154,2092.9409,69.7205,138.9462,236.7795,37.9641,46.9615,2537.4077,117.9026,156.0667
3245.9,4013.2,639.2101,59.1681,1.3529,658.4958,13.2017,19.5966,3311.4285,87.395,447.4958,452.4958,110.0756,49.7479,1724.1681,126.1176,854.8235
3276.3,4014,554.1085,3.938,0,390.4186,9.186,20.1395,3476.1472,110.0155,753.3488,362.2093,195.0543,41.186,2051.3489,110.8605,1478.8527
3213.6,4015,1018.7548,24.0968,0.0194,341.5419,12.3419,6.329,2240.4775,119.3806,196.3677,287.3613,74.729,51.0903,1971.8967,66.5355,179.8774
3268.7,4016.2,795.8383,25.1466,0.2481,665.3947,134.8195,18.4023,4795.376,229.609,535.015,478.8308,92.5714,45.5827,2674.2781,132.5038,1042.9662
3251.3,4016.6,652.7962,15.6879,0.1274,621.3885,6.8153,33.0701,3673.312,95.6624,739.6306,516.2994,163.828,57.2803,2307.6179,167.6815,1758.2357
3238.3,4017.3,815.3129,54.6531,25.7891,430.8776,2.3537,7.2245,2823.7144,15.1361,157.7075,318.2449,6.3265,45.3673,1906.2449,54.4966,195.6259
3243.1,4019.9,987.0073,86.913,29.9493,817.884,9.9275,9.3623,3851.9058,121.7029,205.7899,727.2971,69.0652,47.0362,2304.9058,196.058,275.2464
3276.8,4024.2,518.6901,3.169,0,532.7747,31.507,12.0563,17259.7461,52.2394,574.9718,336.0704,42.3521,26.1127,2073.5916,138.6197,1311
3273,4031.2,599.9517,4.5874,0,887.7918,13.2974,14.5167,18934.8184,87.6283,703.4015,394.3383,35.0409,38.5576,2548.8142,234.3234,628.2974
3279.6,4044.6,887.2168,20.7308,0.1538,698.535,1506.1993,7.5105,6218.0874,173.507,172.7133,1307.479,59.2587,43.9965,1813.8567,85.0105,203.4615
3714.6,3874.4,565.0529,169.2884,271.8862,313.1243,42.2989,10.6746,2511.5132,85.254,131.746,235.6085,40.1825,37.0291,1489.881,71.5132,86.627
3359,3876.2,1113.9537,38.8501,0.1717,800.8746,81.1907,34.0681,6111.0928,187.2643,989.7411,621.8229,232.7548,76.0817,3568.2397,135.0409,1850.504
3657,3876.5,690.8889,16.5635,0.5476,608.7143,105.746,11.6032,4205.8887,175.8095,358.127,348.4365,61.6667,50.1508,1875.0238,105.8095,523.5635
3732.8,3876.5,753.39,447.8458,759.6735,358.3242,89.6848,21.7347,2665.1042,108.9864,179.1814,305.8708,60.966,45.6304,1707.6621,90.7846,82.5828
3754,3876.2,682.6,13.6091,3.1545,890.7273,7.9818,4.1,1572.8909,96.5727,116.7455,954.7182,95.7,41.1909,1457.3,72.7727,430.4546
3383.2,3877.6,989.1228,20.8596,0.2105,569.9825,31.2939,7.1623,3351.7896,113.0965,347.0395,446.8728,120.2368,46,1508.0088,97.6316,481.0877
3669.8,3877.3,715.6182,28.4909,0.5939,667.9394,9.7455,10.3152,4658.9941,104.4788,323.9576,296.7394,34.6606,45.3879,2012.2122,60.4727,402.8182
3333.1,3877.5,1451.8572,30.8701,0.0779,418.3506,37.3377,5.8961,3878.2207,141.6104,613.8312,544.3117,67.5195,85.9221,2322.2598,90.1948,527.0389
3396.5,3879.1,774.0733,16.26,3.44,358.22,112.4533,4.3067,2718.4399,71.3333,149.12,364.5067,62.0333,54.08,1811.4399,77.7333,262.6533
3351.6,3879,672.6111,18.6508,0.6508,914.4207,431.5397,21.0714,6961.2383,164.0318,551.0952,932.7936,101.1111,52.1905,2884.8254,119.8651,894.8571
3403.7,3879.6,906.6595,105.7957,88.9355,419.1649,563.4623,12.2796,2893.4158,104.3118,145.6667,855.1577,86.5412,43.8674,2728.5627,81.3763,272.7599
3338.5,3879.3,1392.7572,42.2181,0.0082,500.358,47.6461,7.8971,3988.5308,147.7407,585.9712,594.7778,144.3045,415.6173,3008.1277,134.251,1026.0946
3663.1,3879.8,800.751,32.1928,0.8996,853.1807,93.9679,17.7108,5447.6787,183.2209,421.5663,583.4016,99.3293,53.49,2141.9919,105.1888,556.7751
3288.1,3879.9,730.3925,13.6337,0.7762,986.3983,35.8314,8.3256,3529.561,136.4331,826.7529,499.3343,83.9128,578.6337,2220.5173,103.5058,664.6192
3280.6,3879.7,625.3926,9.184,1.1718,1017.7055,41.8528,12.8528,17696.3066,243.6135,562.3926,422.8957,68.3313,148.8466,2258.1963,103.9571,890.7117
3297.1,3880.4,1007.8392,14.7748,0.193,893.563,230.9088,11.6193,3260.3379,116.4799,346.9812,896.882,68.6971,79.6542,2570.2627,88.7694,465.6193
3725.1,3880.6,1018.8,636.1769,857.9,428.9846,1068.5538,29.1923,2545.7078,157.9846,194.9923,1463.7847,91.8385,52.3154,2675.9307,111.0846,124.2923
3717.7,3881.5,917.0121,390.0213,785.307,378.2371,134.7599,24.9088,2677.0911,132.4681,183.6991,420.1246,86.9787,51.8602,1758.4194,90.8207,121.1763
3758.1,3882.1,803.2632,29.3397,6.4737,378.5168,35.6938,9.6268,1276.5024,121.9952,134.244,392.5454,135.8517,63.9761,938.7081,63.933,464.7081
3327.2,3882.5,1434.0894,57.5591,0.0663,545.536,62.7262,14.5879,3983.2507,191.9337,735.0346,651.3689,221.9597,603.3055,2680.6052,133.3199,988.7291
3743,3882.1,764.1454,365.1378,817.4687,365.609,52.0351,22.0576,3098.99,108.6717,220.0526,305.9474,65.0627,48.1704,1625.0652,90.0401,87.1128
3344.4,3882.6,1049.6392,22.4217,0.0261,606.2783,77,17.0826,3725.687,148.5696,656.5826,640.1609,164.7826,435.1217,2703.4783,126.0478,2058.1956
3697.9,3884.6,748.212,428.1013,883.6962,448.2468,22.9051,25.8924,3357.864,129.1962,230.3038,280.1361,66.2468,57.7722,1987.8734,112.5854,129.038
3659.5,3885.2,1018.2917,42.7188,0.7031,638.5104,147.276,22.5156,4870.1821,242.599,389.3542,440.7865,99.9219,71.901,2068.9531,125.9167,453.2812
3773.1,3884.9,1030.1324,34.6028,0.7212,898.1495,93.2695,26.1713,3916.9424,208.7118,544.2585,919.3318,104.1994,75.257,2025.218,110.1044,1017.2679
3784.1,3884.6,930.7582,15.1765,0.1307,700.4706,16.1373,10.7516,8029.6797,120.9935,380.3726,396.2941,47.4183,74.6601,1674.804,61.1307,296.3137
3673,3885.3,904.5977,36.8544,0.8582,429.0383,8.8966,9.659,3282.6399,125.5096,296.1877,313.4674,63.6705,54.8659,1280.5632,74.3027,221.1073
3367.8,3885.5,893.875,11.9583,0.2396,1002.3229,1271.7188,34.2604,5902.021,171.4062,935.6354,2063.2917,121.7396,53.3333,3176.823,127.8542,2030.1354
3361.6,3886.1,1080.6263,28.0391,0.1637,596.4875,266.9929,35.2313,3343.0925,169.5979,673.9537,709.7331,237.4626,201.4093,2974.1565,134.0178,1844.8861
3315.5,3886,649.8059,36.7824,0.2,785.1353,61.0176,13.4294,3633.0706,136.2471,681.7882,445.9824,57.1353,63,2220.353,94.5941,702.6294
3282.6,3886.6,596.2038,6.3057,0.4013,976.293,30.2548,6.5796,8294.8857,120.8981,390.9108,341.4013,42.6752,44.9299,2016.9554,84.4841,634.8917
3734.1,3887.1,738.5585,503.4935,865.3593,378.6602,135.7554,21.0108,2937.0173,109.6234,259.1883,358.7251,59.8139,47.1429,1874.2684,90.1688,92.697
3351.3,3886.6,1077.7454,31.633,0.1423,1475.3408,241.2172,30.7079,3612.7678,182.4719,797.5093,1744.5469,183.3333,220.0112,3739.9963,317.3895,2047.4982
3751.1,3887.2,693.6409,452.2535,842.4718,405.6878,34.8944,19.4671,3476.2583,100.5822,220.8005,279.7253,53.8451,43.9695,1764.9906,93.1831,83.7958
3307.1,3886.9,1392.2935,64.587,0.8587,747.5272,2593.614,24.7011,4174.7446,222.9185,381.8696,2586.7446,133.0598,85.9891,2317.1467,125.6196,350.8369
3706.6,3886.6,936.1534,754.3911,1481.005,451.797,37.198,33.4604,3317.3169,140.5495,291.9653,321.2525,130.4505,60.8515,2208.7573,107.6733,175.3267
3337.2,3886.9,1073.4976,39.9701,0.1642,1169.2637,64.5124,15.9403,3447.7661,171.8607,787.1343,1665.1542,175.0099,115.6965,2925.9702,136.3632,2143.6965
3298.7,3887.7,1298.1073,42.439,0.7707,634.7561,1754.078,19.3073,3798.0342,189.8293,363.3707,1753.7659,107.2439,81.9122,2264.1316,125.6439,345.322
3713.9,3887.9,1008.381,468.369,446.8333,415.875,42.7381,34.6012,2710.7559,155.5774,234.7798,327.7917,147.4702,51.3512,2157.7261,98.0833,264.7083
3684,3888.6,572.9349,17.9106,65.0163,287.0732,5.248,5.1016,2097.7034,30.3049,121.3821,176.1992,11.9512,39.4837,1324.1992,35.1911,101.9837
3721.4,3888.9,1206.6748,874.8846,601.6259,424.2063,244.2308,41.1783,3014.4302,184.4441,289.8776,566.2482,204.6259,59.8846,2422.2866,114.8462,266.5629
3326.1,3890.6,933.6824,18.9426,0.0845,527.7128,740.5811,14.4865,3865.9897,148.0135,438.2601,1152.6926,125.5878,125.5608,2055.1926,117.1385,1070.3987
3291.5,3889.9,900.0361,7.3133,0,541.506,719.2229,12.8614,3359.2771,92.6807,259.2711,809.1265,53.3494,51.5663,2244.0181,68.2651,397.4337
3386.6,3890.1,813.3755,16.0588,0.5837,481.0181,49.5249,8.0679,3646.353,82.1312,261.3439,360.6063,112.5023,30.9502,2101.552,101.9819,808.9231
3691.6,3891,731.5092,147.865,402.3129,407.9877,22.8896,11.3067,3107.2271,104.5215,202,253.3251,50.9877,51.8712,1552.1779,100.4356,135.4478
3710.8,3893.8,1159.1566,570.8719,866.8505,506.5018,33.2278,37.0605,4848.3916,187.4804,291.0961,391.0925,121.121,72.968,2274.8079,128.2598,168.331
3348.7,3893.4,915.2673,17.9159,0.021,672.7868,55.3664,16.7117,3523.3813,129.4565,862.3544,713.6246,298.5105,1132.5405,2542.2583,167.997,2302.5256
3726,3894,942.7057,561.5826,890.7748,427.6126,310.8889,22.4685,4126.7148,136.7327,242.054,557.4684,74.952,49.9249,2003.2883,94.4174,91.051
3296.9,3894,1324.995,58.2362,0.7286,661.7336,1942.7035,19.407,3864.9648,210.1508,417.0703,1826.0955,132.6533,78.809,2526.5679,124.0603,382.201
3305.6,3894.6,808.9645,17.878,0.1811,613.1299,440.8898,11.7441,3366.7402,119.5197,646.6693,743.7008,66.8898,249.0709,2220.7322,89.9173,442.2914
3338,3894.7,848.3778,20.7688,0.0282,468.9211,75.7707,12.3872,3005.1052,125.8966,668.765,511.9342,207.6372,83.2632,2133.0808,106.4718,1814.2388
3379.8,3894.9,1213.239,35.9681,1.0279,578.3227,1014.8765,17.6534,3559.0676,150.5857,227.5259,1290.4502,129.9641,53.0518,2227.4343,110.5857,477.6096
3358.8,3896.5,735.5072,8.0062,0.0821,538.2053,157.9117,16.4559,4375.4927,97.8583,743.9117,663.5441,185.9384,408.7536,2351.3142,245.384,1685.4066
3312.8,3897.9,1103.5737,41.9421,0.1526,758.1158,1275.0105,15.5263,4629.6367,169.7211,325.0158,1533.6632,92.5947,62.7947,2041.6685,183.3,511.0737
3319.2,3898,1013.4379,22.6272,0.3787,1104.1301,408.6746,23.6331,13198.7393,174.6213,510.4201,891.6864,97.3905,64.503,2963.1184,113.3314,891.574
3288.1,3900.1,866.1208,0.075,0.0375,341.5875,457.6917,0.8375,2890.0791,2.2375,519.3958,1171.5167,2.1625,54.5,2026.3959,13.2417,924.1625
3281.4,3900.8,1349.5731,10.9553,0.0691,475.3211,741.5284,18.2033,3116.2927,65.7805,368.0325,1377.6342,56.7398,111.1057,2326.1667,39.374,855.6788
3300.3,3903,743.5359,7.1471,0.2255,736.2321,221.9346,7.7712,3011.0359,79.3954,329.6209,964.9608,32.2255,45.4281,2060.5457,61.781,453.7843
3333.9,3903.8,1187.4318,35.1691,0.0341,1003.9496,91.9718,18.3902,4005.5356,189.1306,701.9882,1300.1707,269.3487,452.043,3238.0801,152.6855,1810.5801
3315.4,3905.2,1210.1278,42.2417,0.1917,1327.7278,170.8,23.0528,5478.8057,192.925,443.5,1528.75,118.1833,76.5556,2937.3862,161.0305,933.5278
3295.8,3905.2,755.1714,14.5571,0.1857,709.3714,1246.8715,9.3857,5771.8569,141.4,378.1429,1148.7142,64.9571,47.6143,2196.9285,104.3429,621.2714
3361.4,3905.6,888.0208,13.9167,0.3906,696.4583,238.9219,14.151,4488.5,139.2865,390.2448,657.1094,107.776,56.6927,2772.6614,81.2656,844.3646
3350.3,3907.1,1217.906,25.2536,0.3077,1410.3048,111.9231,23.3248,5057.376,258.0057,568.0541,1302.8804,158.9829,66.8832,3440.98,173.1624,1062.661
3285.2,3908.9,767.2558,15.8605,0.1674,705.8,681.2233,12.2651,3010.6885,120.8837,483.5395,1115.5627,89.586,65.7023,2055.6743,88.5395,798.2093
3342.3,3910.4,1203.5673,29.8067,0.1849,1681.6807,63.8866,22.3445,4477.4536,278.0462,549.6639,1811.1177,128.2185,60.6933,3315.0337,147.5672,1520.1344
3357.6,3910.6,1174.0312,23.1667,0.4583,581.875,127.2188,15.2969,3571.427,145.3854,243.6406,583.5781,109.026,63.224,2297.7551,102.0625,422.9323
3290.4,3912.4,492.3406,6.3768,0.1812,841.7971,190.1377,10.2971,7048.2319,104.6594,550.4927,531.8623,49.529,40.2754,1897.7537,101.0725,1345.8695
3311.2,3912.2,1422.2272,45.5398,1.2655,626.7345,2211.584,26.7817,4115.106,247.469,629.1475,3089.8171,144.2979,120.6637,2713.4927,125.6519,1461.7345
3302.5,3912.4,1073.5895,26.5939,0.0917,491.0524,1107.1049,18.0742,4241.751,154.5633,355.8952,1343.6637,101.4891,121.1135,2276.6726,112.4148,802.3974
3361.6,3914.6,649.3846,9.6484,0.2967,600.6154,23.1758,7.0989,2689.1648,79.967,180.4615,515.2198,73.8571,35.5604,1804.7693,69.3187,361.3956
3330.6,3914.3,949.271,14.271,0.229,853.5,2009.9122,20.916,4753.229,231.8092,837.9619,2351.603,127.9084,83.4389,2869.3206,143.687,1955.0687
3345.7,3915.4,1176.3773,39,0.316,1452.4056,44.7783,15.6792,4920.4385,224.8821,518.5707,1717.9387,151.0472,101.3396,3096.0754,143.1745,1653.3066
3355.1,3916.2,949.2573,32.1029,0.2426,1197.8162,51.3456,14.4706,3472.9412,164.8015,391.1985,1381.5073,179.7426,68.2132,2126.3162,149.1471,908.5662
3284.4,3917.5,669.2698,18.614,0.3721,886.1954,38.3814,17.2093,3668.2231,132,900.1116,693.9163,83.3023,151.1814,2236.6279,214.1721,1490.6605
3317.8,3917.9,922.4558,3.1272,0.0106,390.4664,90.0671,13.2686,3315.2581,67.1237,877.3569,609.0283,186.0636,1016.0636,2461.7349,65.9753,3025.5476
3301.4,3918.6,842.1623,13.5942,0.0667,518.8724,362.713,15.4203,3149.1536,124.8522,384.3971,679.5826,71.4841,50.771,2160.8347,116.2522,835.8232
3335.3,3919.9,718.7114,0.8454,0.0206,438.2784,123.4948,16.0928,3525.0928,38.1134,827.7938,589.0103,94.1856,536.299,2302.0723,29.5464,2694.7114
3343.6,3920.5,917.12,16.8629,0,677.4915,60.08,6.8686,5474.0342,178.0171,1080.2172,753.1886,268.3429,1498.6971,2877.9087,174.6971,3891.0115
3289.7,3923.3,958.2051,12.7532,0.1955,466.0352,80.3429,23.1538,3591.282,92.1442,506.0801,397.1186,137.4359,51.0128,4318.7085,81.0641,1277.6443
3322.6,3924,854.1215,7.4625,0.2093,448.0517,442.248,10.5452,3007.2947,141.8191,466.0594,886.031,66.8837,180.2791,2333.1421,55.6873,1188.54
3297,3924.1,774.1261,4.982,0.027,881.0991,38.1081,16.5856,10428.1982,111.5676,614.2883,514.4595,82.5225,48.3694,2698.6306,81.0541,1158.8649
3334.3,3926.2,843.8333,5.914,0.8763,623.3253,32.5296,21.1989,5132.1855,385.8952,474.9758,429.3199,81.9946,72.7742,2588.4812,92.5027,1364.1747
3304.2,3926.2,926.7095,8.5676,0.1655,881.5878,134.8784,14.9122,7596.2061,138.3243,891.8412,693.1858,67.5608,56.4797,2203.9897,433.2162,912.277
3282,3927.6,1186.2922,24.7366,0.3868,520.3251,1411.5885,26.7531,3018.2429,140.5473,557.1111,1792.2551,79.2675,61.0864,2243.646,78.9465,957.4733
3312.3,3927.7,828.5263,16.6955,0.0526,638.5677,622.1128,22.0752,3228.6467,155.4699,1161.1842,999.1391,163.4286,58.203,2339.4172,119.3797,1704.3046
3297.3,3929.8,667.4722,0,0,57.3264,0,1.4236,2005.3195,0,211.9583,24.2639,0.7083,16.6944,1458.7778,0.7431,378.4097
3290.7,3931.8,734.943,2.7565,0.0415,424.3575,3.1295,4.5026,3007.9224,32.1399,299.6321,397.7824,34.6684,44.4974,1776.316,39.0725,902.3472
3304.2,3934.5,808.0265,0,0.0331,50.0066,0,6.0066,2393.1392,0,321.4106,42.0662,0,13.2848,1838.0928,0.2053,659.404
3341.4,3934.6,515.0073,9.0699,1.0404,675.2573,138.9816,18.4228,9816.2275,485.8272,419.5846,384.4706,83.5441,43.6213,2262.4963,103.6691,774.2758
3312.2,3936.1,854.4174,15.219,0.1405,375.1075,772.8636,13.4752,2742.2603,127.8306,907.0909,2466.2397,130.2107,52.9504,1876.0331,74.7686,1854.2356
3351.4,3936.9,702.304,22.2613,0.2965,380.8694,1846.5176,11.0226,2566.9724,245.9171,549.1759,1186.7085,67.9925,60.0528,1636.01,117.6307,830.4523
3323.2,3936.5,652.1612,6.2784,0.0989,413.4542,137,12.1685,3386.5496,107.1429,993.5311,533.9963,156.6886,93.3297,2101.8352,97.6337,2338.1099
3286.7,3938.1,916.8175,21.2883,0.0511,909.9562,21.2336,15.5766,3296.5293,109.1168,399.6058,823.1679,99.7847,160.4708,1958.0657,87.8577,904.9416
3306.7,3940.9,742.4161,0,0.1342,28.5302,1.5772,4.4228,2006.9261,0,289.6913,259.4295,0,17.9396,1759.7249,0,983.0671
3338.5,3941.3,700.5787,8.5602,5.7593,518.5324,31.5093,34.2269,3921.7964,1207.9445,383.8658,342.5972,105.7083,97.7963,2529.6667,143.8287,853.6065
3298.2,3941.3,711.7059,3.8941,0.0294,446.0529,5.3353,4.6824,4553.2529,53.3,194.4765,215.3882,26.9,38.6353,1505.6412,40.0353,355.6176
3321.2,3941.9,678.2747,7.4505,0.022,462.6154,18.3407,7.1209,3029.9561,102.1758,539.9011,375.4176,141.4396,396.5275,1920.4176,89.3077,1949.6154
3330.4,3943.2,690.3083,11.3521,0.2646,457.5896,24.1146,26.8375,3545.6167,196.175,795.6188,429.8333,283.6042,741.9167,2383.7666,113.1583,2051.6084
3318.1,3945.5,624.5258,11.3192,0.3521,367.0047,53.2629,15.6479,2898.1455,107.8873,716.6151,428.1502,235.5822,47.8498,2179.9202,86.5117,2739.8262
3356.3,3945.7,789.5,13.5254,0.0847,337.6864,27.4407,7.3983,3197.9492,109.5932,461.5169,378.4237,93.0847,90.0763,1380.9153,3618.6187,719.5255
3311.8,3946.1,581.1982,2.1351,0.2252,293.2703,134.0721,12.8649,3073.5586,38.7297,529.6216,374.4865,212.8649,30.7117,2052.3423,48.9369,2155.0452
3289.5,3949.2,746.0681,14.9796,0.0204,489.8095,41.449,15.6939,5814.7549,88.5986,368.5442,363.1021,100.8639,158.4898,1862.4897,84.068,942.6395
3297.8,3949.7,894.4222,19.2335,0.1257,437.1198,16.1976,13.8952,3493.3474,99.521,564.2695,370.2066,162.3293,100.2545,2049.5508,87.1347,1568.512
3352.2,3951.1,460.2085,8.1498,0.1107,298.9511,479.1498,19.7459,2258.0129,84.7655,675.9739,623.0717,132.0033,283.544,1806.9902,198.0456,1467.7687
3315.1,3951.3,635.6243,2.6061,2.3758,509.3152,7.8061,12.2909,2950.4546,153.2485,432.2788,428.4546,229.9212,42.8303,2097.5515,63.4242,1673.3939
3285.1,3952.7,531.6068,3.4607,0.1011,377.5056,11.9663,27.6067,3454.0225,56.7865,469.9101,343.3258,167.4607,551.8876,2240.8315,90.8876,1418.3258
3309.1,3953.3,597.6035,4.0632,0.1207,845.2012,22.0287,12.2701,2794.77,63.0402,554.7184,960.7471,119.3678,46.1034,2051.7815,58.3333,2115.1035
3321.8,3955.3,674.0039,7.5586,30.6211,497.1875,9.9961,23.2617,4249.4531,584.6094,348.0586,360.25,102.0156,49.582,2381.4453,110.2148,804.8828
3341.8,3955.1,839.5781,14.8776,0.0591,404.9494,60.3629,17.6709,2780.7383,140.3882,862.4894,483.7426,231.789,125.0633,2257.3882,113.6456,2157.3164
3281.1,3957.5,728.9096,8.7232,0.0226,348.8813,83.1638,12.9718,3266.7231,84.9266,364.7288,331.2938,73.5254,117.0508,1711.0677,89.1638,1138.017
3347.7,3958.4,923.4273,24.9648,0.1718,487.3833,1027.4493,30.4758,2756.6475,152.6916,995.2247,1275.0265,288.859,101.0308,2302.9648,116.467,2027.4802
3313.9,3959,656.1754,0.7532,0.1688,62.1234,0,3.6364,1708.0649,3.4286,245.539,29.9545,0.539,14.6104,1625.6428,1.7857,530.0389
3329.8,3958.9,732.5395,8.9211,2.6842,508.0921,12.9013,12.2993,4079,189.1414,542.2993,347.148,104.5,121.4836,2097.5493,81.8322,1143.9967
3298,3959.9,976.0126,33.4227,0.6467,1694.8833,63.2177,11.4069,4350.3345,150.1672,864.3312,1194.3501,84.5647,443.3123,2120.2334,85.4669,376.2618
3337.8,3961.5,742.1643,7.5321,0,371.4679,12.1214,12.0893,2841.2537,86.1429,707.5428,378.1179,322.5036,1356.6357,2469.0071,93.3357,1836.7964
3322.4,3963.7,654.3168,0,0.5743,64.604,0,3.604,2931.1782,2.505,190.5644,22.1287,0,17.3564,1937.7228,0,426.4951
3306.9,3964,585.6814,4.9027,0.177,774.0974,17.5929,7.5487,12006.9297,102.9292,554.2655,355.8584,24.0708,34.7876,1617.646,84.823,413.2036
3286.5,3963.8,842.1108,15.5538,0.1804,693.5,328.5253,16.3924,7765.0537,112.0285,368.674,563.5665,66.731,49.212,1829.4209,95.7437,482.4082
3332,3965.1,763.5763,2.9576,0.0932,330.839,1.2797,9.0254,2980.4238,32.8729,397.2712,218.1441,56.6525,145.7966,2083.3982,22.2966,1091.9576
3327.2,3967.5,609,0,0,107.5213,0.4362,8.1383,2384.5,0,480.2447,98.4468,0.8085,27.8511,1679.3723,1.3404,1005.1915
3294.9,3967.3,807.5695,19.6755,0.5629,585.0994,839.5165,18.6954,4309.7681,123.2318,263.9536,1342.6953,82.0861,56.5298,1934.8411,108.053,418.0464
3350.8,3967.4,621.4016,5.5389,0.0389,616.3238,14.7561,24.2357,3403.9548,65.6066,997.2049,735.1967,141.25,551.5328,2437.0737,86.5184,2255.5798
3303.2,3968.6,606.7712,4.572,0.1102,508.9831,84.7034,15.6568,3208.3855,73.7627,233.6398,363.589,53.4195,44.072,1669.6313,81.1102,512.8687
3310.8,3969.1,584.5154,4.1385,0.0308,757.0923,8.9692,9.3231,3369.1309,78.3769,280.4,1039.6077,43.5,41.2231,1887.1923,70.2,632.7308
3285.3,3971.2,753.9559,11.3971,0.0392,429.2255,86.7843,10.9363,4235.3726,89.3971,232.9706,328.2598,60.5049,47.1716,1668.0785,97,377.9608
3322.7,3972.4,894.0819,14.6164,0.0043,371.1121,15.0905,10.3448,2653.8577,107.4526,925.0431,468.6465,170.5259,175.4095,1707.6034,81.6207,2024.4397
3359,3972.7,483.0576,0,0.089,338.1309,0.0052,12.466,4164.4189,0.644,294.7278,127.8534,7.822,19.8534,1977.712,3.4031,678.822
3341.2,3973,583.089,3.9395,0.0819,517.4626,9.5587,18.9537,2946.2917,83.0107,932.8043,450.427,163.8648,80.9182,2004.6299,94.0818,3222.249
3300.1,3974.3,728.8949,12.3814,0.1832,497.1742,58.6456,19.1652,4836.9668,102.1622,405.8438,422.2913,62.8108,56.7357,1786.0841,80.5045,676.2733
3329.6,3976.1,783.897,15.3948,0.0343,398.073,15.6567,13.4077,2529.7253,101.824,595.5408,413.6137,215.6524,769.7167,1805.0128,95.1459,1605.0215
3310.7,3977.3,621.7404,9.6058,0.0385,1031.6923,9.2308,10.3942,3506.4231,118.4038,394.75,1432.6923,53.5481,45.7308,1963.7693,74.1827,827.5192
3363.7,3978.9,864.9061,11.7306,0.0571,278.6327,548.3143,9.2204,2658.9185,64.898,335.6735,966.4245,68.9878,68.7551,1515.8408,52.0367,1036.0164
3318,3979.2,716.792,11.4891,0.0949,1182.0292,49.9453,14.8832,5314.1973,146.3029,883.8212,1583.4745,88.0256,66.0182,2069.7957,97.6204,1508.5948
3339.7,3979.6,871.0519,21.8182,0,1191.3247,32.7143,23.6494,2875.0649,136.4026,805.1818,993.2208,129.0649,55.6493,2991.6753,100.2467,2836.7532
3303.3,3980.6,640.3406,5.7802,0,409.3407,23.0769,60.6044,4615.2749,136.3517,1461.3627,611.3846,217.1538,1105.4396,2201.8132,105.3626,2800.5386
3334.4,3982.8,1097.7373,30.3829,0.0443,632.0759,15.519,32.9051,2961.3101,139.8671,728.4051,622.9019,254.5127,96.4399,3313.5601,108.3861,2062.1772
3308.7,3982.9,542.9252,6.3469,0.0136,470.5238,11.4218,53.4082,2988.0476,92.3061,1459.6259,617.3469,334.3265,112.2449,2476.1904,105.1088,3500.9116
3302.5,3985.5,615.4503,7.6082,0.0468,545.3392,22.8947,45.2339,3684.1404,148.4211,2307.158,769.4854,250.7778,175.4678,2273.4795,114.4971,2366.1521
3285.8,3985.6,610.8071,9.4619,0.0558,413.7208,11.5685,15.5406,2607.0583,77.5558,391.5432,414.9188,65.2208,45.6675,1785.1421,89.7183,1102.3833
3358.2,3985.9,970.6577,17.7477,0.1381,456.2763,1367.4144,11.4685,3030.6245,133.8198,371.6907,1462.3904,90.6186,50.5556,1781.1021,79.9279,844.4415
3349.9,3986.7,683.851,8.5481,0.0673,353.25,176.4327,6.9279,2750.1826,78.5865,174.8942,419.0721,53.7837,39.5337,1325.4375,71.0096,386.4904
3316.6,3987.1,879.3686,20.7555,0.0219,1085.4343,165.4745,37,3400.5876,144.5474,801.5803,1941.0547,147.4818,101.2555,3245.0183,133.5146,2314.9963
3341.2,3987.9,591.8185,5.8387,0.1008,392.3629,13.3911,11.2621,2780.5847,68.7218,291.9395,317.9395,105.0121,37.9476,1713.2017,79.7903,945.4194
3365.2,3988.1,737.4591,10.566,0.1195,313.434,541.8679,10.9623,2772.4905,88.1509,236.8742,497.4277,62.5723,39.6226,1772.151,73.6604,585.8176
3331.7,3989.1,688.9231,10.3007,0.049,382.5664,34.2378,16.3706,2681.2798,86,779.7902,432.0909,183.951,79.6713,1827.0909,95.4825,2705.895
3369.7,3989.8,1265.9381,39.2124,0.0531,488.2301,89.2478,24.2832,3834.5664,183.354,415.4513,432.8584,235.4956,65.1858,2776.947,125.2478,940.3629
3300,3990.9,560.7755,10.4286,0.0476,297.2789,11.2517,20.1701,2345.8027,87.2381,1262.0272,488.5102,303.2109,39.9456,1741.4218,72.0068,1146.4286
3325.7,3992.7,680.9854,7.5439,0.0058,612.7836,86.9795,45.6404,5309.0059,107.1637,1051.193,754.0468,234.231,87.7924,2333.5176,169.9123,2753.7778
3353.3,3992.7,846.5615,16.5462,0.0923,895.0461,67.7231,6.6308,3197.0232,114.5692,271.1923,633.3384,74.0462,55.2615,1573.5,79.6923,662.9692
3308.4,3994.6,759.887,10.5152,0.0739,413.7739,12.9087,14.9957,3383.9871,102.7174,483.1239,358.1065,104.3761,47.637,2101.3586,90.1,838.3608
3316.9,3996.5,667.0951,3.9859,0.0528,519.4965,9.4824,16.0141,4738.3906,92.9613,409.507,320.3908,60.5387,36.8838,2127.2429,86.8345,867.2535
3285.7,3995.1,545.1476,4.819,0.0619,375.6,12.7667,34.0857,2442.5906,77.4333,734.3953,473.6095,150.3524,68.5571,2008.1095,89.819,1652.4429
3298.3,3998.6,782.4748,19.2662,0.2734,386.8453,658.4029,24.4173,2941.3777,124.8237,583.7122,954.9784,126.5108,43.4173,2015.7518,99.5576,1811.4712
3353.4,3998.9,1160.1754,33.7164,0.1418,728.4216,845.2426,18.1269,3790.332,154.1978,393.2985,1056.1343,119.9552,57.3843,2718.7463,243.0261,801.847
3369.8,3999.6,708.2281,9,0.0088,418.3596,10.5789,8.193,4102.1841,71.2719,182.3509,264.7632,50.7368,47.8596,1485.3334,79.9649,296.2719
3290.3,4001.3,597.6376,6.0688,0.0582,369.9603,62.5926,34.3466,2556.9312,103.0344,926.6243,515.0424,184.5714,41.0476,2122.6904,106.0714,2539.4709
3363.7,4001.1,616.5072,5.205,0.1115,419.7482,21.554,6.4281,6276.7085,69.9029,250.9784,275.5827,43.0971,37.9245,1469.41,67.5611,466.0612
3341.2,4001.7,652.4425,7.5747,0.1322,352.2758,14.7989,15.4023,3109.1782,91.9943,688.7357,390.2126,150.7529,370.0287,1858.5804,87.523,1791.5057
3306.1,4003.1,854.0824,21.3633,0.0936,553.5093,107.4831,13.6255,3228.543,136.1648,341.5656,412.9064,74.7903,52.4307,2037.2997,102.6704,402.6517
3332.2,4003.6,700.1498,6.1878,0.0084,431.7278,8.6899,15.4578,4238.709,80.5106,482.903,333.5527,68.5485,86.8354,2123.8564,91.0654,1180.7911
3318.7,4004.5,907.0979,18.1504,0.0664,1090.3112,17.0734,19.5909,5523.6782,159.1119,489.2587,387.8147,79.2483,57.2517,2441.2378,228.7937,898.8112
3351.5,4004.8,1260.157,55.4587,0.1281,763.2231,440.0744,29.2521,4041.3098,231.9587,679.938,880.3471,217.2066,79.2645,2703.8513,230.1322,1304.8306
3357.8,4008.6,730.1391,11,0.0331,506.5629,420.4106,14.5033,3054.7749,109.7483,579.596,1007.3907,177.0066,269.2185,1740.1722,84.4901,1788.2715
3324.3,4009.4,800.5198,6.7871,0.0842,1145.8416,7.2277,13.0594,6316.7671,97.4753,540.0495,376.7178,53.3861,43.8366,2208.8118,160.7525,943.7228
3349.1,4010.2,827.9918,10.8115,0.0082,722.8934,201.459,32.1148,3567.4343,142.6721,562.1721,709.2705,141.9344,43.7541,2066.2212,109.4754,1825.3032
3317.8,4011.4,541.5555,4.0463,0.1852,680.0555,8.9074,10.5278,9080.8242,58.1759,561.9259,343.2592,72.8981,48.4167,1930.787,80.8241,1115.1945
3341.4,4011.8,927.69,22.9533,0.0267,1393.63,15.1433,22.76,3604.6968,133.33,389.3067,1400.4833,114.1667,53.7167,2485.1133,94.26,1216.3334
3369.8,4012.5,557.9907,2.8333,0,284.3241,8.6019,9.4444,2890.1575,63.8519,499.4815,321.0926,150.6481,491.1111,1645.6482,89.9259,1714.9907
3361,4013,769.1149,18.5057,0,1191.1609,29.046,16.931,2965.2874,105.4713,632.7586,1759.6207,153.1839,342.3333,1981.7356,104.7701,2421.6897
3328.1,4013.4,1104.0909,0,0,289.8455,0,0,5622.6089,0,423.9546,1517.1818,3.6091,81.9,1313.6727,0,866.2727
3285,4013.4,736.5693,10.0949,6.1168,431.3723,13.9635,14.3139,3106.832,388.365,242.5036,271.0438,73.7956,47.6642,1956.854,94.5036,459.6934
3305.7,4013.8,500.6523,4.7866,0.1367,499.3501,18.94,5.8441,4958.6309,107.4868,206.0935,240.3261,33.0072,29.8369,1604.988,61.9592,307.4149
3291.5,4015.5,457.3091,4.3455,31.8364,429.9818,7.0182,41.3455,3640.9092,1717.6,190.2727,261.1091,324.2,66.2545,2243.291,191.0364,284.5636
3332.5,4015.8,665.6036,4.0671,0.1159,628.8171,8.5915,4.9207,7454.8965,65.6402,371.5854,409.5793,47.3476,38.1829,1557.2988,84.2927,653.3597
3348,4016.6,1101.8296,27.5625,0.2784,532.3693,15.3977,12.7443,6538.8184,189.3239,252.0966,1783.6193,112.4261,48.6364,1689.8068,80.4318,836.4489
3283.6,4017.9,703.3171,6.6585,0.1098,710.5122,13.7439,12.1098,9996.6338,183.2805,313.061,304.0732,53.6707,38.5366,2056.0244,75.2195,579.8415
3340.5,4018.7,958.6033,13.8268,0.0223,639.9609,12.1732,8.419,14054.877,109.8883,246.9721,417.8827,52.2961,45.5587,1693.3855,74.8156,383.8324
3353.4,4019.3,804.0562,4.5056,0,369.0786,7.4494,9.1573,3690.9214,100.7303,386.7865,542.9326,180.4719,60.2135,2069.3484,74.6404,1662.0225
3326.5,4019.6,780.9128,15.9186,0.0872,398.1977,10.8953,8.436,3064.6338,92.657,472.2209,375.5058,55.1163,39.5058,1680.4419,82.1802,1184.0233
3315.4,4020.6,509.7018,2.3918,0,713.4094,25.9942,8.9766,12814.1289,106.1696,552.4035,521.3158,25.1404,23.7485,1874.9474,66.2749,1330.0468
3321.2,4021.5,752.024,16.08,0,997.384,20.336,19.408,4279.3999,110.024,433.688,1517.5439,63.6,56.536,2393.792,99.976,926.536
3301.4,4023.2,551.7492,3.1621,0.2569,421.8838,7.948,6.8073,3063.9053,112.5994,202.9021,223.5566,27.2997,32.1284,1643.7859,78.2355,283.2722
3337,4024,904.92,8.304,0.04,437.448,8.776,12.504,4961.6001,154.872,643.048,417.384,79.224,45.928,1880.744,115.456,1816.536
3341.8,4024.9,844.4039,16.9423,0.1923,435.4519,12,7.0481,3303.5193,117.0481,204.1154,285.8462,65.2596,49.4615,1553.5096,70.5865,435.5769
3283.1,4025.2,733.3813,9.3381,0.3094,551.8345,129.7914,11.1511,4928.8779,106.0504,215.0719,578.8489,54.187,41.7266,2047.8849,96.036,366.9424
3352.1,4026.2,964.5938,20.2982,0.0668,1311.2057,15.4859,14.3111,4586.8535,120.2494,507.1003,1732.6453,96.9357,65.599,2585.9973,99.6941,879.4576
3331.2,4025.9,804.3965,7.4,0.0807,410.614,8.0351,27.8947,5171.6738,118.7825,1105.8315,501.2807,174.1824,100.2772,2135.2104,121.7579,2956.5894
3289.6,4026.5,872.0909,18.1364,0.6039,504.6104,1641.9871,11.6948,5189.3896,152.2597,202.974,1583.1688,57.1883,42.474,2023.6039,105.2013,316.3117
3310.9,4026.8,442.3333,2.6917,0.0833,369.5583,67.95,3.2167,3001.5083,61.35,240.7417,278.3083,25.8583,25.0833,1574.2583,69.35,473.0167
3368.4,4028.3,643.8616,6.4118,0.1903,782.7578,8.7474,7.7474,9440.4463,97.609,370.0277,407.4429,51.7128,40.0934,1785.3184,67.8339,288.4879
3297.9,4030.7,738.4337,11.8934,0.2227,432.6635,17.3104,9.6303,3908.4668,98.1659,174.2962,250.2109,48.5,41.9502,2000.7535,90.4976,226.3033
3380.3,4031.7,913.0095,18.2925,0,1094.3679,12.6038,7.8585,14569.3965,111.8962,208.1321,1211.6698,62.4811,45.6792,2015.4811,64.2642,243.2641
3341.8,4031.9,762.1537,10.2195,0.0122,485.0756,7.9902,14.4732,3433.8828,94.9171,516.9268,435.1024,82.7976,133.8439,2230.3901,91.2561,1192.1537
3283.7,4034.1,771.2892,18.2537,0.3526,885.4776,28.5037,8.6586,5881.1587,130.334,215.0672,724.6866,58.8246,49.153,1859.9347,111.3694,253.1045
3364.5,4034.3,573.4191,3.5517,0.0955,477.557,44.13,15.0053,6158.5093,74.2865,527.0424,359.5915,82.4987,320.0637,1862.3315,95.7162,1562.4695
3325.8,4033.9,756.0242,14.1964,0.0091,372.7885,11.7915,17.29,2859.5347,134.5589,1244.287,535.4653,198.1088,80.8429,1981.6344,149.713,3003.2446
3306,4035.1,729.4279,11.7729,0.1179,775.6245,8.0611,6.1485,9850.2754,108.3231,243.524,274.1485,40.4629,39.8428,2265.4497,107.0262,249.3232
3349.3,4035.3,569.8734,8.6582,0.0506,627,15.6076,19.0127,12111.4053,125.0506,1565.9241,673.6582,166.1899,35.3291,1945.3164,99.3165,2474.9368
3333.4,4035.6,869.8876,11.2509,0.0262,396.1723,9.9888,29.8614,3144.9326,130.5094,1117.1385,523.191,260.4195,1036.2059,2499.4832,135.1086,2757.2246
3345,4039.6,739.5888,20.986,0.014,490.4299,13.8972,9.6075,3891.8738,125.6075,1022.5841,474.0234,86.7897,45.6963,1830.6495,108.6449,2585.9907
3381.1,4040.2,517.4589,3.4199,0.0173,626.8182,6.3723,7.671,3272.6882,64.2294,350.1342,554.9567,76.9784,32.4329,1633.5454,68.4156,718.3506
3319.9,4039.9,1011.3069,24.0792,0.0099,353.9851,9.7475,3.5347,3331.2129,123.2228,377.7574,326.0742,63.7079,77.0941,1270.3317,3991.3367,683.2426
3363.4,4042.3,574.0222,8.8444,0,562.2333,19.3556,4.7556,3118.0334,85.8667,388.1889,275.8222,45.6889,35.5333,1596.7667,78.5111,859.7889
3334.7,4043.1,841.1943,14.3322,0.0141,412.1307,10.7385,21.2509,3009.8762,124.3498,839.0283,451.8728,176.5265,384.2791,2018.9329,119.0035,2921.3569
3341.1,4048.4,872.0104,17.4152,1.4291,633.5952,14.827,14.4567,4089.1487,159.0761,498.308,366.6955,95.6125,98.2561,2007.5917,150.2734,1188.8997
3320.5,4048.2,616.0576,5.9604,11.277,323.723,6.4317,6.7122,2629.1726,163.1403,200.0396,254.7518,40.8561,34.1655,1569.7302,105.9352,260.7482
3370.4,4048.4,547.4573,5.6327,0.1161,401.9834,31.7583,7.9645,3806.5261,90.0948,936.0829,469.5308,139.981,270.4194,1649.2843,83.09,2264.0142
3329.7,4048.7,991.9101,23.368,10.5927,1488.8877,12.7079,10.0112,6149.9185,239.0449,417.809,1206.2444,101.4073,304.9101,2421.1685,104.8792,1155.177
3298.7,4050.3,696.2319,420.8464,443.4458,334.994,4.9277,8.4337,3243.6387,62.5181,108.238,207.4428,31.1386,38.5301,1593.0331,72.8102,103.4578
3349.5,4051,545.7704,2.9333,0.8667,473.6444,33.5852,11.9926,3318.6074,70.9185,485.6593,322.6296,73.9556,535.6815,1754.3334,169.3407,1062.4889
3378.9,4051.5,636.3059,0,0,79.6706,0,0.1529,1602.2471,0,199.2118,194.5882,0,33.1529,802.3882,1.4353,281.4353
3361.5,4052,1273.199,37.1845,0.1505,508.0049,1905.8883,17.5097,3788.7622,184.2136,759.9806,1895.4077,117.7573,80.932,2224.7185,136.034,1700.9514
3328.1,4054.9,978.8448,19.5431,20.6724,1165.0948,11.1293,13.8879,8046.6294,269.6897,284.5431,679.7672,88.3534,79.4655,2231.0432,115.5259,322.1552
3355.4,4054.2,1190.4404,24.3161,3.7098,786.1761,2246.5027,16.3109,4655.062,226.0363,505.6736,2386,103.8135,93.4974,2328.658,479.2643,781.0984
3341.8,4056.6,742.4117,11.5588,0.2157,468.7451,19.4118,12.2549,5219.2744,195,367.0981,321.0196,65.549,45.902,3259.0293,118.9216,832.049
3375.5,4057.3,826.9924,12.374,0.1832,647.9084,56.9466,11.6031,6753.8701,144.3588,453.5573,411.1832,44.8779,216.9542,1981.5725,74.8168,857.5496
3315.7,4058.2,428.5082,6.9754,0.3115,257.9713,8.623,5.8811,2427.8484,160.5861,123.0287,166.5246,28.3443,26.7008,1641.459,65.7213,188.3566
3352.6,4059,1007.7476,29,0.7573,642.7281,322.2233,16.9806,3686.4661,158.4272,373.1942,1151.6893,84.5534,53.7864,1872.4077,337.4175,596.6602
3330.2,4059.8,738.7684,5.2211,0.0632,667.7789,11.2526,9.9474,15147.6631,105.5263,288.1474,308.0842,46.2421,41.2842,2023.4736,98.1789,411.9368
3302.9,4060.3,553.3924,4.8481,0.0253,245.481,4.8608,3.1266,2568.8354,62.2152,103.7468,172.3291,18.1392,27.6835,1381.9241,66.9873,160.8608
3357.9,4061.8,1154.3828,35.5646,0.5981,702.1292,533.1627,21.3158,5593.0957,188.1148,495.1818,1431.9617,97.6029,59.311,2430.2297,139.3684,1068.0144
3296.8,4064.3,772.5185,15.2852,0,346.1815,5.6852,4.4222,2916.9705,93.1111,116.4482,294.9333,49.8481,38.6444,1801.3629,73.7778,111.0444
3369.3,4064.4,889.8415,849.1545,411.0732,410.7561,17.6301,9.6951,3620.2358,92.4919,167.2195,276.5366,55.9228,42.0285,1754.3292,96.6707,257.7724
3388.3,4064.5,695.0915,14.6144,0.0915,380.9738,106.1895,3.5033,3892.9282,70.7712,193.3072,357.0784,45.0588,56.1569,1301.8823,2955.0784,504
3338.4,4067,601.913,5.2609,0.0652,310.8044,5.4565,10.6739,2532.9783,76.8913,650.2174,329.4348,175.5435,27.587,1764.1957,69.3261,1637.0869
3363.3,4067.7,908.6094,102.2227,54.3594,415.7383,14.5898,11.668,3699.543,99.7773,195.5312,297.6641,56.5977,59.1016,2315.3477,102.168,413.3164
3347,4067.5,962.9483,21.4655,0.0172,903.4885,23.0632,16.4483,10249.707,132.5402,418.5402,391.2644,62.3736,51.0057,2429.0977,133.0345,473.2644
3325.9,4068.6,645.1993,13.4281,0.1438,339.915,6.781,7.1895,2265.3628,83.6536,143.6144,210.6895,42.9281,36.2516,1726.0555,65.8529,210.732
3317.7,4068.9,533.9452,4.3516,0,306.7854,5.2831,5.9909,2265.0959,62.6073,124.6804,182.7123,27.0731,26.4977,1599.968,52.347,174.1187
3290.5,4069.6,614.168,9.5664,0.0625,344.8008,6.1172,10.0078,2663.2656,57.332,98.8867,284.5156,31.4805,57.7852,1636.3008,65.8633,105.1055
3394.3,4069.8,704.5611,532.1403,165.448,369.095,11.6878,5.8371,3128.0725,71.1131,152.2624,241.5701,32.276,33.4299,1434.8868,93.9457,499.724
3299.9,4071.5,794.4861,19.8696,0.0356,372.6205,5.2372,5.8063,1994.1818,82.9526,100.1976,349.6443,53.83,35.3953,1264.9684,69.5771,95.1739
3337.9,4072.6,577.0403,8.75,0.0202,381.1371,8.5968,16.4153,2647.6855,103.0081,742.125,500.6492,191.2944,43.4556,1798.3589,92.1452,1673.3104
3353.2,4073.1,671.5292,12.9725,0.0893,377.6907,20.6735,16.2131,2805.6082,90.5292,342.2371,308.8454,65.9003,73.5842,1780.0206,79.7491,1042.0515
3391.9,4075.9,644.9406,15.703,2.3663,562.0891,11.2475,13.3366,6039.0298,87.8911,153.3267,228.9406,37.4257,40.2178,1919.0594,95.3564,230.5545
3383.6,4076.4,740.1381,20.1602,0.8343,583.8177,12.4254,11.9227,9644.6572,96.2818,237,282.5691,50.895,38.5193,1942.1381,104.1823,1074.1713
3309.2,4076.7,497.2483,1.4828,0,222.469,2.6897,2.4759,2005.3103,23.5517,88.4207,152.4828,10.0897,20.7241,1211.6689,41.5103,118.9793
3300,4078.1,733.1222,12.8407,0.1185,276.2926,5.9519,6.0037,2531.7852,72.0074,125.2778,211.3852,42.6852,39.7037,1553.037,66.0852,129.0518
3358.8,4079.6,823.3654,20.6442,0.0096,579.9039,1474.9038,13.9038,2890.6057,147.5577,222.0096,1198.1443,65.7115,48.9038,1810.3654,96.125,441.0577
3332.2,4079.6,483.5555,5.2222,0,351.4815,7.3333,6.0556,2375.2407,74.7963,383,349.2778,154.7593,383.463,1371.1296,81.7222,1188.463
3389.2,4081,894.0773,19.4227,0.0567,437.2113,17.0464,23.1392,3998.1133,149.3918,226.5103,280.3454,137.6237,64.4588,2372.1804,106.4175,754.634
3374.6,4080.6,775.415,11.9932,0.1088,384.136,317.1769,29.1156,3744.3333,117.0748,630.0136,627.5374,238.5918,320.4898,2140.585,118.9184,2603.864
3312.9,4082.3,612.3322,7.3733,0.089,266.9212,2.9452,5.6884,2394.822,61.5856,138.1199,192.8664,34.4144,34.226,1459.5343,72.3116,220.75
3336.7,4081.7,620.1923,6.9017,0.188,881.4658,10.0214,19.9231,2115.8462,110.1496,491.5983,1500.9487,117.3077,286.7051,1646.2992,96.1667,1416.9615
3354.2,4083,1096.6125,38.4938,0.075,1418.4125,214.5375,19.4375,2656.5938,156.2625,308.4312,2060.8813,102.2875,105.6312,2207.125,103.2063,785.6312
3396.8,4084.3,1041.8795,28.8193,0,500.3885,16.488,15.8494,5297.7441,369.3584,176.7319,294.7801,147.747,1485.6476,2276.1626,159.5843,345.7771
3378.9,4085.5,777.015,13.6692,0.3233,352.5865,166.9549,22.1654,3499.3308,103.3383,437.1429,438.9398,272.7519,45.4361,2124.4736,103.3835,1241.3984
3370.9,4086,1428.1165,40.988,0.1004,464.0241,1794.7992,24.755,3229.8474,225.3695,469.0402,2400.2651,239.7992,630.7269,2353.9678,239.6988,1354.5784
3364.9,4085.9,1248.6266,36.1582,0.4937,544.4367,2188.0254,15.7722,3193.0632,183.8861,326.5127,1886.8038,85.4873,72.0949,1920.4684,429.5696,586.6013
3358.8,4087,972.0635,18.7037,0.0317,634.5132,183.8571,9.6508,2872.4919,131.2116,183.963,416.873,66.4656,49.1058,1951.2063,210.3122,254.6138
3321.9,4087.5,367.6397,1.9926,0,199.9044,1.4044,2.5809,2136.2573,18.4338,110.2132,144.0147,8.7868,19.8529,1265.1104,38.9412,234.7059
3340.4,4089.4,716.157,12.5397,0.0307,402.861,6.0054,10.1209,2233.5542,82.639,211.3159,330.3791,44.352,36.7274,1755.9043,72.7076,512.343
3361.7,4091.2,866.2267,21.76,0.44,1117.9333,73.2,14.1067,4556.48,139.6133,374.52,409.52,74.56,56.6,2039.2933,922.6934,257.0133
3391.8,4093.4,631.8314,8.0258,0.0398,497.7892,20.4637,9.8244,3671.4988,111.6628,261.7213,265.7963,43.822,49.7049,1750.37,239.1475,463.8618
3355.9,4096.4,845.2547,17.8491,0.0755,347.3915,10.5943,5.8538,2375.0708,91.7311,167.2594,254.2123,55.066,39.6132,1588.4575,117.4764,192.6321
3341.3,4098.4,587.8484,6.3484,0,299.1311,4.8689,5.8811,2024.7992,58.3852,167.8033,199.6352,25.291,34.9139,1354.3647,90.9344,197.7008
3367,4099.1,823.3446,11.6081,0.1689,305.4527,8.0473,3.6554,4163.0879,87.3513,268.0811,311.9527,53.8716,53.473,1263.4324,5848.6421,565.6689
3372.6,4099.6,667.4578,8.7831,0.012,323.759,10.7108,8.3976,3241.7952,75.7108,142.0482,228.3855,30.9277,43.1566,1857.7108,1814.9398,243.9277
3349.6,4101.1,1290.026,55.9635,0.1771,843.7239,19.2188,9.0156,3555.1094,170.151,180.9635,1142.2396,107.3646,60.3542,2379.0625,340.901,169.6875
3362.5,4105,592.9756,3.0732,0.561,257.9024,10.5366,4.6098,2277.1221,70,116.5122,172.7561,24.4878,22.878,1349.3903,122.2683,263.7317
3393.8,4105,534.3868,3.3504,0.1241,370.4963,3.3139,7.8029,2826.854,69.927,194.3066,214.4818,22.5912,32.1241,1380.5693,69.4015,386.6205
3351.5,4107,799.715,12.2043,0.0753,358.7419,5.3978,3.3871,2587.1021,74.2043,119.8656,252.7957,42.2419,38.1613,1413.1344,200.4516,125.8763
3381.6,4114.1,502.6118,6.6118,0,274.8,6.4471,4.8118,2760.9058,44.6471,98.9765,166.2353,16.7176,19.5647,1654.6353,72.2824,170.7765
3375.8,4116.7,1030,31.5723,0.0751,504.3988,7.2312,7.1792,5918.4741,111.6301,147.2428,279.0867,57.3642,47.5896,1398.5665,469.0231,100.948
